INSERT INTO application_message VALUES (208, 'Airtime pooling enabled for this sub', sysdate, sysdate, user);
INSERT INTO ADAPTED_MESSAGE(APPLICATION_MESSAGE_ID, ADAPTED_MESSAGE_SEQ, MESSAGE_TEXT, APPLICATION_ID, AUDIENCE_TYPE_ID, LANGUAGE_CD, MESSAGE_TYPE_ID, LOAD_DT, UPDATE_DT, USER_LAST_MODIFY, BRAND_ID)  VALUES ( 208, 1, 'Local Air Interconnect: Minute pooling has been enabled for this subscriber.', 0, null, 'EN', 1, sysdate, sysdate, user, null);
INSERT INTO ADAPTED_MESSAGE(APPLICATION_MESSAGE_ID, ADAPTED_MESSAGE_SEQ, MESSAGE_TEXT, APPLICATION_ID, AUDIENCE_TYPE_ID, LANGUAGE_CD, MESSAGE_TYPE_ID, LOAD_DT, UPDATE_DT, USER_LAST_MODIFY, BRAND_ID)  VALUES ( 208, 2, 'Appels locaux - Interconnexion: Le forfait de fusion de minutes a été ajouté au compte de cet abonné.', 0, null, 'FR', 1, sysdate, sysdate, user, null);
INSERT INTO ADAPTED_MESSAGE(APPLICATION_MESSAGE_ID, ADAPTED_MESSAGE_SEQ, MESSAGE_TEXT, APPLICATION_ID, AUDIENCE_TYPE_ID, LANGUAGE_CD, MESSAGE_TYPE_ID, LOAD_DT, UPDATE_DT, USER_LAST_MODIFY, BRAND_ID)  VALUES ( 208, 3, 'Local Air Interconnect: Minute pooling has been enabled for this subscriber.', 3, null, 'EN', 1, sysdate, sysdate, user, null);
INSERT INTO ADAPTED_MESSAGE(APPLICATION_MESSAGE_ID, ADAPTED_MESSAGE_SEQ, MESSAGE_TEXT, APPLICATION_ID, AUDIENCE_TYPE_ID, LANGUAGE_CD, MESSAGE_TYPE_ID, LOAD_DT, UPDATE_DT, USER_LAST_MODIFY, BRAND_ID)  VALUES ( 208, 4, 'Appels locaux - Interconnexion: Le forfait de fusion de minutes a été ajouté au compte de cet abonné.', 3, null, 'FR', 1, sysdate, sysdate, user, null);
INSERT INTO ADAPTED_MESSAGE(APPLICATION_MESSAGE_ID, ADAPTED_MESSAGE_SEQ, MESSAGE_TEXT, APPLICATION_ID, AUDIENCE_TYPE_ID, LANGUAGE_CD, MESSAGE_TYPE_ID, LOAD_DT, UPDATE_DT, USER_LAST_MODIFY, BRAND_ID)  VALUES ( 208, 5, 'Local Air Interconnect: Minute pooling has been enabled for your number.', 3, 3, 'EN', 1, sysdate, sysdate, user, null);
INSERT INTO ADAPTED_MESSAGE(APPLICATION_MESSAGE_ID, ADAPTED_MESSAGE_SEQ, MESSAGE_TEXT, APPLICATION_ID, AUDIENCE_TYPE_ID, LANGUAGE_CD, MESSAGE_TYPE_ID, LOAD_DT, UPDATE_DT, USER_LAST_MODIFY, BRAND_ID)  VALUES ( 208, 6, 'Appels locaux - Interconnexion: Le forfait de fusion de minutes a été ajouté à votre compte.', 3, 3, 'FR', 1, sysdate, sysdate, user, null);
INSERT INTO application_error
  VALUES ( 0,'MP-EN-AT', 208, 'Airtime pooling enabled for this sub', sysdate, sysdate, user);
  
INSERT INTO application_message VALUES (209, 'Additional Airtime subs should be added', sysdate, sysdate, user);
INSERT INTO ADAPTED_MESSAGE(APPLICATION_MESSAGE_ID, ADAPTED_MESSAGE_SEQ, MESSAGE_TEXT, APPLICATION_ID, AUDIENCE_TYPE_ID, LANGUAGE_CD, MESSAGE_TYPE_ID, LOAD_DT, UPDATE_DT, USER_LAST_MODIFY, BRAND_ID)  VALUES ( 209, 1, 'Local Air Interconnect: To benefit from pooling, you should add additional pool-enabled subscribers to this account.', 0, null, 'EN', 1, sysdate, sysdate, user, null);
INSERT INTO ADAPTED_MESSAGE(APPLICATION_MESSAGE_ID, ADAPTED_MESSAGE_SEQ, MESSAGE_TEXT, APPLICATION_ID, AUDIENCE_TYPE_ID, LANGUAGE_CD, MESSAGE_TYPE_ID, LOAD_DT, UPDATE_DT, USER_LAST_MODIFY, BRAND_ID)  VALUES ( 209, 2, 'Appels locaux - Interconnexion: Pour bénéficier du forfait de fusion de minutes, vous devez ajouter d’autres abonnés au compte qui seront autorisés à partager le lot de minutes.', 0, null, 'FR', 1, sysdate, sysdate, user, null);
INSERT INTO ADAPTED_MESSAGE(APPLICATION_MESSAGE_ID, ADAPTED_MESSAGE_SEQ, MESSAGE_TEXT, APPLICATION_ID, AUDIENCE_TYPE_ID, LANGUAGE_CD, MESSAGE_TYPE_ID, LOAD_DT, UPDATE_DT, USER_LAST_MODIFY, BRAND_ID)  VALUES ( 209, 3, 'Local Air Interconnect: To benefit from pooling, you should add additional pool-enabled subscribers to this account.', 1, null, 'EN', 3, sysdate, sysdate, user, null);
INSERT INTO ADAPTED_MESSAGE(APPLICATION_MESSAGE_ID, ADAPTED_MESSAGE_SEQ, MESSAGE_TEXT, APPLICATION_ID, AUDIENCE_TYPE_ID, LANGUAGE_CD, MESSAGE_TYPE_ID, LOAD_DT, UPDATE_DT, USER_LAST_MODIFY, BRAND_ID)  VALUES ( 209, 4, 'Appels locaux - Interconnexion: Pour bénéficier du forfait de fusion de minutes, vous devez ajouter d’autres abonnés au compte qui seront autorisés à partager le lot de minutes.', 1, null, 'FR', 3, sysdate, sysdate, user, null);
INSERT INTO ADAPTED_MESSAGE(APPLICATION_MESSAGE_ID, ADAPTED_MESSAGE_SEQ, MESSAGE_TEXT, APPLICATION_ID, AUDIENCE_TYPE_ID, LANGUAGE_CD, MESSAGE_TYPE_ID, LOAD_DT, UPDATE_DT, USER_LAST_MODIFY, BRAND_ID)  VALUES ( 209, 5, 'Local Air Interconnect: To benefit from pooling, you should add additional pool-enabled subscribers to this account.', 2, null, 'EN', 3, sysdate, sysdate, user, null);
INSERT INTO ADAPTED_MESSAGE(APPLICATION_MESSAGE_ID, ADAPTED_MESSAGE_SEQ, MESSAGE_TEXT, APPLICATION_ID, AUDIENCE_TYPE_ID, LANGUAGE_CD, MESSAGE_TYPE_ID, LOAD_DT, UPDATE_DT, USER_LAST_MODIFY, BRAND_ID)  VALUES ( 209, 6, 'Appels locaux - Interconnexion: Pour bénéficier du forfait de fusion de minutes, vous devez ajouter d’autres abonnés au compte qui seront autorisés à partager le lot de minutes.', 2, null, 'FR', 3, sysdate, sysdate, user, null);
INSERT INTO ADAPTED_MESSAGE(APPLICATION_MESSAGE_ID, ADAPTED_MESSAGE_SEQ, MESSAGE_TEXT, APPLICATION_ID, AUDIENCE_TYPE_ID, LANGUAGE_CD, MESSAGE_TYPE_ID, LOAD_DT, UPDATE_DT, USER_LAST_MODIFY, BRAND_ID)  VALUES ( 209, 7, 'Local Air Interconnect: To benefit from pooling, you should add additional pool-enabled subscribers to this account.', 3, null, 'EN', 3, sysdate, sysdate, user, null);
INSERT INTO ADAPTED_MESSAGE(APPLICATION_MESSAGE_ID, ADAPTED_MESSAGE_SEQ, MESSAGE_TEXT, APPLICATION_ID, AUDIENCE_TYPE_ID, LANGUAGE_CD, MESSAGE_TYPE_ID, LOAD_DT, UPDATE_DT, USER_LAST_MODIFY, BRAND_ID)  VALUES ( 209, 8, 'Appels locaux - Interconnexion: Pour bénéficier du forfait de fusion de minutes, vous devez ajouter d’autres abonnés au compte qui seront autorisés à partager le lot de minutes.', 3, null, 'FR', 3, sysdate, sysdate, user, null);
INSERT INTO application_error
  VALUES ( 0,'MP-ADD-AT', 209, 'Airtime pooling enabled for this sub', sysdate, sysdate, user);
  
INSERT INTO application_message VALUES (210, 'Additional Airtime subs should be added to new account', sysdate, sysdate, user);
INSERT INTO ADAPTED_MESSAGE(APPLICATION_MESSAGE_ID, ADAPTED_MESSAGE_SEQ, MESSAGE_TEXT, APPLICATION_ID, AUDIENCE_TYPE_ID, LANGUAGE_CD, MESSAGE_TYPE_ID, LOAD_DT, UPDATE_DT, USER_LAST_MODIFY, BRAND_ID)  VALUES ( 210, 1, 'Local Air Interconnect: To benefit from pooling, you should add additional pool-enabled subscribers to the target pool.', 0, null, 'EN', 3, sysdate, sysdate, user, null);
INSERT INTO ADAPTED_MESSAGE(APPLICATION_MESSAGE_ID, ADAPTED_MESSAGE_SEQ, MESSAGE_TEXT, APPLICATION_ID, AUDIENCE_TYPE_ID, LANGUAGE_CD, MESSAGE_TYPE_ID, LOAD_DT, UPDATE_DT, USER_LAST_MODIFY, BRAND_ID)  VALUES ( 210, 2, 'Appels locaux - Interconnexion: Pour bénéficier du forfait de fusion de minutes, vous devez ajouter d’autres abonnés qui seront autorisés à partager le lot de minutes.', 0, null, 'FR', 3, sysdate, sysdate, user, null);
INSERT INTO application_error
  VALUES ( 0,'MP-ADDTOWN-AT', 210, 'Additional Airtime subs should be added to new account', sysdate, sysdate, user);
  
INSERT INTO application_message VALUES (211, 'Now you can pool with others (Airtime)', sysdate, sysdate, user);
INSERT INTO ADAPTED_MESSAGE(APPLICATION_MESSAGE_ID, ADAPTED_MESSAGE_SEQ, MESSAGE_TEXT, APPLICATION_ID, AUDIENCE_TYPE_ID, LANGUAGE_CD, MESSAGE_TYPE_ID, LOAD_DT, UPDATE_DT, USER_LAST_MODIFY, BRAND_ID)  VALUES ( 211, 1, 'Local Air Interconnect: This subscriber will now pool minutes with other pool-enabled subscribers in this pool.', 0, null, 'EN', 1, sysdate, sysdate, user, null);
INSERT INTO ADAPTED_MESSAGE(APPLICATION_MESSAGE_ID, ADAPTED_MESSAGE_SEQ, MESSAGE_TEXT, APPLICATION_ID, AUDIENCE_TYPE_ID, LANGUAGE_CD, MESSAGE_TYPE_ID, LOAD_DT, UPDATE_DT, USER_LAST_MODIFY, BRAND_ID)  VALUES ( 211, 2, 'Appels locaux - Interconnexion: Cet abonné bénéficie maintenant du forfait de fusion de minutes avec les autres abonnés inscrits à ce compte.', 0, null, 'FR', 1, sysdate, sysdate, user, null);
INSERT INTO ADAPTED_MESSAGE(APPLICATION_MESSAGE_ID, ADAPTED_MESSAGE_SEQ, MESSAGE_TEXT, APPLICATION_ID, AUDIENCE_TYPE_ID, LANGUAGE_CD, MESSAGE_TYPE_ID, LOAD_DT, UPDATE_DT, USER_LAST_MODIFY, BRAND_ID)  VALUES ( 211, 3, 'Local Air Interconnect: This subscriber will now pool minutes with other pool-enabled subscribers in this pool.', 3, null, 'EN', 1, sysdate, sysdate, user, null);
INSERT INTO ADAPTED_MESSAGE(APPLICATION_MESSAGE_ID, ADAPTED_MESSAGE_SEQ, MESSAGE_TEXT, APPLICATION_ID, AUDIENCE_TYPE_ID, LANGUAGE_CD, MESSAGE_TYPE_ID, LOAD_DT, UPDATE_DT, USER_LAST_MODIFY, BRAND_ID)  VALUES ( 211, 4, 'Appels locaux - Interconnexion: Cet abonné bénéficie maintenant du forfait de fusion de minutes avec les autres abonnés inscrits à ce compte.', 3, null, 'FR', 1, sysdate, sysdate, user, null);
INSERT INTO ADAPTED_MESSAGE(APPLICATION_MESSAGE_ID, ADAPTED_MESSAGE_SEQ, MESSAGE_TEXT, APPLICATION_ID, AUDIENCE_TYPE_ID, LANGUAGE_CD, MESSAGE_TYPE_ID, LOAD_DT, UPDATE_DT, USER_LAST_MODIFY, BRAND_ID)  VALUES ( 211, 5, 'Local Air Interconnect: You will now pool minutes with other pool-enabled subscribers in this pool.', 3, 3, 'EN', 1, sysdate, sysdate, user, null);
INSERT INTO ADAPTED_MESSAGE(APPLICATION_MESSAGE_ID, ADAPTED_MESSAGE_SEQ, MESSAGE_TEXT, APPLICATION_ID, AUDIENCE_TYPE_ID, LANGUAGE_CD, MESSAGE_TYPE_ID, LOAD_DT, UPDATE_DT, USER_LAST_MODIFY, BRAND_ID)  VALUES ( 211, 6, 'Appels locaux - Interconnexion: Vous bénéficiez maintenant du forfait de fusion de minutes avec les autres abonnés inscrits à ce compte.', 3, 3, 'FR', 1, sysdate, sysdate, user, null);
INSERT INTO ADAPTED_MESSAGE(APPLICATION_MESSAGE_ID, ADAPTED_MESSAGE_SEQ, MESSAGE_TEXT, APPLICATION_ID, AUDIENCE_TYPE_ID, LANGUAGE_CD, MESSAGE_TYPE_ID, LOAD_DT, UPDATE_DT, USER_LAST_MODIFY, BRAND_ID)  VALUES ( 211, 7, 'Local Air Interconnect: You will now pool minutes with other pool-enabled subscribers in this pool.', 9, null, 'EN', 1, sysdate, sysdate, user, null);
INSERT INTO ADAPTED_MESSAGE(APPLICATION_MESSAGE_ID, ADAPTED_MESSAGE_SEQ, MESSAGE_TEXT, APPLICATION_ID, AUDIENCE_TYPE_ID, LANGUAGE_CD, MESSAGE_TYPE_ID, LOAD_DT, UPDATE_DT, USER_LAST_MODIFY, BRAND_ID)  VALUES ( 211, 8, 'Appels locaux - Interconnexion: Vous bénéficiez maintenant du forfait de fusion de minutes avec les autres abonnés inscrits à ce compte.', 9, null, 'FR', 1, sysdate, sysdate, user, null);
INSERT INTO application_error
  VALUES ( 0,'MP-PWO-AT', 211, 'Now you can pool with others (Airtime)', sysdate, sysdate, user);
  
INSERT INTO application_message VALUES (212, 'Disable Airtime pooling on this sub', sysdate, sysdate, user);
INSERT INTO ADAPTED_MESSAGE(APPLICATION_MESSAGE_ID, ADAPTED_MESSAGE_SEQ, MESSAGE_TEXT, APPLICATION_ID, AUDIENCE_TYPE_ID, LANGUAGE_CD, MESSAGE_TYPE_ID, LOAD_DT, UPDATE_DT, USER_LAST_MODIFY, BRAND_ID)  VALUES ( 212, 1, 'Local Air Interconnect: Minute pooling will be disabled. This subscriber will no longer pool minutes with other pool-enabled subscribers in this pool.', 0, null, 'EN', 1, sysdate, sysdate, user, null);
INSERT INTO ADAPTED_MESSAGE(APPLICATION_MESSAGE_ID, ADAPTED_MESSAGE_SEQ, MESSAGE_TEXT, APPLICATION_ID, AUDIENCE_TYPE_ID, LANGUAGE_CD, MESSAGE_TYPE_ID, LOAD_DT, UPDATE_DT, USER_LAST_MODIFY, BRAND_ID)  VALUES ( 212, 2, 'Appels locaux - Interconnexion: Le partage de minutes sera désactivé. Cet abonné ne sera plus en mesure de partager le lot de minutes avec d’autres abonnés inscrits au compte.', 0, null, 'FR', 1, sysdate, sysdate, user, null);
INSERT INTO ADAPTED_MESSAGE(APPLICATION_MESSAGE_ID, ADAPTED_MESSAGE_SEQ, MESSAGE_TEXT, APPLICATION_ID, AUDIENCE_TYPE_ID, LANGUAGE_CD, MESSAGE_TYPE_ID, LOAD_DT, UPDATE_DT, USER_LAST_MODIFY, BRAND_ID)  VALUES ( 212, 3, 'Local Air Interconnect: Minute pooling will be disabled. This subscriber will no longer pool minutes with other pool-enabled subscribers in this pool.', 3, null, 'EN', 1, sysdate, sysdate, user, null);
INSERT INTO ADAPTED_MESSAGE(APPLICATION_MESSAGE_ID, ADAPTED_MESSAGE_SEQ, MESSAGE_TEXT, APPLICATION_ID, AUDIENCE_TYPE_ID, LANGUAGE_CD, MESSAGE_TYPE_ID, LOAD_DT, UPDATE_DT, USER_LAST_MODIFY, BRAND_ID)  VALUES ( 212, 4, 'Appels locaux - Interconnexion: Le partage de minutes sera désactivé. Cet abonné ne sera plus en mesure de partager le lot de minutes avec d’autres abonnés inscrits au compte.', 3, null, 'FR', 1, sysdate, sysdate, user, null);
INSERT INTO ADAPTED_MESSAGE(APPLICATION_MESSAGE_ID, ADAPTED_MESSAGE_SEQ, MESSAGE_TEXT, APPLICATION_ID, AUDIENCE_TYPE_ID, LANGUAGE_CD, MESSAGE_TYPE_ID, LOAD_DT, UPDATE_DT, USER_LAST_MODIFY, BRAND_ID)  VALUES ( 212, 5, 'Local Air Interconnect: Minute pooling will be disabled. You will no longer pool minutes with other pool-enabled subscribers in this pool.', 3, 3, 'EN', 1, sysdate, sysdate, user, null);
INSERT INTO ADAPTED_MESSAGE(APPLICATION_MESSAGE_ID, ADAPTED_MESSAGE_SEQ, MESSAGE_TEXT, APPLICATION_ID, AUDIENCE_TYPE_ID, LANGUAGE_CD, MESSAGE_TYPE_ID, LOAD_DT, UPDATE_DT, USER_LAST_MODIFY, BRAND_ID)  VALUES ( 212, 6, 'Appels locaux - Interconnexion: Le partage de minutes sera désactivé. Cet abonné ne sera plus en mesure de partager le lot de minutes avec d’autres abonnés inscrits au compte.', 3, 3, 'FR', 1, sysdate, sysdate, user, null);
INSERT INTO application_error
  VALUES ( 0,'MP-DIS-AT', 212, 'Disable Airtime pooling on this sub', sysdate, sysdate, user);
  
INSERT INTO application_message VALUES (213, 'One airtime pooling sub left on account', sysdate, sysdate, user);
INSERT INTO ADAPTED_MESSAGE(APPLICATION_MESSAGE_ID, ADAPTED_MESSAGE_SEQ, MESSAGE_TEXT, APPLICATION_ID, AUDIENCE_TYPE_ID, LANGUAGE_CD, MESSAGE_TYPE_ID, LOAD_DT, UPDATE_DT, USER_LAST_MODIFY, BRAND_ID)  VALUES ( 213, 1, 'Local Air Interconnect: This change will leave only one pool-enabled subscriber in this pool with no other subscribers to pool with.', 0, null, 'EN', 3, sysdate, sysdate, user, null);
INSERT INTO ADAPTED_MESSAGE(APPLICATION_MESSAGE_ID, ADAPTED_MESSAGE_SEQ, MESSAGE_TEXT, APPLICATION_ID, AUDIENCE_TYPE_ID, LANGUAGE_CD, MESSAGE_TYPE_ID, LOAD_DT, UPDATE_DT, USER_LAST_MODIFY, BRAND_ID)  VALUES ( 213, 2, 'Appels locaux - Interconnexion: En raison de ce changement, il ne reste qu’un seul abonné inscrit au compte. Il ne sera pas en mesure de partager le lot de minutes avec d’autres abonnés.', 0, null, 'FR', 3, sysdate, sysdate, user, null);
INSERT INTO application_error
  VALUES ( 0,'MP-LAST-AT', 213, 'One airtime pooling sub left on account', sysdate, sysdate, user);
  
INSERT INTO application_message VALUES (214, '0-minute Airtime - no contributors', sysdate, sysdate, user);
INSERT INTO ADAPTED_MESSAGE(APPLICATION_MESSAGE_ID, ADAPTED_MESSAGE_SEQ, MESSAGE_TEXT, APPLICATION_ID, AUDIENCE_TYPE_ID, LANGUAGE_CD, MESSAGE_TYPE_ID, LOAD_DT, UPDATE_DT, USER_LAST_MODIFY, BRAND_ID)  VALUES ( 214, 1, 'Local Air Interconnect: Activation cannot proceed. In order for a 0-minute plan to be added to this pool, at least one rate plan in the pool must be changed to a minute-contributing pooling enabled plan.', 0, null, 'EN', 4, sysdate, sysdate, user, null);
INSERT INTO ADAPTED_MESSAGE(APPLICATION_MESSAGE_ID, ADAPTED_MESSAGE_SEQ, MESSAGE_TEXT, APPLICATION_ID, AUDIENCE_TYPE_ID, LANGUAGE_CD, MESSAGE_TYPE_ID, LOAD_DT, UPDATE_DT, USER_LAST_MODIFY, BRAND_ID)  VALUES ( 214, 2, 'Appels locaux - Interconnexion: L’activation ne peut être effectuée. Pour qu’un forfait de 0 minute soit ajouté au compte, il est nécessaire de changer au moins l’un des forfaits inscrits pour un forfait contribuant au lot de minutes.', 0, null, 'FR', 4, sysdate, sysdate, user, null);
INSERT INTO application_error
  VALUES ( 0,'MP-ZMPNC-AT', 214, '0-minute Airtime - no contributors', sysdate, sysdate, user);
  
INSERT INTO application_message VALUES (215, 'LD pooling enabled for this sub', sysdate, sysdate, user);
INSERT INTO ADAPTED_MESSAGE(APPLICATION_MESSAGE_ID, ADAPTED_MESSAGE_SEQ, MESSAGE_TEXT, APPLICATION_ID, AUDIENCE_TYPE_ID, LANGUAGE_CD, MESSAGE_TYPE_ID, LOAD_DT, UPDATE_DT, USER_LAST_MODIFY, BRAND_ID)  VALUES ( 215, 1, 'Toll Interconnect: Minute pooling has been enabled for this subscriber.', 0, null, 'EN', 1, sysdate, sysdate, user, null);
INSERT INTO ADAPTED_MESSAGE(APPLICATION_MESSAGE_ID, ADAPTED_MESSAGE_SEQ, MESSAGE_TEXT, APPLICATION_ID, AUDIENCE_TYPE_ID, LANGUAGE_CD, MESSAGE_TYPE_ID, LOAD_DT, UPDATE_DT, USER_LAST_MODIFY, BRAND_ID)  VALUES ( 215, 2, 'Interurbains - Interconnexion: Le forfait de fusion de minutes a été ajouté au compte de cet abonné.', 0, null, 'FR', 1, sysdate, sysdate, user, null);
INSERT INTO ADAPTED_MESSAGE(APPLICATION_MESSAGE_ID, ADAPTED_MESSAGE_SEQ, MESSAGE_TEXT, APPLICATION_ID, AUDIENCE_TYPE_ID, LANGUAGE_CD, MESSAGE_TYPE_ID, LOAD_DT, UPDATE_DT, USER_LAST_MODIFY, BRAND_ID)  VALUES ( 215, 3, 'Toll Interconnect: Minute pooling has been enabled for this subscriber.', 3, null, 'EN', 1, sysdate, sysdate, user, null);
INSERT INTO ADAPTED_MESSAGE(APPLICATION_MESSAGE_ID, ADAPTED_MESSAGE_SEQ, MESSAGE_TEXT, APPLICATION_ID, AUDIENCE_TYPE_ID, LANGUAGE_CD, MESSAGE_TYPE_ID, LOAD_DT, UPDATE_DT, USER_LAST_MODIFY, BRAND_ID)  VALUES ( 215, 4, 'Interurbains - Interconnexion: Le forfait de fusion de minutes a été ajouté au compte de cet abonné.', 3, null, 'FR', 1, sysdate, sysdate, user, null);
INSERT INTO ADAPTED_MESSAGE(APPLICATION_MESSAGE_ID, ADAPTED_MESSAGE_SEQ, MESSAGE_TEXT, APPLICATION_ID, AUDIENCE_TYPE_ID, LANGUAGE_CD, MESSAGE_TYPE_ID, LOAD_DT, UPDATE_DT, USER_LAST_MODIFY, BRAND_ID)  VALUES ( 215, 5, 'Toll Interconnect: Minute pooling has been enabled for your number.', 3, 3, 'EN', 1, sysdate, sysdate, user, null);
INSERT INTO ADAPTED_MESSAGE(APPLICATION_MESSAGE_ID, ADAPTED_MESSAGE_SEQ, MESSAGE_TEXT, APPLICATION_ID, AUDIENCE_TYPE_ID, LANGUAGE_CD, MESSAGE_TYPE_ID, LOAD_DT, UPDATE_DT, USER_LAST_MODIFY, BRAND_ID)  VALUES ( 215, 6, 'Interurbains - Interconnexion: Le forfait de fusion de minutes a été ajouté à votre compte.', 3, 3, 'FR', 1, sysdate, sysdate, user, null);
INSERT INTO application_error
  VALUES ( 0,'MP-EN-LD', 215, 'LD pooling enabled for this sub', sysdate, sysdate, user);
  
INSERT INTO application_message VALUES (216, 'Additional LD subs should be added', sysdate, sysdate, user);
INSERT INTO ADAPTED_MESSAGE(APPLICATION_MESSAGE_ID, ADAPTED_MESSAGE_SEQ, MESSAGE_TEXT, APPLICATION_ID, AUDIENCE_TYPE_ID, LANGUAGE_CD, MESSAGE_TYPE_ID, LOAD_DT, UPDATE_DT, USER_LAST_MODIFY, BRAND_ID)  VALUES ( 216, 1, 'Toll Interconnect: To benefit from pooling, you should add additional pool-enabled subscribers to this account.', 0, null, 'EN', 1, sysdate, sysdate, user, null);
INSERT INTO ADAPTED_MESSAGE(APPLICATION_MESSAGE_ID, ADAPTED_MESSAGE_SEQ, MESSAGE_TEXT, APPLICATION_ID, AUDIENCE_TYPE_ID, LANGUAGE_CD, MESSAGE_TYPE_ID, LOAD_DT, UPDATE_DT, USER_LAST_MODIFY, BRAND_ID)  VALUES ( 216, 2, 'Interurbains - Interconnexion: Pour bénéficier du forfait de fusion de minutes, vous devez ajouter d’autres abonnés au compte qui seront autorisés à partager le lot de minutes.', 0, null, 'FR', 1, sysdate, sysdate, user, null);
INSERT INTO ADAPTED_MESSAGE(APPLICATION_MESSAGE_ID, ADAPTED_MESSAGE_SEQ, MESSAGE_TEXT, APPLICATION_ID, AUDIENCE_TYPE_ID, LANGUAGE_CD, MESSAGE_TYPE_ID, LOAD_DT, UPDATE_DT, USER_LAST_MODIFY, BRAND_ID)  VALUES ( 216, 3, 'Toll Interconnect: To benefit from pooling, you should add additional pool-enabled subscribers to this account.', 1, null, 'EN', 3, sysdate, sysdate, user, null);
INSERT INTO ADAPTED_MESSAGE(APPLICATION_MESSAGE_ID, ADAPTED_MESSAGE_SEQ, MESSAGE_TEXT, APPLICATION_ID, AUDIENCE_TYPE_ID, LANGUAGE_CD, MESSAGE_TYPE_ID, LOAD_DT, UPDATE_DT, USER_LAST_MODIFY, BRAND_ID)  VALUES ( 216, 4, 'Interurbains - Interconnexion: Pour bénéficier du forfait de fusion de minutes, vous devez ajouter d’autres abonnés au compte qui seront autorisés à partager le lot de minutes.', 1, null, 'FR', 3, sysdate, sysdate, user, null);
INSERT INTO ADAPTED_MESSAGE(APPLICATION_MESSAGE_ID, ADAPTED_MESSAGE_SEQ, MESSAGE_TEXT, APPLICATION_ID, AUDIENCE_TYPE_ID, LANGUAGE_CD, MESSAGE_TYPE_ID, LOAD_DT, UPDATE_DT, USER_LAST_MODIFY, BRAND_ID)  VALUES ( 216, 5, 'Toll Interconnect: To benefit from pooling, you should add additional pool-enabled subscribers to this account.', 2, null, 'EN', 3, sysdate, sysdate, user, null);
INSERT INTO ADAPTED_MESSAGE(APPLICATION_MESSAGE_ID, ADAPTED_MESSAGE_SEQ, MESSAGE_TEXT, APPLICATION_ID, AUDIENCE_TYPE_ID, LANGUAGE_CD, MESSAGE_TYPE_ID, LOAD_DT, UPDATE_DT, USER_LAST_MODIFY, BRAND_ID)  VALUES ( 216, 6, 'Interurbains - Interconnexion: Pour bénéficier du forfait de fusion de minutes, vous devez ajouter d’autres abonnés au compte qui seront autorisés à partager le lot de minutes.', 2, null, 'FR', 3, sysdate, sysdate, user, null);
INSERT INTO ADAPTED_MESSAGE(APPLICATION_MESSAGE_ID, ADAPTED_MESSAGE_SEQ, MESSAGE_TEXT, APPLICATION_ID, AUDIENCE_TYPE_ID, LANGUAGE_CD, MESSAGE_TYPE_ID, LOAD_DT, UPDATE_DT, USER_LAST_MODIFY, BRAND_ID)  VALUES ( 216, 7, 'Toll Interconnect: To benefit from pooling, you should add additional pool-enabled subscribers to this account.', 3, null, 'EN', 3, sysdate, sysdate, user, null);
INSERT INTO ADAPTED_MESSAGE(APPLICATION_MESSAGE_ID, ADAPTED_MESSAGE_SEQ, MESSAGE_TEXT, APPLICATION_ID, AUDIENCE_TYPE_ID, LANGUAGE_CD, MESSAGE_TYPE_ID, LOAD_DT, UPDATE_DT, USER_LAST_MODIFY, BRAND_ID)  VALUES ( 216, 8, 'Interurbains - Interconnexion: Pour bénéficier du forfait de fusion de minutes, vous devez ajouter d’autres abonnés au compte qui seront autorisés à partager le lot de minutes.', 3, null, 'FR', 3, sysdate, sysdate, user, null);
INSERT INTO application_error
  VALUES ( 0,'MP-ADD-LD', 216, 'Additional LD subs should be added', sysdate, sysdate, user);
  
INSERT INTO application_message VALUES (217, 'Additional LD subs should be added to new account', sysdate, sysdate, user);
INSERT INTO ADAPTED_MESSAGE(APPLICATION_MESSAGE_ID, ADAPTED_MESSAGE_SEQ, MESSAGE_TEXT, APPLICATION_ID, AUDIENCE_TYPE_ID, LANGUAGE_CD, MESSAGE_TYPE_ID, LOAD_DT, UPDATE_DT, USER_LAST_MODIFY, BRAND_ID)  VALUES ( 217, 1, 'Toll Interconnect: To benefit from pooling, you should add additional pool-enabled subscribers to the target pool.', 0, null, 'EN', 3, sysdate, sysdate, user, null);
INSERT INTO ADAPTED_MESSAGE(APPLICATION_MESSAGE_ID, ADAPTED_MESSAGE_SEQ, MESSAGE_TEXT, APPLICATION_ID, AUDIENCE_TYPE_ID, LANGUAGE_CD, MESSAGE_TYPE_ID, LOAD_DT, UPDATE_DT, USER_LAST_MODIFY, BRAND_ID)  VALUES ( 217, 2, 'Interurbains - Interconnexion: Pour bénéficier du forfait de fusion de minutes, vous devez ajouter d’autres abonnés qui seront autorisés à partager le lot de minutes.', 0, null, 'FR', 3, sysdate, sysdate, user, null);
INSERT INTO application_error
  VALUES ( 0,'MP-ADDTOWN-LD', 217, 'Additional LD subs should be added to new account', sysdate, sysdate, user);
  
INSERT INTO application_message VALUES (218, 'Now you can pool with others (LD)', sysdate, sysdate, user);
INSERT INTO ADAPTED_MESSAGE(APPLICATION_MESSAGE_ID, ADAPTED_MESSAGE_SEQ, MESSAGE_TEXT, APPLICATION_ID, AUDIENCE_TYPE_ID, LANGUAGE_CD, MESSAGE_TYPE_ID, LOAD_DT, UPDATE_DT, USER_LAST_MODIFY, BRAND_ID)  VALUES ( 218, 1, 'Toll Interconnect: This subscriber will now pool minutes with other pool-enabled subscribers in this pool.', 0, null, 'EN', 1, sysdate, sysdate, user, null);
INSERT INTO ADAPTED_MESSAGE(APPLICATION_MESSAGE_ID, ADAPTED_MESSAGE_SEQ, MESSAGE_TEXT, APPLICATION_ID, AUDIENCE_TYPE_ID, LANGUAGE_CD, MESSAGE_TYPE_ID, LOAD_DT, UPDATE_DT, USER_LAST_MODIFY, BRAND_ID)  VALUES ( 218, 2, 'Interurbains - Interconnexion: Cet abonné bénéficie maintenant du forfait de fusion de minutes avec les autres abonnés inscrits à ce compte.', 0, null, 'FR', 1, sysdate, sysdate, user, null);
INSERT INTO ADAPTED_MESSAGE(APPLICATION_MESSAGE_ID, ADAPTED_MESSAGE_SEQ, MESSAGE_TEXT, APPLICATION_ID, AUDIENCE_TYPE_ID, LANGUAGE_CD, MESSAGE_TYPE_ID, LOAD_DT, UPDATE_DT, USER_LAST_MODIFY, BRAND_ID)  VALUES ( 218, 3, 'Toll Interconnect: This subscriber will now pool minutes with other pool-enabled subscribers in this pool.', 3, null, 'EN', 1, sysdate, sysdate, user, null);
INSERT INTO ADAPTED_MESSAGE(APPLICATION_MESSAGE_ID, ADAPTED_MESSAGE_SEQ, MESSAGE_TEXT, APPLICATION_ID, AUDIENCE_TYPE_ID, LANGUAGE_CD, MESSAGE_TYPE_ID, LOAD_DT, UPDATE_DT, USER_LAST_MODIFY, BRAND_ID)  VALUES ( 218, 4, 'Interurbains - Interconnexion: Cet abonné bénéficie maintenant du forfait de fusion de minutes avec les autres abonnés inscrits à ce compte.', 3, null, 'FR', 1, sysdate, sysdate, user, null);
INSERT INTO ADAPTED_MESSAGE(APPLICATION_MESSAGE_ID, ADAPTED_MESSAGE_SEQ, MESSAGE_TEXT, APPLICATION_ID, AUDIENCE_TYPE_ID, LANGUAGE_CD, MESSAGE_TYPE_ID, LOAD_DT, UPDATE_DT, USER_LAST_MODIFY, BRAND_ID)  VALUES ( 218, 5, 'Toll Interconnect: You will now pool minutes with other pool-enabled subscribers in this pool.', 3, 3, 'EN', 1, sysdate, sysdate, user, null);
INSERT INTO ADAPTED_MESSAGE(APPLICATION_MESSAGE_ID, ADAPTED_MESSAGE_SEQ, MESSAGE_TEXT, APPLICATION_ID, AUDIENCE_TYPE_ID, LANGUAGE_CD, MESSAGE_TYPE_ID, LOAD_DT, UPDATE_DT, USER_LAST_MODIFY, BRAND_ID)  VALUES ( 218, 6, 'Interurbains - Interconnexion: Vous bénéficiez maintenant du forfait de fusion de minutes avec les autres abonnés inscrits à ce compte.', 3, 3, 'FR', 1, sysdate, sysdate, user, null);
INSERT INTO ADAPTED_MESSAGE(APPLICATION_MESSAGE_ID, ADAPTED_MESSAGE_SEQ, MESSAGE_TEXT, APPLICATION_ID, AUDIENCE_TYPE_ID, LANGUAGE_CD, MESSAGE_TYPE_ID, LOAD_DT, UPDATE_DT, USER_LAST_MODIFY, BRAND_ID)  VALUES ( 218, 7, 'Toll Interconnect: You will now pool minutes with other pool-enabled subscribers in this pool.', 9, null, 'EN', 1, sysdate, sysdate, user, null);
INSERT INTO ADAPTED_MESSAGE(APPLICATION_MESSAGE_ID, ADAPTED_MESSAGE_SEQ, MESSAGE_TEXT, APPLICATION_ID, AUDIENCE_TYPE_ID, LANGUAGE_CD, MESSAGE_TYPE_ID, LOAD_DT, UPDATE_DT, USER_LAST_MODIFY, BRAND_ID)  VALUES ( 218, 8, 'Interurbains - Interconnexion: Vous bénéficiez maintenant du forfait de fusion de minutes avec les autres abonnés inscrits à ce compte.', 9, null, 'FR', 1, sysdate, sysdate, user, null);
INSERT INTO application_error
  VALUES ( 0,'MP-PWO-LD', 218, 'Now you can pool with others (LD)', sysdate, sysdate, user);
  
INSERT INTO application_message VALUES (219, 'Disable LD pooling on this sub', sysdate, sysdate, user);
INSERT INTO ADAPTED_MESSAGE(APPLICATION_MESSAGE_ID, ADAPTED_MESSAGE_SEQ, MESSAGE_TEXT, APPLICATION_ID, AUDIENCE_TYPE_ID, LANGUAGE_CD, MESSAGE_TYPE_ID, LOAD_DT, UPDATE_DT, USER_LAST_MODIFY, BRAND_ID)  VALUES ( 219, 1, 'Toll Interconnect: Minute pooling will be disabled. This subscriber will no longer pool minutes with other pool-enabled subscribers in this pool.', 0, null, 'EN', 1, sysdate, sysdate, user, null);
INSERT INTO ADAPTED_MESSAGE(APPLICATION_MESSAGE_ID, ADAPTED_MESSAGE_SEQ, MESSAGE_TEXT, APPLICATION_ID, AUDIENCE_TYPE_ID, LANGUAGE_CD, MESSAGE_TYPE_ID, LOAD_DT, UPDATE_DT, USER_LAST_MODIFY, BRAND_ID)  VALUES ( 219, 2, 'Interurbains - Interconnexion: Le partage de minutes sera désactivé. Cet abonné ne sera plus en mesure de partager le lot de minutes avec d’autres abonnés inscrits au compte.', 0, null, 'FR', 1, sysdate, sysdate, user, null);
INSERT INTO ADAPTED_MESSAGE(APPLICATION_MESSAGE_ID, ADAPTED_MESSAGE_SEQ, MESSAGE_TEXT, APPLICATION_ID, AUDIENCE_TYPE_ID, LANGUAGE_CD, MESSAGE_TYPE_ID, LOAD_DT, UPDATE_DT, USER_LAST_MODIFY, BRAND_ID)  VALUES ( 219, 3, 'Toll Interconnect: Minute pooling will be disabled. This subscriber will no longer pool minutes with other pool-enabled subscribers in this pool.', 3, null, 'EN', 1, sysdate, sysdate, user, null);
INSERT INTO ADAPTED_MESSAGE(APPLICATION_MESSAGE_ID, ADAPTED_MESSAGE_SEQ, MESSAGE_TEXT, APPLICATION_ID, AUDIENCE_TYPE_ID, LANGUAGE_CD, MESSAGE_TYPE_ID, LOAD_DT, UPDATE_DT, USER_LAST_MODIFY, BRAND_ID)  VALUES ( 219, 4, 'Interurbains - Interconnexion: Le partage de minutes sera désactivé. Cet abonné ne sera plus en mesure de partager le lot de minutes avec d’autres abonnés inscrits au compte.', 3, null, 'FR', 1, sysdate, sysdate, user, null);
INSERT INTO ADAPTED_MESSAGE(APPLICATION_MESSAGE_ID, ADAPTED_MESSAGE_SEQ, MESSAGE_TEXT, APPLICATION_ID, AUDIENCE_TYPE_ID, LANGUAGE_CD, MESSAGE_TYPE_ID, LOAD_DT, UPDATE_DT, USER_LAST_MODIFY, BRAND_ID)  VALUES ( 219, 5, 'Toll Interconnect: Minute pooling will be disabled. You will no longer pool minutes with other pool-enabled subscribers in this pool.', 3, 3, 'EN', 1, sysdate, sysdate, user, null);
INSERT INTO ADAPTED_MESSAGE(APPLICATION_MESSAGE_ID, ADAPTED_MESSAGE_SEQ, MESSAGE_TEXT, APPLICATION_ID, AUDIENCE_TYPE_ID, LANGUAGE_CD, MESSAGE_TYPE_ID, LOAD_DT, UPDATE_DT, USER_LAST_MODIFY, BRAND_ID)  VALUES ( 219, 6, 'Interurbains - Interconnexion: Le partage de minutes sera désactivé. Vous ne serez plus en mesure de partager le lot de minutes avec d’autres abonnés inscrits au compte.', 3, 3, 'FR', 1, sysdate, sysdate, user, null);
INSERT INTO application_error
  VALUES ( 0,'MP-DIS-LD', 219, 'Disable LD pooling on this sub', sysdate, sysdate, user);
  
INSERT INTO application_message VALUES (220, 'One LD pooling sub left on account', sysdate, sysdate, user);
INSERT INTO ADAPTED_MESSAGE(APPLICATION_MESSAGE_ID, ADAPTED_MESSAGE_SEQ, MESSAGE_TEXT, APPLICATION_ID, AUDIENCE_TYPE_ID, LANGUAGE_CD, MESSAGE_TYPE_ID, LOAD_DT, UPDATE_DT, USER_LAST_MODIFY, BRAND_ID)  VALUES ( 220, 1, 'Toll Interconnect: This change will leave only one pool-enabled subscriber in this pool with no other subscribers to pool with.', 0, null, 'EN', 3, sysdate, sysdate, user, null);
INSERT INTO ADAPTED_MESSAGE(APPLICATION_MESSAGE_ID, ADAPTED_MESSAGE_SEQ, MESSAGE_TEXT, APPLICATION_ID, AUDIENCE_TYPE_ID, LANGUAGE_CD, MESSAGE_TYPE_ID, LOAD_DT, UPDATE_DT, USER_LAST_MODIFY, BRAND_ID)  VALUES ( 220, 2, 'Interurbains - Interconnexion: En raison de ce changement, il ne reste qu’un seul abonné inscrit au compte. Il ne sera pas en mesure de partager le lot de minutes avec d’autres abonnés.', 0, null, 'FR', 3, sysdate, sysdate, user, null);
INSERT INTO application_error
  VALUES ( 0,'MP-LAST-LD', 220, 'One LD pooling sub left on account', sysdate, sysdate, user);
  
INSERT INTO application_message VALUES (221, 'DC pooling enabled for this sub', sysdate, sysdate, user);
INSERT INTO ADAPTED_MESSAGE(APPLICATION_MESSAGE_ID, ADAPTED_MESSAGE_SEQ, MESSAGE_TEXT, APPLICATION_ID, AUDIENCE_TYPE_ID, LANGUAGE_CD, MESSAGE_TYPE_ID, LOAD_DT, UPDATE_DT, USER_LAST_MODIFY, BRAND_ID)  VALUES ( 221, 1, 'Local Air Direct Connect: Minute pooling has been enabled for this subscriber.', 0, null, 'EN', 1, sysdate, sysdate, user, null);
INSERT INTO ADAPTED_MESSAGE(APPLICATION_MESSAGE_ID, ADAPTED_MESSAGE_SEQ, MESSAGE_TEXT, APPLICATION_ID, AUDIENCE_TYPE_ID, LANGUAGE_CD, MESSAGE_TYPE_ID, LOAD_DT, UPDATE_DT, USER_LAST_MODIFY, BRAND_ID)  VALUES ( 221, 2, 'Appels locaux - Contact Direct: Le forfait de fusion de minutes a été ajouté au compte de cet abonné.', 0, null, 'FR', 1, sysdate, sysdate, user, null);
INSERT INTO ADAPTED_MESSAGE(APPLICATION_MESSAGE_ID, ADAPTED_MESSAGE_SEQ, MESSAGE_TEXT, APPLICATION_ID, AUDIENCE_TYPE_ID, LANGUAGE_CD, MESSAGE_TYPE_ID, LOAD_DT, UPDATE_DT, USER_LAST_MODIFY, BRAND_ID)  VALUES ( 221, 3, 'Local Air Direct Connect: Minute pooling has been enabled for this subscriber.', 3, null, 'EN', 1, sysdate, sysdate, user, null);
INSERT INTO ADAPTED_MESSAGE(APPLICATION_MESSAGE_ID, ADAPTED_MESSAGE_SEQ, MESSAGE_TEXT, APPLICATION_ID, AUDIENCE_TYPE_ID, LANGUAGE_CD, MESSAGE_TYPE_ID, LOAD_DT, UPDATE_DT, USER_LAST_MODIFY, BRAND_ID)  VALUES ( 221, 4, 'Appels locaux - Contact Direct: Le forfait de fusion de minutes a été ajouté au compte de cet abonné.', 3, null, 'FR', 1, sysdate, sysdate, user, null);
INSERT INTO ADAPTED_MESSAGE(APPLICATION_MESSAGE_ID, ADAPTED_MESSAGE_SEQ, MESSAGE_TEXT, APPLICATION_ID, AUDIENCE_TYPE_ID, LANGUAGE_CD, MESSAGE_TYPE_ID, LOAD_DT, UPDATE_DT, USER_LAST_MODIFY, BRAND_ID)  VALUES ( 221, 5, 'Local Air Direct Connect: Minute pooling has been enabled for your number.', 3, 3, 'EN', 1, sysdate, sysdate, user, null);
INSERT INTO ADAPTED_MESSAGE(APPLICATION_MESSAGE_ID, ADAPTED_MESSAGE_SEQ, MESSAGE_TEXT, APPLICATION_ID, AUDIENCE_TYPE_ID, LANGUAGE_CD, MESSAGE_TYPE_ID, LOAD_DT, UPDATE_DT, USER_LAST_MODIFY, BRAND_ID)  VALUES ( 221, 6, 'Appels locaux - Contact Direct: Le forfait de fusion de minutes a été ajouté à votre compte.', 3, 3, 'FR', 1, sysdate, sysdate, user, null);
INSERT INTO application_error
  VALUES ( 0,'MP-EN-DC', 221, 'DC pooling enabled for this sub', sysdate, sysdate, user);
  
INSERT INTO application_message VALUES (222, 'Additional Direct Connect subs should be added', sysdate, sysdate, user);
INSERT INTO ADAPTED_MESSAGE(APPLICATION_MESSAGE_ID, ADAPTED_MESSAGE_SEQ, MESSAGE_TEXT, APPLICATION_ID, AUDIENCE_TYPE_ID, LANGUAGE_CD, MESSAGE_TYPE_ID, LOAD_DT, UPDATE_DT, USER_LAST_MODIFY, BRAND_ID)  VALUES ( 222, 1, 'Local Air Direct Connect: To benefit from pooling, you should add additional pool-enabled subscribers to this account.', 0, null, 'EN', 1, sysdate, sysdate, user, null);
INSERT INTO ADAPTED_MESSAGE(APPLICATION_MESSAGE_ID, ADAPTED_MESSAGE_SEQ, MESSAGE_TEXT, APPLICATION_ID, AUDIENCE_TYPE_ID, LANGUAGE_CD, MESSAGE_TYPE_ID, LOAD_DT, UPDATE_DT, USER_LAST_MODIFY, BRAND_ID)  VALUES ( 222, 2, 'Appels locaux - Contact Direct: Pour bénéficier du forfait de fusion de minutes, vous devez ajouter d’autres abonnés au compte qui seront autorisés à partager le lot de minutes.', 0, null, 'FR', 1, sysdate, sysdate, user, null);
INSERT INTO ADAPTED_MESSAGE(APPLICATION_MESSAGE_ID, ADAPTED_MESSAGE_SEQ, MESSAGE_TEXT, APPLICATION_ID, AUDIENCE_TYPE_ID, LANGUAGE_CD, MESSAGE_TYPE_ID, LOAD_DT, UPDATE_DT, USER_LAST_MODIFY, BRAND_ID)  VALUES ( 222, 3, 'Local Air Direct Connect: To benefit from pooling, you should add additional pool-enabled subscribers to this account.', 1, null, 'EN', 3, sysdate, sysdate, user, null);
INSERT INTO ADAPTED_MESSAGE(APPLICATION_MESSAGE_ID, ADAPTED_MESSAGE_SEQ, MESSAGE_TEXT, APPLICATION_ID, AUDIENCE_TYPE_ID, LANGUAGE_CD, MESSAGE_TYPE_ID, LOAD_DT, UPDATE_DT, USER_LAST_MODIFY, BRAND_ID)  VALUES ( 222, 4, 'Appels locaux - Contact Direct: Pour bénéficier du forfait de fusion de minutes, vous devez ajouter d’autres abonnés au compte qui seront autorisés à partager le lot de minutes.', 1, null, 'FR', 3, sysdate, sysdate, user, null);
INSERT INTO ADAPTED_MESSAGE(APPLICATION_MESSAGE_ID, ADAPTED_MESSAGE_SEQ, MESSAGE_TEXT, APPLICATION_ID, AUDIENCE_TYPE_ID, LANGUAGE_CD, MESSAGE_TYPE_ID, LOAD_DT, UPDATE_DT, USER_LAST_MODIFY, BRAND_ID)  VALUES ( 222, 5, 'Local Air Direct Connect: To benefit from pooling, you should add additional pool-enabled subscribers to this account.', 2, null, 'EN', 3, sysdate, sysdate, user, null);
INSERT INTO ADAPTED_MESSAGE(APPLICATION_MESSAGE_ID, ADAPTED_MESSAGE_SEQ, MESSAGE_TEXT, APPLICATION_ID, AUDIENCE_TYPE_ID, LANGUAGE_CD, MESSAGE_TYPE_ID, LOAD_DT, UPDATE_DT, USER_LAST_MODIFY, BRAND_ID)  VALUES ( 222, 6, 'Appels locaux - Contact Direct: Pour bénéficier du forfait de fusion de minutes, vous devez ajouter d’autres abonnés au compte qui seront autorisés à partager le lot de minutes.', 2, null, 'FR', 3, sysdate, sysdate, user, null);
INSERT INTO ADAPTED_MESSAGE(APPLICATION_MESSAGE_ID, ADAPTED_MESSAGE_SEQ, MESSAGE_TEXT, APPLICATION_ID, AUDIENCE_TYPE_ID, LANGUAGE_CD, MESSAGE_TYPE_ID, LOAD_DT, UPDATE_DT, USER_LAST_MODIFY, BRAND_ID)  VALUES ( 222, 7, 'Local Air Direct Connect: To benefit from pooling, you should add additional pool-enabled subscribers to this account.', 3, null, 'EN', 3, sysdate, sysdate, user, null);
INSERT INTO ADAPTED_MESSAGE(APPLICATION_MESSAGE_ID, ADAPTED_MESSAGE_SEQ, MESSAGE_TEXT, APPLICATION_ID, AUDIENCE_TYPE_ID, LANGUAGE_CD, MESSAGE_TYPE_ID, LOAD_DT, UPDATE_DT, USER_LAST_MODIFY, BRAND_ID)  VALUES ( 222, 8, 'Appels locaux - Contact Direct: Pour bénéficier du forfait de fusion de minutes, vous devez ajouter d’autres abonnés au compte qui seront autorisés à partager le lot de minutes.', 3, null, 'FR', 3, sysdate, sysdate, user, null);
INSERT INTO application_error
  VALUES ( 0,'MP-ADD-DC', 222, 'Additional Direct Connect subs should be added', sysdate, sysdate, user);
  
INSERT INTO application_message VALUES (223, 'Additional DC subs should be added to new account', sysdate, sysdate, user);
INSERT INTO ADAPTED_MESSAGE(APPLICATION_MESSAGE_ID, ADAPTED_MESSAGE_SEQ, MESSAGE_TEXT, APPLICATION_ID, AUDIENCE_TYPE_ID, LANGUAGE_CD, MESSAGE_TYPE_ID, LOAD_DT, UPDATE_DT, USER_LAST_MODIFY, BRAND_ID)  VALUES ( 223, 1, 'Local Air Direct Connect: To benefit from pooling, you should add additional pool-enabled subscribers to the target pool.', 0, null, 'EN', 3, sysdate, sysdate, user, null);
INSERT INTO ADAPTED_MESSAGE(APPLICATION_MESSAGE_ID, ADAPTED_MESSAGE_SEQ, MESSAGE_TEXT, APPLICATION_ID, AUDIENCE_TYPE_ID, LANGUAGE_CD, MESSAGE_TYPE_ID, LOAD_DT, UPDATE_DT, USER_LAST_MODIFY, BRAND_ID)  VALUES ( 223, 2, 'Appels locaux - Contact Direct: Pour bénéficier du forfait de fusion de minutes, vous devez ajouter d’autres abonnés qui seront autorisés à partager le lot de minutes.', 0, null, 'FR', 3, sysdate, sysdate, user, null);
INSERT INTO application_error
  VALUES ( 0,'MP-ADDTOWN-DC', 223, 'Additional DC subs should be added to new account', sysdate, sysdate, user);
  
INSERT INTO application_message VALUES (224, 'Now you can pool with others (Direct Connect)', sysdate, sysdate, user);
INSERT INTO ADAPTED_MESSAGE(APPLICATION_MESSAGE_ID, ADAPTED_MESSAGE_SEQ, MESSAGE_TEXT, APPLICATION_ID, AUDIENCE_TYPE_ID, LANGUAGE_CD, MESSAGE_TYPE_ID, LOAD_DT, UPDATE_DT, USER_LAST_MODIFY, BRAND_ID)  VALUES ( 224, 1, 'Local Air Direct Connect: This subscriber will now pool minutes with other pool-enabled subscribers in this pool.', 0, null, 'EN', 1, sysdate, sysdate, user, null);
INSERT INTO ADAPTED_MESSAGE(APPLICATION_MESSAGE_ID, ADAPTED_MESSAGE_SEQ, MESSAGE_TEXT, APPLICATION_ID, AUDIENCE_TYPE_ID, LANGUAGE_CD, MESSAGE_TYPE_ID, LOAD_DT, UPDATE_DT, USER_LAST_MODIFY, BRAND_ID)  VALUES ( 224, 2, 'Appels locaux - Contact Direct: Cet abonné bénéficie maintenant du forfait de fusion de minutes avec les autres abonnés inscrits à ce compte.', 0, null, 'FR', 1, sysdate, sysdate, user, null);
INSERT INTO ADAPTED_MESSAGE(APPLICATION_MESSAGE_ID, ADAPTED_MESSAGE_SEQ, MESSAGE_TEXT, APPLICATION_ID, AUDIENCE_TYPE_ID, LANGUAGE_CD, MESSAGE_TYPE_ID, LOAD_DT, UPDATE_DT, USER_LAST_MODIFY, BRAND_ID)  VALUES ( 224, 3, 'Local Air Direct Connect: This subscriber will now pool minutes with other pool-enabled subscribers in this pool.', 3, null, 'EN', 1, sysdate, sysdate, user, null);
INSERT INTO ADAPTED_MESSAGE(APPLICATION_MESSAGE_ID, ADAPTED_MESSAGE_SEQ, MESSAGE_TEXT, APPLICATION_ID, AUDIENCE_TYPE_ID, LANGUAGE_CD, MESSAGE_TYPE_ID, LOAD_DT, UPDATE_DT, USER_LAST_MODIFY, BRAND_ID)  VALUES ( 224, 4, 'Appels locaux - Contact Direct: Cet abonné bénéficie maintenant du forfait de fusion de minutes avec les autres abonnés inscrits à ce compte.', 3, null, 'FR', 1, sysdate, sysdate, user, null);
INSERT INTO ADAPTED_MESSAGE(APPLICATION_MESSAGE_ID, ADAPTED_MESSAGE_SEQ, MESSAGE_TEXT, APPLICATION_ID, AUDIENCE_TYPE_ID, LANGUAGE_CD, MESSAGE_TYPE_ID, LOAD_DT, UPDATE_DT, USER_LAST_MODIFY, BRAND_ID)  VALUES ( 224, 5, 'Local Air Direct Connect: You will now pool minutes with other pool-enabled subscribers in this pool.', 3, 3, 'EN', 1, sysdate, sysdate, user, null);
INSERT INTO ADAPTED_MESSAGE(APPLICATION_MESSAGE_ID, ADAPTED_MESSAGE_SEQ, MESSAGE_TEXT, APPLICATION_ID, AUDIENCE_TYPE_ID, LANGUAGE_CD, MESSAGE_TYPE_ID, LOAD_DT, UPDATE_DT, USER_LAST_MODIFY, BRAND_ID)  VALUES ( 224, 6, 'Appels locaux - Contact Direct: Vous bénéficiez maintenant du forfait de fusion de minutes avec les autres abonnés inscrits à ce compte.', 3, 3, 'FR', 1, sysdate, sysdate, user, null);
INSERT INTO ADAPTED_MESSAGE(APPLICATION_MESSAGE_ID, ADAPTED_MESSAGE_SEQ, MESSAGE_TEXT, APPLICATION_ID, AUDIENCE_TYPE_ID, LANGUAGE_CD, MESSAGE_TYPE_ID, LOAD_DT, UPDATE_DT, USER_LAST_MODIFY, BRAND_ID)  VALUES ( 224, 7, 'Local Air Direct Connect: You will now pool minutes with other pool-enabled subscribers in this pool.', 9, null, 'EN', 1, sysdate, sysdate, user, null);
INSERT INTO ADAPTED_MESSAGE(APPLICATION_MESSAGE_ID, ADAPTED_MESSAGE_SEQ, MESSAGE_TEXT, APPLICATION_ID, AUDIENCE_TYPE_ID, LANGUAGE_CD, MESSAGE_TYPE_ID, LOAD_DT, UPDATE_DT, USER_LAST_MODIFY, BRAND_ID)  VALUES ( 224, 8, 'Appels locaux - Contact Direct: Vous bénéficiez maintenant du forfait de fusion de minutes avec les autres abonnés inscrits à ce compte.', 9, null, 'FR', 1, sysdate, sysdate, user, null);
INSERT INTO application_error
  VALUES ( 0,'MP-PWO-DC', 224, 'Now you can pool with others (Direct Connect)', sysdate, sysdate, user);

INSERT INTO application_message VALUES (225, 'Disable DC pooling on this sub', sysdate, sysdate, user);
INSERT INTO ADAPTED_MESSAGE(APPLICATION_MESSAGE_ID, ADAPTED_MESSAGE_SEQ, MESSAGE_TEXT, APPLICATION_ID, AUDIENCE_TYPE_ID, LANGUAGE_CD, MESSAGE_TYPE_ID, LOAD_DT, UPDATE_DT, USER_LAST_MODIFY, BRAND_ID)  VALUES ( 225, 1, 'Local Air Direct Connect: Minute pooling will be disabled. This subscriber will no longer pool minutes with other pool-enabled subscribers in this pool.', 0, null, 'EN', 1, sysdate, sysdate, user, null);
INSERT INTO ADAPTED_MESSAGE(APPLICATION_MESSAGE_ID, ADAPTED_MESSAGE_SEQ, MESSAGE_TEXT, APPLICATION_ID, AUDIENCE_TYPE_ID, LANGUAGE_CD, MESSAGE_TYPE_ID, LOAD_DT, UPDATE_DT, USER_LAST_MODIFY, BRAND_ID)  VALUES ( 225, 2, 'Appels locaux - Contact Direct: Le partage de minutes sera désactivé. Cet abonné ne sera plus en mesure de partager le lot de minutes avec d’autres abonnés inscrits au compte.', 0, null, 'FR', 1, sysdate, sysdate, user, null);
INSERT INTO ADAPTED_MESSAGE(APPLICATION_MESSAGE_ID, ADAPTED_MESSAGE_SEQ, MESSAGE_TEXT, APPLICATION_ID, AUDIENCE_TYPE_ID, LANGUAGE_CD, MESSAGE_TYPE_ID, LOAD_DT, UPDATE_DT, USER_LAST_MODIFY, BRAND_ID)  VALUES ( 225, 3, 'Local Air Direct Connect: Minute pooling will be disabled. This subscriber will no longer pool minutes with other pool-enabled subscribers in this pool.', 3, null, 'EN', 1, sysdate, sysdate, user, null);
INSERT INTO ADAPTED_MESSAGE(APPLICATION_MESSAGE_ID, ADAPTED_MESSAGE_SEQ, MESSAGE_TEXT, APPLICATION_ID, AUDIENCE_TYPE_ID, LANGUAGE_CD, MESSAGE_TYPE_ID, LOAD_DT, UPDATE_DT, USER_LAST_MODIFY, BRAND_ID)  VALUES ( 225, 4, 'Appels locaux - Contact Direct: Le partage de minutes sera désactivé. Cet abonné ne sera plus en mesure de partager le lot de minutes avec d’autres abonnés inscrits au compte.', 3, null, 'FR', 1, sysdate, sysdate, user, null);
INSERT INTO ADAPTED_MESSAGE(APPLICATION_MESSAGE_ID, ADAPTED_MESSAGE_SEQ, MESSAGE_TEXT, APPLICATION_ID, AUDIENCE_TYPE_ID, LANGUAGE_CD, MESSAGE_TYPE_ID, LOAD_DT, UPDATE_DT, USER_LAST_MODIFY, BRAND_ID)  VALUES ( 225, 5, 'Local Air Direct Connect: Minute pooling will be disabled. You will no longer pool minutes with other pool-enabled subscribers in this pool.', 3, 3, 'EN', 1, sysdate, sysdate, user, null);
INSERT INTO ADAPTED_MESSAGE(APPLICATION_MESSAGE_ID, ADAPTED_MESSAGE_SEQ, MESSAGE_TEXT, APPLICATION_ID, AUDIENCE_TYPE_ID, LANGUAGE_CD, MESSAGE_TYPE_ID, LOAD_DT, UPDATE_DT, USER_LAST_MODIFY, BRAND_ID)  VALUES ( 225 , 6, 'Appels locaux - Contact Direct: Vous bénéficiez maintenant du forfait de fusion de minutes avec les autres abonnés inscrits à ce compte.', 3, 3, 'FR', 1, sysdate, sysdate, user, null);
INSERT INTO application_error
  VALUES ( 0,'MP-DIS-DC', 225, 'Disable DC pooling on this sub', sysdate, sysdate, user);
  
INSERT INTO application_message VALUES (226, 'One DC pooling sub left on account', sysdate, sysdate, user);
INSERT INTO ADAPTED_MESSAGE(APPLICATION_MESSAGE_ID, ADAPTED_MESSAGE_SEQ, MESSAGE_TEXT, APPLICATION_ID, AUDIENCE_TYPE_ID, LANGUAGE_CD, MESSAGE_TYPE_ID, LOAD_DT, UPDATE_DT, USER_LAST_MODIFY, BRAND_ID)  VALUES ( 226, 1, 'Local Air Direct Connect: This change will leave only one pool-enabled subscriber in this pool with no other subscribers to pool with.', 0, null, 'EN', 3, sysdate, sysdate, user, null);
INSERT INTO ADAPTED_MESSAGE(APPLICATION_MESSAGE_ID, ADAPTED_MESSAGE_SEQ, MESSAGE_TEXT, APPLICATION_ID, AUDIENCE_TYPE_ID, LANGUAGE_CD, MESSAGE_TYPE_ID, LOAD_DT, UPDATE_DT, USER_LAST_MODIFY, BRAND_ID)  VALUES ( 226, 2, 'Appels locaux - Contact Direct: En raison de ce changement, il ne reste qu’un seul abonné inscrit au compte. Il ne sera pas en mesure de partager le lot de minutes avec d’autres abonnés.', 0, null, 'FR', 3, sysdate, sysdate, user, null);
INSERT INTO application_error
  VALUES ( 0,'MP-LAST-DC', 226, 'One DC pooling sub left on account', sysdate, sysdate, user);
  
INSERT INTO application_message VALUES (227, 'RA pooling enabled for this sub', sysdate, sysdate, user);
INSERT INTO ADAPTED_MESSAGE(APPLICATION_MESSAGE_ID, ADAPTED_MESSAGE_SEQ, MESSAGE_TEXT, APPLICATION_ID, AUDIENCE_TYPE_ID, LANGUAGE_CD, MESSAGE_TYPE_ID, LOAD_DT, UPDATE_DT, USER_LAST_MODIFY, BRAND_ID)  VALUES ( 227, 1, 'Roam Air Interconnect: Minute pooling has been enabled for this subscriber.', 0, null, 'EN', 1, sysdate, sysdate, user, null);
INSERT INTO ADAPTED_MESSAGE(APPLICATION_MESSAGE_ID, ADAPTED_MESSAGE_SEQ, MESSAGE_TEXT, APPLICATION_ID, AUDIENCE_TYPE_ID, LANGUAGE_CD, MESSAGE_TYPE_ID, LOAD_DT, UPDATE_DT, USER_LAST_MODIFY, BRAND_ID)  VALUES ( 227, 2, 'Appels en itinérance - Interconnexion: Le forfait de fusion de minutes a été ajouté au compte de cet abonné.', 0, null, 'FR', 1, sysdate, sysdate, user, null);
INSERT INTO ADAPTED_MESSAGE(APPLICATION_MESSAGE_ID, ADAPTED_MESSAGE_SEQ, MESSAGE_TEXT, APPLICATION_ID, AUDIENCE_TYPE_ID, LANGUAGE_CD, MESSAGE_TYPE_ID, LOAD_DT, UPDATE_DT, USER_LAST_MODIFY, BRAND_ID)  VALUES ( 227, 3, 'Roam Air Interconnect: Minute pooling has been enabled for this subscriber.', 3, null, 'EN', 1, sysdate, sysdate, user, null);
INSERT INTO ADAPTED_MESSAGE(APPLICATION_MESSAGE_ID, ADAPTED_MESSAGE_SEQ, MESSAGE_TEXT, APPLICATION_ID, AUDIENCE_TYPE_ID, LANGUAGE_CD, MESSAGE_TYPE_ID, LOAD_DT, UPDATE_DT, USER_LAST_MODIFY, BRAND_ID)  VALUES ( 227, 4, 'Appels en itinérance - Interconnexion: Le forfait de fusion de minutes a été ajouté au compte de cet abonné.', 3, null, 'FR', 1, sysdate, sysdate, user, null);
INSERT INTO ADAPTED_MESSAGE(APPLICATION_MESSAGE_ID, ADAPTED_MESSAGE_SEQ, MESSAGE_TEXT, APPLICATION_ID, AUDIENCE_TYPE_ID, LANGUAGE_CD, MESSAGE_TYPE_ID, LOAD_DT, UPDATE_DT, USER_LAST_MODIFY, BRAND_ID)  VALUES ( 227, 5, 'Roam Air Interconnect: Minute pooling has been enabled for your number.', 3, 3, 'EN', 1, sysdate, sysdate, user, null);
INSERT INTO ADAPTED_MESSAGE(APPLICATION_MESSAGE_ID, ADAPTED_MESSAGE_SEQ, MESSAGE_TEXT, APPLICATION_ID, AUDIENCE_TYPE_ID, LANGUAGE_CD, MESSAGE_TYPE_ID, LOAD_DT, UPDATE_DT, USER_LAST_MODIFY, BRAND_ID)  VALUES ( 227, 6, 'Appels en itinérance - Interconnexion: Le forfait de fusion de minutes a été ajouté à votre compte.', 3, 3, 'FR', 1, sysdate, sysdate, user, null);
INSERT INTO application_error
  VALUES ( 0,'MP-EN-RA', 227, 'RA pooling enabled for this sub', sysdate, sysdate, user);
  
INSERT INTO application_message VALUES (228, 'Additional Roaming Airtime subs should be added', sysdate, sysdate, user);
INSERT INTO ADAPTED_MESSAGE(APPLICATION_MESSAGE_ID, ADAPTED_MESSAGE_SEQ, MESSAGE_TEXT, APPLICATION_ID, AUDIENCE_TYPE_ID, LANGUAGE_CD, MESSAGE_TYPE_ID, LOAD_DT, UPDATE_DT, USER_LAST_MODIFY, BRAND_ID)  VALUES ( 228, 1, 'Roam Air Interconnect: To benefit from pooling, you should add additional pool-enabled subscribers to this account.', 0, null, 'EN', 1, sysdate, sysdate, user, null);
INSERT INTO ADAPTED_MESSAGE(APPLICATION_MESSAGE_ID, ADAPTED_MESSAGE_SEQ, MESSAGE_TEXT, APPLICATION_ID, AUDIENCE_TYPE_ID, LANGUAGE_CD, MESSAGE_TYPE_ID, LOAD_DT, UPDATE_DT, USER_LAST_MODIFY, BRAND_ID)  VALUES ( 228, 2, 'Appels en itinérance - Interconnexion: Pour bénéficier du forfait de fusion de minutes, vous devez ajouter d’autres abonnés au compte qui seront autorisés à partager le lot de minutes.', 0, null, 'FR', 1, sysdate, sysdate, user, null);
INSERT INTO ADAPTED_MESSAGE(APPLICATION_MESSAGE_ID, ADAPTED_MESSAGE_SEQ, MESSAGE_TEXT, APPLICATION_ID, AUDIENCE_TYPE_ID, LANGUAGE_CD, MESSAGE_TYPE_ID, LOAD_DT, UPDATE_DT, USER_LAST_MODIFY, BRAND_ID)  VALUES ( 228, 3, 'Roam Air Interconnect: To benefit from pooling, you should add additional pool-enabled subscribers to this account.', 1, null, 'EN', 3, sysdate, sysdate, user, null);
INSERT INTO ADAPTED_MESSAGE(APPLICATION_MESSAGE_ID, ADAPTED_MESSAGE_SEQ, MESSAGE_TEXT, APPLICATION_ID, AUDIENCE_TYPE_ID, LANGUAGE_CD, MESSAGE_TYPE_ID, LOAD_DT, UPDATE_DT, USER_LAST_MODIFY, BRAND_ID)  VALUES ( 228, 4, 'Appels en itinérance - Interconnexion: Pour bénéficier du forfait de fusion de minutes, vous devez ajouter d’autres abonnés au compte qui seront autorisés à partager le lot de minutes.', 1, null, 'FR', 3, sysdate, sysdate, user, null);
INSERT INTO ADAPTED_MESSAGE(APPLICATION_MESSAGE_ID, ADAPTED_MESSAGE_SEQ, MESSAGE_TEXT, APPLICATION_ID, AUDIENCE_TYPE_ID, LANGUAGE_CD, MESSAGE_TYPE_ID, LOAD_DT, UPDATE_DT, USER_LAST_MODIFY, BRAND_ID)  VALUES ( 228, 5, 'Roam Air Interconnect: To benefit from pooling, you should add additional pool-enabled subscribers to this account.', 2, null, 'EN', 3, sysdate, sysdate, user, null);
INSERT INTO ADAPTED_MESSAGE(APPLICATION_MESSAGE_ID, ADAPTED_MESSAGE_SEQ, MESSAGE_TEXT, APPLICATION_ID, AUDIENCE_TYPE_ID, LANGUAGE_CD, MESSAGE_TYPE_ID, LOAD_DT, UPDATE_DT, USER_LAST_MODIFY, BRAND_ID)  VALUES ( 228, 6, 'Appels en itinérance - Interconnexion: Pour bénéficier du forfait de fusion de minutes, vous devez ajouter d’autres abonnés au compte qui seront autorisés à partager le lot de minutes.', 2, null, 'FR', 3, sysdate, sysdate, user, null);
INSERT INTO ADAPTED_MESSAGE(APPLICATION_MESSAGE_ID, ADAPTED_MESSAGE_SEQ, MESSAGE_TEXT, APPLICATION_ID, AUDIENCE_TYPE_ID, LANGUAGE_CD, MESSAGE_TYPE_ID, LOAD_DT, UPDATE_DT, USER_LAST_MODIFY, BRAND_ID)  VALUES ( 228, 7, 'Roam Air Interconnect: To benefit from pooling, you should add additional pool-enabled subscribers to this account.', 3, null, 'EN', 3, sysdate, sysdate, user, null);
INSERT INTO ADAPTED_MESSAGE(APPLICATION_MESSAGE_ID, ADAPTED_MESSAGE_SEQ, MESSAGE_TEXT, APPLICATION_ID, AUDIENCE_TYPE_ID, LANGUAGE_CD, MESSAGE_TYPE_ID, LOAD_DT, UPDATE_DT, USER_LAST_MODIFY, BRAND_ID)  VALUES ( 228, 8, 'Appels en itinérance - Interconnexion: Pour bénéficier du forfait de fusion de minutes, vous devez ajouter d’autres abonnés au compte qui seront autorisés à partager le lot de minutes.', 3, null, 'FR', 3, sysdate, sysdate, user, null);
INSERT INTO application_error
  VALUES ( 0,'MP-ADD-RA', 228, 'Additional Roaming Airtime subs should be added', sysdate, sysdate, user);
  
INSERT INTO application_message VALUES (229, 'Additional RA subs should be added to new account', sysdate, sysdate, user);
INSERT INTO ADAPTED_MESSAGE(APPLICATION_MESSAGE_ID, ADAPTED_MESSAGE_SEQ, MESSAGE_TEXT, APPLICATION_ID, AUDIENCE_TYPE_ID, LANGUAGE_CD, MESSAGE_TYPE_ID, LOAD_DT, UPDATE_DT, USER_LAST_MODIFY, BRAND_ID)  VALUES ( 229, 1, 'Roam Air Interconnect: To benefit from pooling, you should add additional pool-enabled subscribers to the target pool.', 0, null, 'EN', 3, sysdate, sysdate, user, null);
INSERT INTO ADAPTED_MESSAGE(APPLICATION_MESSAGE_ID, ADAPTED_MESSAGE_SEQ, MESSAGE_TEXT, APPLICATION_ID, AUDIENCE_TYPE_ID, LANGUAGE_CD, MESSAGE_TYPE_ID, LOAD_DT, UPDATE_DT, USER_LAST_MODIFY, BRAND_ID)  VALUES ( 229, 2, 'Appels en itinérance - Interconnexion: Pour bénéficier du forfait de fusion de minutes, vous devez ajouter d’autres abonnés qui seront autorisés à partager le lot de minutes.', 0, null, 'FR', 3, sysdate, sysdate, user, null);
INSERT INTO application_error
  VALUES ( 0,'MP-ADDTOWN-RA', 229, 'Additional RA subs should be added to new account', sysdate, sysdate, user);
  
INSERT INTO application_message VALUES (230, 'Now you can pool with others (Roaming Airtime)', sysdate, sysdate, user);
INSERT INTO ADAPTED_MESSAGE(APPLICATION_MESSAGE_ID, ADAPTED_MESSAGE_SEQ, MESSAGE_TEXT, APPLICATION_ID, AUDIENCE_TYPE_ID, LANGUAGE_CD, MESSAGE_TYPE_ID, LOAD_DT, UPDATE_DT, USER_LAST_MODIFY, BRAND_ID)  VALUES ( 230, 1, 'Roam Air Interconnect: This subscriber will now pool minutes with other pool-enabled subscribers in this pool.', 0, null, 'EN', 1, sysdate, sysdate, user, null);
INSERT INTO ADAPTED_MESSAGE(APPLICATION_MESSAGE_ID, ADAPTED_MESSAGE_SEQ, MESSAGE_TEXT, APPLICATION_ID, AUDIENCE_TYPE_ID, LANGUAGE_CD, MESSAGE_TYPE_ID, LOAD_DT, UPDATE_DT, USER_LAST_MODIFY, BRAND_ID)  VALUES ( 230, 2, 'Appels en itinérance - Interconnexion: Cet abonné bénéficie maintenant du forfait de fusion de minutes avec les autres abonnés inscrits à ce compte.', 0, null, 'FR', 1, sysdate, sysdate, user, null);
INSERT INTO ADAPTED_MESSAGE(APPLICATION_MESSAGE_ID, ADAPTED_MESSAGE_SEQ, MESSAGE_TEXT, APPLICATION_ID, AUDIENCE_TYPE_ID, LANGUAGE_CD, MESSAGE_TYPE_ID, LOAD_DT, UPDATE_DT, USER_LAST_MODIFY, BRAND_ID)  VALUES ( 230, 3, 'Roam Air Interconnect: This subscriber will now pool minutes with other pool-enabled subscribers in this pool.', 3, null, 'EN', 1, sysdate, sysdate, user, null);
INSERT INTO ADAPTED_MESSAGE(APPLICATION_MESSAGE_ID, ADAPTED_MESSAGE_SEQ, MESSAGE_TEXT, APPLICATION_ID, AUDIENCE_TYPE_ID, LANGUAGE_CD, MESSAGE_TYPE_ID, LOAD_DT, UPDATE_DT, USER_LAST_MODIFY, BRAND_ID)  VALUES ( 230, 4, 'Appels en itinérance - Interconnexion: Cet abonné bénéficie maintenant du forfait de fusion de minutes avec les autres abonnés inscrits à ce compte.', 3, null, 'FR', 1, sysdate, sysdate, user, null);
INSERT INTO ADAPTED_MESSAGE(APPLICATION_MESSAGE_ID, ADAPTED_MESSAGE_SEQ, MESSAGE_TEXT, APPLICATION_ID, AUDIENCE_TYPE_ID, LANGUAGE_CD, MESSAGE_TYPE_ID, LOAD_DT, UPDATE_DT, USER_LAST_MODIFY, BRAND_ID)  VALUES ( 230, 5, 'Roam Air Interconnect: You will now pool minutes with other pool-enabled subscribers in this pool.', 3, 3, 'EN', 1, sysdate, sysdate, user, null);
INSERT INTO ADAPTED_MESSAGE(APPLICATION_MESSAGE_ID, ADAPTED_MESSAGE_SEQ, MESSAGE_TEXT, APPLICATION_ID, AUDIENCE_TYPE_ID, LANGUAGE_CD, MESSAGE_TYPE_ID, LOAD_DT, UPDATE_DT, USER_LAST_MODIFY, BRAND_ID)  VALUES ( 230, 6, 'Appels en itinérance - Interconnexion: Vous bénéficiez maintenant du forfait de fusion de minutes avec les autres abonnés inscrits à ce compte.', 3, 3, 'FR', 1, sysdate, sysdate, user, null);
INSERT INTO ADAPTED_MESSAGE(APPLICATION_MESSAGE_ID, ADAPTED_MESSAGE_SEQ, MESSAGE_TEXT, APPLICATION_ID, AUDIENCE_TYPE_ID, LANGUAGE_CD, MESSAGE_TYPE_ID, LOAD_DT, UPDATE_DT, USER_LAST_MODIFY, BRAND_ID)  VALUES ( 230, 7, 'Roam Air Interconnect: You will now pool minutes with other pool-enabled subscribers in this pool.', 9, null, 'EN', 1, sysdate, sysdate, user, null);
INSERT INTO ADAPTED_MESSAGE(APPLICATION_MESSAGE_ID, ADAPTED_MESSAGE_SEQ, MESSAGE_TEXT, APPLICATION_ID, AUDIENCE_TYPE_ID, LANGUAGE_CD, MESSAGE_TYPE_ID, LOAD_DT, UPDATE_DT, USER_LAST_MODIFY, BRAND_ID)  VALUES ( 230, 8, 'Appels en itinérance - Interconnexion: Vous bénéficiez maintenant du forfait de fusion de minutes avec les autres abonnés inscrits à ce compte.', 9, null, 'FR', 1, sysdate, sysdate, user, null);
INSERT INTO application_error
  VALUES ( 0,'MP-PWO-RA',230 , 'Now you can pool with others (Roaming Airtime)', sysdate, sysdate, user);
  
INSERT INTO application_message VALUES (231, 'Disable RA pooling on this sub', sysdate, sysdate, user);
INSERT INTO ADAPTED_MESSAGE(APPLICATION_MESSAGE_ID, ADAPTED_MESSAGE_SEQ, MESSAGE_TEXT, APPLICATION_ID, AUDIENCE_TYPE_ID, LANGUAGE_CD, MESSAGE_TYPE_ID, LOAD_DT, UPDATE_DT, USER_LAST_MODIFY, BRAND_ID)  VALUES ( 231, 1, 'Roam Air Interconnect: Minute pooling will be disabled. This subscriber will no longer pool minutes with other pool-enabled subscribers in this pool.', 0, null, 'EN', 1, sysdate, sysdate, user, null);
INSERT INTO ADAPTED_MESSAGE(APPLICATION_MESSAGE_ID, ADAPTED_MESSAGE_SEQ, MESSAGE_TEXT, APPLICATION_ID, AUDIENCE_TYPE_ID, LANGUAGE_CD, MESSAGE_TYPE_ID, LOAD_DT, UPDATE_DT, USER_LAST_MODIFY, BRAND_ID)  VALUES ( 231, 2, 'Appels en itinérance - Interconnexion: Le partage de minutes sera désactivé. Cet abonné ne sera plus en mesure de partager le lot de minutes avec d’autres abonnés inscrits au compte.', 0, null, 'FR', 1, sysdate, sysdate, user, null);
INSERT INTO ADAPTED_MESSAGE(APPLICATION_MESSAGE_ID, ADAPTED_MESSAGE_SEQ, MESSAGE_TEXT, APPLICATION_ID, AUDIENCE_TYPE_ID, LANGUAGE_CD, MESSAGE_TYPE_ID, LOAD_DT, UPDATE_DT, USER_LAST_MODIFY, BRAND_ID)  VALUES ( 231, 3, 'Roam Air Interconnect: Minute pooling will be disabled. This subscriber will no longer pool minutes with other pool-enabled subscribers in this pool.', 3, null, 'EN', 1, sysdate, sysdate, user, null);
INSERT INTO ADAPTED_MESSAGE(APPLICATION_MESSAGE_ID, ADAPTED_MESSAGE_SEQ, MESSAGE_TEXT, APPLICATION_ID, AUDIENCE_TYPE_ID, LANGUAGE_CD, MESSAGE_TYPE_ID, LOAD_DT, UPDATE_DT, USER_LAST_MODIFY, BRAND_ID)  VALUES ( 231, 4, 'Appels en itinérance - Interconnexion: Le partage de minutes sera désactivé. Cet abonné ne sera plus en mesure de partager le lot de minutes avec d’autres abonnés inscrits au compte.', 3, null, 'FR', 1, sysdate, sysdate, user, null);
INSERT INTO ADAPTED_MESSAGE(APPLICATION_MESSAGE_ID, ADAPTED_MESSAGE_SEQ, MESSAGE_TEXT, APPLICATION_ID, AUDIENCE_TYPE_ID, LANGUAGE_CD, MESSAGE_TYPE_ID, LOAD_DT, UPDATE_DT, USER_LAST_MODIFY, BRAND_ID)  VALUES ( 231, 5, 'Roam Air Interconnect: Minute pooling will be disabled. You will no longer pool minutes with other pool-enabled subscribers in this pool.', 3, 3, 'EN', 1, sysdate, sysdate, user, null);
INSERT INTO ADAPTED_MESSAGE(APPLICATION_MESSAGE_ID, ADAPTED_MESSAGE_SEQ, MESSAGE_TEXT, APPLICATION_ID, AUDIENCE_TYPE_ID, LANGUAGE_CD, MESSAGE_TYPE_ID, LOAD_DT, UPDATE_DT, USER_LAST_MODIFY, BRAND_ID)  VALUES ( 231, 6, 'Appels en itinérance - Interconnexion: Le partage de minutes sera désactivé. Vous ne serez plus en mesure de partager le lot de minutes avec d’autres abonnés inscrits au compte.', 3, 3, 'FR', 1, sysdate, sysdate, user, null);
INSERT INTO application_error
  VALUES ( 0,'MP-DIS-RA',231 , 'Disable RA pooling on this sub', sysdate, sysdate, user);
  
INSERT INTO application_message VALUES (232, 'One RA pooling sub left on account', sysdate, sysdate, user);
INSERT INTO ADAPTED_MESSAGE(APPLICATION_MESSAGE_ID, ADAPTED_MESSAGE_SEQ, MESSAGE_TEXT, APPLICATION_ID, AUDIENCE_TYPE_ID, LANGUAGE_CD, MESSAGE_TYPE_ID, LOAD_DT, UPDATE_DT, USER_LAST_MODIFY, BRAND_ID)  VALUES ( 232, 1, 'Roam Air Interconnect: This change will leave only one pool-enabled subscriber in this pool with no other subscribers to pool with.', 0, null, 'EN', 3, sysdate, sysdate, user, null);
INSERT INTO ADAPTED_MESSAGE(APPLICATION_MESSAGE_ID, ADAPTED_MESSAGE_SEQ, MESSAGE_TEXT, APPLICATION_ID, AUDIENCE_TYPE_ID, LANGUAGE_CD, MESSAGE_TYPE_ID, LOAD_DT, UPDATE_DT, USER_LAST_MODIFY, BRAND_ID)  VALUES ( 232, 2, 'Appels en itinérance - Interconnexion: En raison de ce changement, il ne reste qu’un seul abonné inscrit au compte. Il ne sera pas en mesure de partager le lot de minutes avec d’autres abonnés.', 0, null, 'FR', 3, sysdate, sysdate, user, null);
INSERT INTO application_error
  VALUES ( 0,'MP-LAST-RA',232 , 'One RA pooling sub left on account', sysdate, sysdate, user);
  
INSERT INTO application_message VALUES (233, 'RT pooling enabled for this sub', sysdate, sysdate, user);
INSERT INTO ADAPTED_MESSAGE(APPLICATION_MESSAGE_ID, ADAPTED_MESSAGE_SEQ, MESSAGE_TEXT, APPLICATION_ID, AUDIENCE_TYPE_ID, LANGUAGE_CD, MESSAGE_TYPE_ID, LOAD_DT, UPDATE_DT, USER_LAST_MODIFY, BRAND_ID)  VALUES ( 233, 1, 'Roam Toll Interconnect: Minute pooling has been enabled for this subscriber.', 0, null, 'EN', 1, sysdate, sysdate, user, null);
INSERT INTO ADAPTED_MESSAGE(APPLICATION_MESSAGE_ID, ADAPTED_MESSAGE_SEQ, MESSAGE_TEXT, APPLICATION_ID, AUDIENCE_TYPE_ID, LANGUAGE_CD, MESSAGE_TYPE_ID, LOAD_DT, UPDATE_DT, USER_LAST_MODIFY, BRAND_ID)  VALUES ( 233, 2, 'Appels interurbains en itinérance - Interconnexion: Le forfait de fusion de minutes a été ajouté au compte de cet abonné.', 0, null, 'FR', 1, sysdate, sysdate, user, null);
INSERT INTO ADAPTED_MESSAGE(APPLICATION_MESSAGE_ID, ADAPTED_MESSAGE_SEQ, MESSAGE_TEXT, APPLICATION_ID, AUDIENCE_TYPE_ID, LANGUAGE_CD, MESSAGE_TYPE_ID, LOAD_DT, UPDATE_DT, USER_LAST_MODIFY, BRAND_ID)  VALUES ( 233, 3, 'Roam Toll Interconnect: Minute pooling has been enabled for this subscriber.', 3, null, 'EN', 1, sysdate, sysdate, user, null);
INSERT INTO ADAPTED_MESSAGE(APPLICATION_MESSAGE_ID, ADAPTED_MESSAGE_SEQ, MESSAGE_TEXT, APPLICATION_ID, AUDIENCE_TYPE_ID, LANGUAGE_CD, MESSAGE_TYPE_ID, LOAD_DT, UPDATE_DT, USER_LAST_MODIFY, BRAND_ID)  VALUES ( 233, 4, 'Appels interurbains en itinérance - Interconnexion: Le forfait de fusion de minutes a été ajouté au compte de cet abonné.', 3, null, 'FR', 1, sysdate, sysdate, user, null);
INSERT INTO ADAPTED_MESSAGE(APPLICATION_MESSAGE_ID, ADAPTED_MESSAGE_SEQ, MESSAGE_TEXT, APPLICATION_ID, AUDIENCE_TYPE_ID, LANGUAGE_CD, MESSAGE_TYPE_ID, LOAD_DT, UPDATE_DT, USER_LAST_MODIFY, BRAND_ID)  VALUES ( 233, 5, 'Roam Toll Interconnect: Minute pooling has been enabled for your number.', 3, 3, 'EN', 1, sysdate, sysdate, user, null);
INSERT INTO ADAPTED_MESSAGE(APPLICATION_MESSAGE_ID, ADAPTED_MESSAGE_SEQ, MESSAGE_TEXT, APPLICATION_ID, AUDIENCE_TYPE_ID, LANGUAGE_CD, MESSAGE_TYPE_ID, LOAD_DT, UPDATE_DT, USER_LAST_MODIFY, BRAND_ID)  VALUES ( 233, 6, 'Appels interurbains en itinérance - Interconnexion: Le forfait de fusion de minutes a été ajouté à votre compte.', 3, 3, 'FR', 1, sysdate, sysdate, user, null);
INSERT INTO application_error
  VALUES ( 0,'MP-EN-RT',233 , 'RT pooling enabled for this sub', sysdate, sysdate, user);

INSERT INTO application_message VALUES (234, 'Additional Roaming Toll subs should be added', sysdate, sysdate, user);
INSERT INTO ADAPTED_MESSAGE(APPLICATION_MESSAGE_ID, ADAPTED_MESSAGE_SEQ, MESSAGE_TEXT, APPLICATION_ID, AUDIENCE_TYPE_ID, LANGUAGE_CD, MESSAGE_TYPE_ID, LOAD_DT, UPDATE_DT, USER_LAST_MODIFY, BRAND_ID)  VALUES ( 234, 1, 'Roam Toll Interconnect: To benefit from pooling, you should add additional pool-enabled subscribers to this account.', 0, null, 'EN', 1, sysdate, sysdate, user, null);
INSERT INTO ADAPTED_MESSAGE(APPLICATION_MESSAGE_ID, ADAPTED_MESSAGE_SEQ, MESSAGE_TEXT, APPLICATION_ID, AUDIENCE_TYPE_ID, LANGUAGE_CD, MESSAGE_TYPE_ID, LOAD_DT, UPDATE_DT, USER_LAST_MODIFY, BRAND_ID)  VALUES ( 234, 2, 'Appels interurbains en itinérance - Interconnexion: Pour bénéficier du forfait de fusion de minutes, vous devez ajouter d’autres abonnés au compte qui seront autorisés à partager le lot de minutes.', 0, null, 'FR', 1, sysdate, sysdate, user, null);
INSERT INTO ADAPTED_MESSAGE(APPLICATION_MESSAGE_ID, ADAPTED_MESSAGE_SEQ, MESSAGE_TEXT, APPLICATION_ID, AUDIENCE_TYPE_ID, LANGUAGE_CD, MESSAGE_TYPE_ID, LOAD_DT, UPDATE_DT, USER_LAST_MODIFY, BRAND_ID)  VALUES ( 234, 3, 'Roam Toll Interconnect: To benefit from pooling, you should add additional pool-enabled subscribers to this account.', 1, null, 'EN', 3, sysdate, sysdate, user, null);
INSERT INTO ADAPTED_MESSAGE(APPLICATION_MESSAGE_ID, ADAPTED_MESSAGE_SEQ, MESSAGE_TEXT, APPLICATION_ID, AUDIENCE_TYPE_ID, LANGUAGE_CD, MESSAGE_TYPE_ID, LOAD_DT, UPDATE_DT, USER_LAST_MODIFY, BRAND_ID)  VALUES ( 234, 4, 'Appels interurbains en itinérance - Interconnexion: Pour bénéficier du forfait de fusion de minutes, vous devez ajouter d’autres abonnés au compte qui seront autorisés à partager le lot de minutes.', 1, null, 'FR', 3, sysdate, sysdate, user, null);
INSERT INTO ADAPTED_MESSAGE(APPLICATION_MESSAGE_ID, ADAPTED_MESSAGE_SEQ, MESSAGE_TEXT, APPLICATION_ID, AUDIENCE_TYPE_ID, LANGUAGE_CD, MESSAGE_TYPE_ID, LOAD_DT, UPDATE_DT, USER_LAST_MODIFY, BRAND_ID)  VALUES ( 234, 5, 'Roam Toll Interconnect: To benefit from pooling, you should add additional pool-enabled subscribers to this account.', 2, null, 'EN', 3, sysdate, sysdate, user, null);
INSERT INTO ADAPTED_MESSAGE(APPLICATION_MESSAGE_ID, ADAPTED_MESSAGE_SEQ, MESSAGE_TEXT, APPLICATION_ID, AUDIENCE_TYPE_ID, LANGUAGE_CD, MESSAGE_TYPE_ID, LOAD_DT, UPDATE_DT, USER_LAST_MODIFY, BRAND_ID)  VALUES ( 234, 6, 'Appels interurbains en itinérance - Interconnexion: Pour bénéficier du forfait de fusion de minutes, vous devez ajouter d’autres abonnés au compte qui seront autorisés à partager le lot de minutes.', 2, null, 'FR', 3, sysdate, sysdate, user, null);
INSERT INTO ADAPTED_MESSAGE(APPLICATION_MESSAGE_ID, ADAPTED_MESSAGE_SEQ, MESSAGE_TEXT, APPLICATION_ID, AUDIENCE_TYPE_ID, LANGUAGE_CD, MESSAGE_TYPE_ID, LOAD_DT, UPDATE_DT, USER_LAST_MODIFY, BRAND_ID)  VALUES ( 234, 7, 'Roam Toll Interconnect: To benefit from pooling, you should add additional pool-enabled subscribers to this account.', 3, null, 'EN', 3, sysdate, sysdate, user, null);
INSERT INTO ADAPTED_MESSAGE(APPLICATION_MESSAGE_ID, ADAPTED_MESSAGE_SEQ, MESSAGE_TEXT, APPLICATION_ID, AUDIENCE_TYPE_ID, LANGUAGE_CD, MESSAGE_TYPE_ID, LOAD_DT, UPDATE_DT, USER_LAST_MODIFY, BRAND_ID)  VALUES ( 234, 8, 'Appels interurbains en itinérance - Interconnexion: Pour bénéficier du forfait de fusion de minutes, vous devez ajouter d’autres abonnés au compte qui seront autorisés à partager le lot de minutes.', 3, null, 'FR', 3, sysdate, sysdate, user, null);
INSERT INTO application_error
  VALUES ( 0,'MP-ADD-RT',234 , 'Additional Roaming Toll subs should be added', sysdate, sysdate, user);
  
INSERT INTO application_message VALUES (235, 'Additional RT subs should be added to new account', sysdate, sysdate, user);
INSERT INTO ADAPTED_MESSAGE(APPLICATION_MESSAGE_ID, ADAPTED_MESSAGE_SEQ, MESSAGE_TEXT, APPLICATION_ID, AUDIENCE_TYPE_ID, LANGUAGE_CD, MESSAGE_TYPE_ID, LOAD_DT, UPDATE_DT, USER_LAST_MODIFY, BRAND_ID)  VALUES ( 235, 1, 'Roam Toll Interconnect: To benefit from pooling, you should add additional pool-enabled subscribers to the target pool.', 0, null, 'EN', 3, sysdate, sysdate, user, null);
INSERT INTO ADAPTED_MESSAGE(APPLICATION_MESSAGE_ID, ADAPTED_MESSAGE_SEQ, MESSAGE_TEXT, APPLICATION_ID, AUDIENCE_TYPE_ID, LANGUAGE_CD, MESSAGE_TYPE_ID, LOAD_DT, UPDATE_DT, USER_LAST_MODIFY, BRAND_ID)  VALUES ( 235, 2, 'Appels interurbains en itinérance - Interconnexion: Pour bénéficier du forfait de fusion de minutes, vous devez ajouter d’autres abonnés qui seront autorisés à partager le lot de minutes.', 0, null, 'FR', 3, sysdate, sysdate, user, null);
INSERT INTO application_error
  VALUES ( 0,'MP-ADDTOWN-RT',235 , 'Additional RT subs should be added to new account', sysdate, sysdate, user);
  
INSERT INTO application_message VALUES (236, 'Now you can pool with others (Roaming Toll)', sysdate, sysdate, user);
INSERT INTO ADAPTED_MESSAGE(APPLICATION_MESSAGE_ID, ADAPTED_MESSAGE_SEQ, MESSAGE_TEXT, APPLICATION_ID, AUDIENCE_TYPE_ID, LANGUAGE_CD, MESSAGE_TYPE_ID, LOAD_DT, UPDATE_DT, USER_LAST_MODIFY, BRAND_ID)  VALUES ( 236, 1, 'Roam Toll Interconnect: This subscriber will now pool minutes with other pool-enabled subscribers in this pool.', 0, null, 'EN', 1, sysdate, sysdate, user, null);
INSERT INTO ADAPTED_MESSAGE(APPLICATION_MESSAGE_ID, ADAPTED_MESSAGE_SEQ, MESSAGE_TEXT, APPLICATION_ID, AUDIENCE_TYPE_ID, LANGUAGE_CD, MESSAGE_TYPE_ID, LOAD_DT, UPDATE_DT, USER_LAST_MODIFY, BRAND_ID)  VALUES ( 236, 2, 'Appels interurbains en itinérance - Interconnexion: Cet abonné bénéficie maintenant du forfait de fusion de minutes avec les autres abonnés inscrits à ce compte.', 0, null, 'FR', 1, sysdate, sysdate, user, null);
INSERT INTO ADAPTED_MESSAGE(APPLICATION_MESSAGE_ID, ADAPTED_MESSAGE_SEQ, MESSAGE_TEXT, APPLICATION_ID, AUDIENCE_TYPE_ID, LANGUAGE_CD, MESSAGE_TYPE_ID, LOAD_DT, UPDATE_DT, USER_LAST_MODIFY, BRAND_ID)  VALUES ( 236, 3, 'Roam Toll Interconnect: This subscriber will now pool minutes with other pool-enabled subscribers in this pool.', 3, null, 'EN', 1, sysdate, sysdate, user, null);
INSERT INTO ADAPTED_MESSAGE(APPLICATION_MESSAGE_ID, ADAPTED_MESSAGE_SEQ, MESSAGE_TEXT, APPLICATION_ID, AUDIENCE_TYPE_ID, LANGUAGE_CD, MESSAGE_TYPE_ID, LOAD_DT, UPDATE_DT, USER_LAST_MODIFY, BRAND_ID)  VALUES ( 236, 4, 'Appels interurbains en itinérance - Interconnexion: Cet abonné bénéficie maintenant du forfait de fusion de minutes avec les autres abonnés inscrits à ce compte.', 3, null, 'FR', 1, sysdate, sysdate, user, null);
INSERT INTO ADAPTED_MESSAGE(APPLICATION_MESSAGE_ID, ADAPTED_MESSAGE_SEQ, MESSAGE_TEXT, APPLICATION_ID, AUDIENCE_TYPE_ID, LANGUAGE_CD, MESSAGE_TYPE_ID, LOAD_DT, UPDATE_DT, USER_LAST_MODIFY, BRAND_ID)  VALUES ( 236, 5, 'Roam Toll Interconnect: You will now pool minutes with other pool-enabled subscribers in this pool.', 3, 3, 'EN', 1, sysdate, sysdate, user, null);
INSERT INTO ADAPTED_MESSAGE(APPLICATION_MESSAGE_ID, ADAPTED_MESSAGE_SEQ, MESSAGE_TEXT, APPLICATION_ID, AUDIENCE_TYPE_ID, LANGUAGE_CD, MESSAGE_TYPE_ID, LOAD_DT, UPDATE_DT, USER_LAST_MODIFY, BRAND_ID)  VALUES ( 236, 6, 'Appels interurbains en itinérance - Interconnexion: Vous bénéficiez maintenant du forfait de fusion de minutes avec les autres abonnés inscrits à ce compte.', 3, 3, 'FR', 1, sysdate, sysdate, user, null);
INSERT INTO ADAPTED_MESSAGE(APPLICATION_MESSAGE_ID, ADAPTED_MESSAGE_SEQ, MESSAGE_TEXT, APPLICATION_ID, AUDIENCE_TYPE_ID, LANGUAGE_CD, MESSAGE_TYPE_ID, LOAD_DT, UPDATE_DT, USER_LAST_MODIFY, BRAND_ID)  VALUES ( 236, 7, 'Roam Toll Interconnect: You will now pool minutes with other pool-enabled subscribers in this pool.', 9, null, 'EN', 1, sysdate, sysdate, user, null);
INSERT INTO ADAPTED_MESSAGE(APPLICATION_MESSAGE_ID, ADAPTED_MESSAGE_SEQ, MESSAGE_TEXT, APPLICATION_ID, AUDIENCE_TYPE_ID, LANGUAGE_CD, MESSAGE_TYPE_ID, LOAD_DT, UPDATE_DT, USER_LAST_MODIFY, BRAND_ID)  VALUES ( 236, 8, 'Appels interurbains en itinérance - Interconnexion: Vous bénéficiez maintenant du forfait de fusion de minutes avec les autres abonnés inscrits à ce compte.', 9, null, 'FR', 1, sysdate, sysdate, user, null);
INSERT INTO application_error
  VALUES ( 0,'MP-PWO-RT', 236, 'Now you can pool with others (Roaming Toll)', sysdate, sysdate, user);
  
INSERT INTO application_message VALUES (237, 'Disable RT pooling on this sub', sysdate, sysdate, user);
INSERT INTO ADAPTED_MESSAGE(APPLICATION_MESSAGE_ID, ADAPTED_MESSAGE_SEQ, MESSAGE_TEXT, APPLICATION_ID, AUDIENCE_TYPE_ID, LANGUAGE_CD, MESSAGE_TYPE_ID, LOAD_DT, UPDATE_DT, USER_LAST_MODIFY, BRAND_ID)  VALUES ( 237, 1, 'Roam Toll Interconnect: Minute pooling will be disabled. This subscriber will no longer pool minutes with other pool-enabled subscribers in this pool.', 0, null, 'EN', 1, sysdate, sysdate, user, null);
INSERT INTO ADAPTED_MESSAGE(APPLICATION_MESSAGE_ID, ADAPTED_MESSAGE_SEQ, MESSAGE_TEXT, APPLICATION_ID, AUDIENCE_TYPE_ID, LANGUAGE_CD, MESSAGE_TYPE_ID, LOAD_DT, UPDATE_DT, USER_LAST_MODIFY, BRAND_ID)  VALUES ( 237, 2, 'Appels interurbains en itinérance - Interconnexion: Le partage de minutes sera désactivé. Cet abonné ne sera plus en mesure de partager le lot de minutes avec d’autres abonnés inscrits au compte.', 0, null, 'FR', 1, sysdate, sysdate, user, null);
INSERT INTO ADAPTED_MESSAGE(APPLICATION_MESSAGE_ID, ADAPTED_MESSAGE_SEQ, MESSAGE_TEXT, APPLICATION_ID, AUDIENCE_TYPE_ID, LANGUAGE_CD, MESSAGE_TYPE_ID, LOAD_DT, UPDATE_DT, USER_LAST_MODIFY, BRAND_ID)  VALUES ( 237, 3, 'Roam Toll Interconnect: Minute pooling will be disabled. This subscriber will no longer pool minutes with other pool-enabled subscribers in this pool.', 3, null, 'EN', 1, sysdate, sysdate, user, null);
INSERT INTO ADAPTED_MESSAGE(APPLICATION_MESSAGE_ID, ADAPTED_MESSAGE_SEQ, MESSAGE_TEXT, APPLICATION_ID, AUDIENCE_TYPE_ID, LANGUAGE_CD, MESSAGE_TYPE_ID, LOAD_DT, UPDATE_DT, USER_LAST_MODIFY, BRAND_ID)  VALUES ( 237, 4, 'Appels interurbains en itinérance - Interconnexion: Le partage de minutes sera désactivé. Cet abonné ne sera plus en mesure de partager le lot de minutes avec d’autres abonnés inscrits au compte.', 3, null, 'FR', 1, sysdate, sysdate, user, null);
INSERT INTO ADAPTED_MESSAGE(APPLICATION_MESSAGE_ID, ADAPTED_MESSAGE_SEQ, MESSAGE_TEXT, APPLICATION_ID, AUDIENCE_TYPE_ID, LANGUAGE_CD, MESSAGE_TYPE_ID, LOAD_DT, UPDATE_DT, USER_LAST_MODIFY, BRAND_ID)  VALUES ( 237, 5, 'Roam Toll Interconnect: Minute pooling will be disabled. You will no longer pool minutes with other pool-enabled subscribers in this pool.', 3, 3, 'EN', 1, sysdate, sysdate, user, null);
INSERT INTO ADAPTED_MESSAGE(APPLICATION_MESSAGE_ID, ADAPTED_MESSAGE_SEQ, MESSAGE_TEXT, APPLICATION_ID, AUDIENCE_TYPE_ID, LANGUAGE_CD, MESSAGE_TYPE_ID, LOAD_DT, UPDATE_DT, USER_LAST_MODIFY, BRAND_ID)  VALUES ( 237, 6, 'Appels interurbains en itinérance - Interconnexion: Le partage de minutes sera désactivé. Vous ne serez plus en mesure de partager le lot de minutes avec d’autres abonnés inscrits au compte.', 3, 3, 'FR', 1, sysdate, sysdate, user, null);
INSERT INTO application_error
  VALUES ( 0,'MP-DIS-RT', 237, 'Disable RT pooling on this sub', sysdate, sysdate, user);
  
INSERT INTO application_message VALUES (238, 'One RT pooling sub left on account', sysdate, sysdate, user);
INSERT INTO ADAPTED_MESSAGE(APPLICATION_MESSAGE_ID, ADAPTED_MESSAGE_SEQ, MESSAGE_TEXT, APPLICATION_ID, AUDIENCE_TYPE_ID, LANGUAGE_CD, MESSAGE_TYPE_ID, LOAD_DT, UPDATE_DT, USER_LAST_MODIFY, BRAND_ID)  VALUES ( 238, 1, 'Roam Toll Interconnect: This change will leave only one pool-enabled subscriber in this pool with no other subscribers to pool with.', 0, null, 'EN', 3, sysdate, sysdate, user, null);
INSERT INTO ADAPTED_MESSAGE(APPLICATION_MESSAGE_ID, ADAPTED_MESSAGE_SEQ, MESSAGE_TEXT, APPLICATION_ID, AUDIENCE_TYPE_ID, LANGUAGE_CD, MESSAGE_TYPE_ID, LOAD_DT, UPDATE_DT, USER_LAST_MODIFY, BRAND_ID)  VALUES ( 238, 2, 'Appels interurbains en itinérance - Interconnexion: En raison de ce changement, il ne reste qu’un seul abonné inscrit au compte. Il ne sera pas en mesure de partager le lot de minutes avec d’autres abonnés.', 0, null, 'FR', 3, sysdate, sysdate, user, null);
INSERT INTO application_error
  VALUES ( 0,'MP-LAST-RT',238 , 'One RT pooling sub left on account', sysdate, sysdate, user);
  
INSERT INTO application_message VALUES (239, 'Toll DC pooling enabled for this sub', sysdate, sysdate, user);
INSERT INTO ADAPTED_MESSAGE(APPLICATION_MESSAGE_ID, ADAPTED_MESSAGE_SEQ, MESSAGE_TEXT, APPLICATION_ID, AUDIENCE_TYPE_ID, LANGUAGE_CD, MESSAGE_TYPE_ID, LOAD_DT, UPDATE_DT, USER_LAST_MODIFY, BRAND_ID)  VALUES ( 239, 1, 'Toll Direct Connect: Minute pooling has been enabled for this subscriber.', 0, null, 'EN', 1, sysdate, sysdate, user, null);
INSERT INTO ADAPTED_MESSAGE(APPLICATION_MESSAGE_ID, ADAPTED_MESSAGE_SEQ, MESSAGE_TEXT, APPLICATION_ID, AUDIENCE_TYPE_ID, LANGUAGE_CD, MESSAGE_TYPE_ID, LOAD_DT, UPDATE_DT, USER_LAST_MODIFY, BRAND_ID)  VALUES ( 239, 2, 'Interurbains - Contact Direct: Le forfait de fusion de minutes a été ajouté au compte de cet abonné.', 0, null, 'FR', 1, sysdate, sysdate, user, null);
INSERT INTO ADAPTED_MESSAGE(APPLICATION_MESSAGE_ID, ADAPTED_MESSAGE_SEQ, MESSAGE_TEXT, APPLICATION_ID, AUDIENCE_TYPE_ID, LANGUAGE_CD, MESSAGE_TYPE_ID, LOAD_DT, UPDATE_DT, USER_LAST_MODIFY, BRAND_ID)  VALUES ( 239, 3, 'Toll Direct Connect: Minute pooling has been enabled for this subscriber.', 3, null, 'EN', 1, sysdate, sysdate, user, null);
INSERT INTO ADAPTED_MESSAGE(APPLICATION_MESSAGE_ID, ADAPTED_MESSAGE_SEQ, MESSAGE_TEXT, APPLICATION_ID, AUDIENCE_TYPE_ID, LANGUAGE_CD, MESSAGE_TYPE_ID, LOAD_DT, UPDATE_DT, USER_LAST_MODIFY, BRAND_ID)  VALUES ( 239, 4, 'Interurbains - Contact Direct: Le forfait de fusion de minutes a été ajouté au compte de cet abonné.', 3, null, 'FR', 1, sysdate, sysdate, user, null);
INSERT INTO ADAPTED_MESSAGE(APPLICATION_MESSAGE_ID, ADAPTED_MESSAGE_SEQ, MESSAGE_TEXT, APPLICATION_ID, AUDIENCE_TYPE_ID, LANGUAGE_CD, MESSAGE_TYPE_ID, LOAD_DT, UPDATE_DT, USER_LAST_MODIFY, BRAND_ID)  VALUES ( 239, 5, 'Toll Direct Connect: Minute pooling has been enabled for your number.', 3, 3, 'EN', 1, sysdate, sysdate, user, null);
INSERT INTO ADAPTED_MESSAGE(APPLICATION_MESSAGE_ID, ADAPTED_MESSAGE_SEQ, MESSAGE_TEXT, APPLICATION_ID, AUDIENCE_TYPE_ID, LANGUAGE_CD, MESSAGE_TYPE_ID, LOAD_DT, UPDATE_DT, USER_LAST_MODIFY, BRAND_ID)  VALUES ( 239, 6, 'Interurbains - Contact Direct: Le forfait de fusion de minutes a été ajouté à votre compte.', 3, 3, 'FR', 1, sysdate, sysdate, user, null);
INSERT INTO application_error
  VALUES ( 0,'MP-EN-DT',239 , 'Toll DC pooling enabled for this sub', sysdate, sysdate, user);
  
INSERT INTO application_message VALUES (240, 'Additional Toll DC subs should be added', sysdate, sysdate, user);
INSERT INTO ADAPTED_MESSAGE(APPLICATION_MESSAGE_ID, ADAPTED_MESSAGE_SEQ, MESSAGE_TEXT, APPLICATION_ID, AUDIENCE_TYPE_ID, LANGUAGE_CD, MESSAGE_TYPE_ID, LOAD_DT, UPDATE_DT, USER_LAST_MODIFY, BRAND_ID)  VALUES ( 240, 1, 'Toll Direct Connect: To benefit from pooling, you should add additional pool-enabled subscribers to this account.', 0, null, 'EN', 1, sysdate, sysdate, user, null);
INSERT INTO ADAPTED_MESSAGE(APPLICATION_MESSAGE_ID, ADAPTED_MESSAGE_SEQ, MESSAGE_TEXT, APPLICATION_ID, AUDIENCE_TYPE_ID, LANGUAGE_CD, MESSAGE_TYPE_ID, LOAD_DT, UPDATE_DT, USER_LAST_MODIFY, BRAND_ID)  VALUES ( 240, 2, 'Interurbains - Contact Direct: Pour bénéficier du forfait de fusion de minutes, vous devez ajouter d’autres abonnés au compte qui seront autorisés à partager le lot de minutes.', 0, null, 'FR', 1, sysdate, sysdate, user, null);
INSERT INTO ADAPTED_MESSAGE(APPLICATION_MESSAGE_ID, ADAPTED_MESSAGE_SEQ, MESSAGE_TEXT, APPLICATION_ID, AUDIENCE_TYPE_ID, LANGUAGE_CD, MESSAGE_TYPE_ID, LOAD_DT, UPDATE_DT, USER_LAST_MODIFY, BRAND_ID)  VALUES ( 240, 3, 'Toll Direct Connect: To benefit from pooling, you should add additional pool-enabled subscribers to this account.', 1, null, 'EN', 3, sysdate, sysdate, user, null);
INSERT INTO ADAPTED_MESSAGE(APPLICATION_MESSAGE_ID, ADAPTED_MESSAGE_SEQ, MESSAGE_TEXT, APPLICATION_ID, AUDIENCE_TYPE_ID, LANGUAGE_CD, MESSAGE_TYPE_ID, LOAD_DT, UPDATE_DT, USER_LAST_MODIFY, BRAND_ID)  VALUES ( 240, 4, 'Interurbains - Contact Direct: Pour bénéficier du forfait de fusion de minutes, vous devez ajouter d’autres abonnés au compte qui seront autorisés à partager le lot de minutes.', 1, null, 'FR', 3, sysdate, sysdate, user, null);
INSERT INTO ADAPTED_MESSAGE(APPLICATION_MESSAGE_ID, ADAPTED_MESSAGE_SEQ, MESSAGE_TEXT, APPLICATION_ID, AUDIENCE_TYPE_ID, LANGUAGE_CD, MESSAGE_TYPE_ID, LOAD_DT, UPDATE_DT, USER_LAST_MODIFY, BRAND_ID)  VALUES ( 240, 5, 'Toll Direct Connect: To benefit from pooling, you should add additional pool-enabled subscribers to this account.', 2, null, 'EN', 3, sysdate, sysdate, user, null);
INSERT INTO ADAPTED_MESSAGE(APPLICATION_MESSAGE_ID, ADAPTED_MESSAGE_SEQ, MESSAGE_TEXT, APPLICATION_ID, AUDIENCE_TYPE_ID, LANGUAGE_CD, MESSAGE_TYPE_ID, LOAD_DT, UPDATE_DT, USER_LAST_MODIFY, BRAND_ID)  VALUES ( 240, 6, 'Interurbains - Contact Direct: Pour bénéficier du forfait de fusion de minutes, vous devez ajouter d’autres abonnés au compte qui seront autorisés à partager le lot de minutes.', 2, null, 'FR', 3, sysdate, sysdate, user, null);
INSERT INTO ADAPTED_MESSAGE(APPLICATION_MESSAGE_ID, ADAPTED_MESSAGE_SEQ, MESSAGE_TEXT, APPLICATION_ID, AUDIENCE_TYPE_ID, LANGUAGE_CD, MESSAGE_TYPE_ID, LOAD_DT, UPDATE_DT, USER_LAST_MODIFY, BRAND_ID)  VALUES ( 240, 7, 'Toll Direct Connect: To benefit from pooling, you should add additional pool-enabled subscribers to this account.', 3, null, 'EN', 3, sysdate, sysdate, user, null);
INSERT INTO ADAPTED_MESSAGE(APPLICATION_MESSAGE_ID, ADAPTED_MESSAGE_SEQ, MESSAGE_TEXT, APPLICATION_ID, AUDIENCE_TYPE_ID, LANGUAGE_CD, MESSAGE_TYPE_ID, LOAD_DT, UPDATE_DT, USER_LAST_MODIFY, BRAND_ID)  VALUES ( 240, 8, 'Interurbains - Contact Direct: Pour bénéficier du forfait de fusion de minutes, vous devez ajouter d’autres abonnés au compte qui seront autorisés à partager le lot de minutes.', 3, null, 'FR', 3, sysdate, sysdate, user, null);
INSERT INTO application_error
  VALUES ( 0,'MP-ADD-DT',240 , 'Additional Toll DC subs should be added', sysdate, sysdate, user);
  
INSERT INTO application_message VALUES (241, 'Additional DT subs should be added to new account', sysdate, sysdate, user);
INSERT INTO ADAPTED_MESSAGE(APPLICATION_MESSAGE_ID, ADAPTED_MESSAGE_SEQ, MESSAGE_TEXT, APPLICATION_ID, AUDIENCE_TYPE_ID, LANGUAGE_CD, MESSAGE_TYPE_ID, LOAD_DT, UPDATE_DT, USER_LAST_MODIFY, BRAND_ID)  VALUES ( 241, 1, 'Toll Direct Connect: To benefit from pooling, you should add additional pool-enabled subscribers to the target pool.', 0, null, 'EN', 3, sysdate, sysdate, user, null);
INSERT INTO ADAPTED_MESSAGE(APPLICATION_MESSAGE_ID, ADAPTED_MESSAGE_SEQ, MESSAGE_TEXT, APPLICATION_ID, AUDIENCE_TYPE_ID, LANGUAGE_CD, MESSAGE_TYPE_ID, LOAD_DT, UPDATE_DT, USER_LAST_MODIFY, BRAND_ID)  VALUES ( 241, 2, 'Interurbains - Contact Direct: Pour bénéficier du forfait de fusion de minutes, vous devez ajouter d’autres abonnés qui seront autorisés à partager le lot de minutes.', 0, null, 'FR', 3, sysdate, sysdate, user, null);
INSERT INTO application_error
  VALUES ( 0,'MP-ADDTOWN-DT',241 , 'Additional DT subs should be added to new account', sysdate, sysdate, user);
  
INSERT INTO application_message VALUES (242, 'Now you can pool with others (Toll DC)', sysdate, sysdate, user);
INSERT INTO ADAPTED_MESSAGE(APPLICATION_MESSAGE_ID, ADAPTED_MESSAGE_SEQ, MESSAGE_TEXT, APPLICATION_ID, AUDIENCE_TYPE_ID, LANGUAGE_CD, MESSAGE_TYPE_ID, LOAD_DT, UPDATE_DT, USER_LAST_MODIFY, BRAND_ID)  VALUES ( 242, 1, 'Toll Direct Connect: This subscriber will now pool minutes with other pool-enabled subscribers in this pool.', 0, null, 'EN', 1, sysdate, sysdate, user, null);
INSERT INTO ADAPTED_MESSAGE(APPLICATION_MESSAGE_ID, ADAPTED_MESSAGE_SEQ, MESSAGE_TEXT, APPLICATION_ID, AUDIENCE_TYPE_ID, LANGUAGE_CD, MESSAGE_TYPE_ID, LOAD_DT, UPDATE_DT, USER_LAST_MODIFY, BRAND_ID)  VALUES ( 242, 2, 'Interurbains - Contact Direct: Cet abonné bénéficie maintenant du forfait de fusion de minutes avec les autres abonnés inscrits à ce compte.', 0, null, 'FR', 1, sysdate, sysdate, user, null);
INSERT INTO ADAPTED_MESSAGE(APPLICATION_MESSAGE_ID, ADAPTED_MESSAGE_SEQ, MESSAGE_TEXT, APPLICATION_ID, AUDIENCE_TYPE_ID, LANGUAGE_CD, MESSAGE_TYPE_ID, LOAD_DT, UPDATE_DT, USER_LAST_MODIFY, BRAND_ID)  VALUES ( 242, 3, 'Toll Direct Connect: This subscriber will now pool minutes with other pool-enabled subscribers in this pool.', 3, null, 'EN', 1, sysdate, sysdate, user, null);
INSERT INTO ADAPTED_MESSAGE(APPLICATION_MESSAGE_ID, ADAPTED_MESSAGE_SEQ, MESSAGE_TEXT, APPLICATION_ID, AUDIENCE_TYPE_ID, LANGUAGE_CD, MESSAGE_TYPE_ID, LOAD_DT, UPDATE_DT, USER_LAST_MODIFY, BRAND_ID)  VALUES ( 242, 4, 'Interurbains - Contact Direct: Cet abonné bénéficie maintenant du forfait de fusion de minutes avec les autres abonnés inscrits à ce compte.', 3, null, 'FR', 1, sysdate, sysdate, user, null);
INSERT INTO ADAPTED_MESSAGE(APPLICATION_MESSAGE_ID, ADAPTED_MESSAGE_SEQ, MESSAGE_TEXT, APPLICATION_ID, AUDIENCE_TYPE_ID, LANGUAGE_CD, MESSAGE_TYPE_ID, LOAD_DT, UPDATE_DT, USER_LAST_MODIFY, BRAND_ID)  VALUES ( 242, 5, 'Toll Direct Connect: You will now pool minutes with other pool-enabled subscribers in this pool.', 3, 3, 'EN', 1, sysdate, sysdate, user, null);
INSERT INTO ADAPTED_MESSAGE(APPLICATION_MESSAGE_ID, ADAPTED_MESSAGE_SEQ, MESSAGE_TEXT, APPLICATION_ID, AUDIENCE_TYPE_ID, LANGUAGE_CD, MESSAGE_TYPE_ID, LOAD_DT, UPDATE_DT, USER_LAST_MODIFY, BRAND_ID)  VALUES ( 242, 6, 'Interurbains - Contact Direct: Vous bénéficiez maintenant du forfait de fusion de minutes avec les autres abonnés inscrits à ce compte.', 3, 3, 'FR', 1, sysdate, sysdate, user, null);
INSERT INTO ADAPTED_MESSAGE(APPLICATION_MESSAGE_ID, ADAPTED_MESSAGE_SEQ, MESSAGE_TEXT, APPLICATION_ID, AUDIENCE_TYPE_ID, LANGUAGE_CD, MESSAGE_TYPE_ID, LOAD_DT, UPDATE_DT, USER_LAST_MODIFY, BRAND_ID)  VALUES ( 242, 7, 'Toll Direct Connect: You will now pool minutes with other pool-enabled subscribers in this pool.', 9, null, 'EN', 1, sysdate, sysdate, user, null);
INSERT INTO ADAPTED_MESSAGE(APPLICATION_MESSAGE_ID, ADAPTED_MESSAGE_SEQ, MESSAGE_TEXT, APPLICATION_ID, AUDIENCE_TYPE_ID, LANGUAGE_CD, MESSAGE_TYPE_ID, LOAD_DT, UPDATE_DT, USER_LAST_MODIFY, BRAND_ID)  VALUES ( 242, 8, 'Interurbains - Contact Direct: Vous bénéficiez maintenant du forfait de fusion de minutes avec les autres abonnés inscrits à ce compte.', 9, null, 'FR', 1, sysdate, sysdate, user, null);
INSERT INTO application_error
  VALUES ( 0,'MP-PWO-DT',242 , 'Now you can pool with others (Toll DC)', sysdate, sysdate, user);
  
INSERT INTO application_message VALUES (243, 'Disable DT pooling on this sub', sysdate, sysdate, user);
INSERT INTO ADAPTED_MESSAGE(APPLICATION_MESSAGE_ID, ADAPTED_MESSAGE_SEQ, MESSAGE_TEXT, APPLICATION_ID, AUDIENCE_TYPE_ID, LANGUAGE_CD, MESSAGE_TYPE_ID, LOAD_DT, UPDATE_DT, USER_LAST_MODIFY, BRAND_ID)  VALUES ( 243, 1, 'Toll Direct Connect: Minute pooling will be disabled. This subscriber will no longer pool minutes with other pool-enabled subscribers in this pool.', 0, null, 'EN', 1, sysdate, sysdate, user, null);
INSERT INTO ADAPTED_MESSAGE(APPLICATION_MESSAGE_ID, ADAPTED_MESSAGE_SEQ, MESSAGE_TEXT, APPLICATION_ID, AUDIENCE_TYPE_ID, LANGUAGE_CD, MESSAGE_TYPE_ID, LOAD_DT, UPDATE_DT, USER_LAST_MODIFY, BRAND_ID)  VALUES ( 243, 2, 'Interurbains - Contact Direct: Le partage de minutes sera désactivé. Cet abonné ne sera plus en mesure de partager le lot de minutes avec d’autres abonnés inscrits au compte.', 0, null, 'FR', 1, sysdate, sysdate, user, null);
INSERT INTO ADAPTED_MESSAGE(APPLICATION_MESSAGE_ID, ADAPTED_MESSAGE_SEQ, MESSAGE_TEXT, APPLICATION_ID, AUDIENCE_TYPE_ID, LANGUAGE_CD, MESSAGE_TYPE_ID, LOAD_DT, UPDATE_DT, USER_LAST_MODIFY, BRAND_ID)  VALUES ( 243, 3, 'Toll Direct Connect: Minute pooling will be disabled. This subscriber will no longer pool minutes with other pool-enabled subscribers in this pool.', 3, null, 'EN', 1, sysdate, sysdate, user, null);
INSERT INTO ADAPTED_MESSAGE(APPLICATION_MESSAGE_ID, ADAPTED_MESSAGE_SEQ, MESSAGE_TEXT, APPLICATION_ID, AUDIENCE_TYPE_ID, LANGUAGE_CD, MESSAGE_TYPE_ID, LOAD_DT, UPDATE_DT, USER_LAST_MODIFY, BRAND_ID)  VALUES ( 243, 4, 'Interurbains - Contact Direct: Le partage de minutes sera désactivé. Cet abonné ne sera plus en mesure de partager le lot de minutes avec d’autres abonnés inscrits au compte.', 3, null, 'FR', 1, sysdate, sysdate, user, null);
INSERT INTO ADAPTED_MESSAGE(APPLICATION_MESSAGE_ID, ADAPTED_MESSAGE_SEQ, MESSAGE_TEXT, APPLICATION_ID, AUDIENCE_TYPE_ID, LANGUAGE_CD, MESSAGE_TYPE_ID, LOAD_DT, UPDATE_DT, USER_LAST_MODIFY, BRAND_ID)  VALUES ( 243, 5, 'Toll Direct Connect: Minute pooling will be disabled. You will no longer pool minutes with other pool-enabled subscribers in this pool.', 3, 3, 'EN', 1, sysdate, sysdate, user, null);
INSERT INTO ADAPTED_MESSAGE(APPLICATION_MESSAGE_ID, ADAPTED_MESSAGE_SEQ, MESSAGE_TEXT, APPLICATION_ID, AUDIENCE_TYPE_ID, LANGUAGE_CD, MESSAGE_TYPE_ID, LOAD_DT, UPDATE_DT, USER_LAST_MODIFY, BRAND_ID)  VALUES ( 243, 6, 'Interurbains - Contact Direct: Le partage de minutes sera désactivé. Vous ne serez plus en mesure de partager le lot de minutes avec d’autres abonnés inscrits au compte.', 3, 3, 'FR', 1, sysdate, sysdate, user, null);
INSERT INTO application_error
  VALUES ( 0,'MP-DIS-DT',243 , 'Disable DT pooling on this sub', sysdate, sysdate, user);
  
INSERT INTO application_message VALUES (244, 'One DT pooling sub left on account', sysdate, sysdate, user);
INSERT INTO ADAPTED_MESSAGE(APPLICATION_MESSAGE_ID, ADAPTED_MESSAGE_SEQ, MESSAGE_TEXT, APPLICATION_ID, AUDIENCE_TYPE_ID, LANGUAGE_CD, MESSAGE_TYPE_ID, LOAD_DT, UPDATE_DT, USER_LAST_MODIFY, BRAND_ID)  VALUES ( 244, 1, 'Toll Direct Connect: This change will leave only one pool-enabled subscriber in this pool with no other subscribers to pool with.', 0, null, 'EN', 3, sysdate, sysdate, user, null);
INSERT INTO ADAPTED_MESSAGE(APPLICATION_MESSAGE_ID, ADAPTED_MESSAGE_SEQ, MESSAGE_TEXT, APPLICATION_ID, AUDIENCE_TYPE_ID, LANGUAGE_CD, MESSAGE_TYPE_ID, LOAD_DT, UPDATE_DT, USER_LAST_MODIFY, BRAND_ID)  VALUES ( 244, 2, 'Interurbains - Contact Direct: En raison de ce changement, il ne reste qu’un seul abonné inscrit au compte. Il ne sera pas en mesure de partager le lot de minutes avec d’autres abonnés.', 0, null, 'FR', 3, sysdate, sysdate, user, null);
INSERT INTO application_error
  VALUES ( 0,'MP-LAST-DT',244 , 'One DT pooling sub left on account', sysdate, sysdate, user);

INSERT INTO application_message VALUES (245, 'Airtime / DC pooling enabled for this sub', sysdate, sysdate, user);
INSERT INTO ADAPTED_MESSAGE(APPLICATION_MESSAGE_ID, ADAPTED_MESSAGE_SEQ, MESSAGE_TEXT, APPLICATION_ID, AUDIENCE_TYPE_ID, LANGUAGE_CD, MESSAGE_TYPE_ID, LOAD_DT, UPDATE_DT, USER_LAST_MODIFY, BRAND_ID)  VALUES ( 245, 1, 'Local Air Interconnect: Minute pooling has been enabled for this subscriber.  Local Air Direct Connect: Minute pooling has been enabled for this subscriber.', 0, null, 'EN', 1, sysdate, sysdate, user, null);
INSERT INTO ADAPTED_MESSAGE(APPLICATION_MESSAGE_ID, ADAPTED_MESSAGE_SEQ, MESSAGE_TEXT, APPLICATION_ID, AUDIENCE_TYPE_ID, LANGUAGE_CD, MESSAGE_TYPE_ID, LOAD_DT, UPDATE_DT, USER_LAST_MODIFY, BRAND_ID)  VALUES ( 245, 2, 'Appels locaux - Interconnexion: Le forfait de fusion de minutes a été ajouté au compte de cet abonné.  Appels locaux - Contact Direct: Le forfait de fusion de minutes a été ajouté au compte de cet abonné.', 0, null, 'FR', 1, sysdate, sysdate, user, null);
INSERT INTO ADAPTED_MESSAGE(APPLICATION_MESSAGE_ID, ADAPTED_MESSAGE_SEQ, MESSAGE_TEXT, APPLICATION_ID, AUDIENCE_TYPE_ID, LANGUAGE_CD, MESSAGE_TYPE_ID, LOAD_DT, UPDATE_DT, USER_LAST_MODIFY, BRAND_ID)  VALUES ( 245, 3, 'Local Air Interconnect: Minute pooling has been enabled for this subscriber.  Local Air Direct Connect: Minute pooling has been enabled for this subscriber.', 3, null, 'EN', 1, sysdate, sysdate, user, null);
INSERT INTO ADAPTED_MESSAGE(APPLICATION_MESSAGE_ID, ADAPTED_MESSAGE_SEQ, MESSAGE_TEXT, APPLICATION_ID, AUDIENCE_TYPE_ID, LANGUAGE_CD, MESSAGE_TYPE_ID, LOAD_DT, UPDATE_DT, USER_LAST_MODIFY, BRAND_ID)  VALUES ( 245, 4, 'Appels locaux - Interconnexion: Le forfait de fusion de minutes a été ajouté au compte de cet abonné.  Appels locaux - Contact Direct: Le forfait de fusion de minutes a été ajouté au compte de cet abonné.', 3, null, 'FR', 1, sysdate, sysdate, user, null);
INSERT INTO ADAPTED_MESSAGE(APPLICATION_MESSAGE_ID, ADAPTED_MESSAGE_SEQ, MESSAGE_TEXT, APPLICATION_ID, AUDIENCE_TYPE_ID, LANGUAGE_CD, MESSAGE_TYPE_ID, LOAD_DT, UPDATE_DT, USER_LAST_MODIFY, BRAND_ID)  VALUES ( 245, 5, 'Local Air Interconnect: Minute pooling has been enabled for your number.  Local Air Direct Connect: Minute pooling has been enabled for your number.', 3, 3, 'EN', 1, sysdate, sysdate, user, null);
INSERT INTO ADAPTED_MESSAGE(APPLICATION_MESSAGE_ID, ADAPTED_MESSAGE_SEQ, MESSAGE_TEXT, APPLICATION_ID, AUDIENCE_TYPE_ID, LANGUAGE_CD, MESSAGE_TYPE_ID, LOAD_DT, UPDATE_DT, USER_LAST_MODIFY, BRAND_ID)  VALUES ( 245, 6, 'Appels locaux - Interconnexion: Le forfait de fusion de minutes a été ajouté à votre compte.  Appels locaux - Contact Direct: Le forfait de fusion de minutes a été ajouté à votre compte.', 3, 3, 'FR', 1, sysdate, sysdate, user, null);
INSERT INTO application_error
  VALUES ( 0,'MP-EN-ADC',245 , 'Airtime / DC pooling enabled for this sub', sysdate, sysdate, user);
  
INSERT INTO application_message VALUES (246, 'Additional Airtime / DC subs should be added', sysdate, sysdate, user);
INSERT INTO ADAPTED_MESSAGE(APPLICATION_MESSAGE_ID, ADAPTED_MESSAGE_SEQ, MESSAGE_TEXT, APPLICATION_ID, AUDIENCE_TYPE_ID, LANGUAGE_CD, MESSAGE_TYPE_ID, LOAD_DT, UPDATE_DT, USER_LAST_MODIFY, BRAND_ID)  VALUES ( 246, 1, 'Local Air Interconnect: To benefit from pooling, you should add additional pool-enabled subscribers to this account.  Local Air Direct Connect: To benefit from pooling, you should add additional pool-enabled subscribers to this account.', 0, null, 'EN', 1, sysdate, sysdate, user, null);
INSERT INTO ADAPTED_MESSAGE(APPLICATION_MESSAGE_ID, ADAPTED_MESSAGE_SEQ, MESSAGE_TEXT, APPLICATION_ID, AUDIENCE_TYPE_ID, LANGUAGE_CD, MESSAGE_TYPE_ID, LOAD_DT, UPDATE_DT, USER_LAST_MODIFY, BRAND_ID)  VALUES ( 246, 2, 'Appels locaux - Interconnexion: Pour bénéficier du forfait de fusion de minutes, vous devez ajouter d’autres abonnés au compte qui seront autorisés à partager le lot de minutes.  Appels locaux - Contact Direct: Pour bénéficier du forfait de fusion de minutes, vous devez ajouter d’autres abonnés au compte qui seront autorisés à partager le lot de minutes.', 0, null, 'FR', 1, sysdate, sysdate, user, null);
INSERT INTO ADAPTED_MESSAGE(APPLICATION_MESSAGE_ID, ADAPTED_MESSAGE_SEQ, MESSAGE_TEXT, APPLICATION_ID, AUDIENCE_TYPE_ID, LANGUAGE_CD, MESSAGE_TYPE_ID, LOAD_DT, UPDATE_DT, USER_LAST_MODIFY, BRAND_ID)  VALUES ( 246, 3, 'Local Air Interconnect: To benefit from pooling, you should add additional pool-enabled subscribers to this account.  Local Air Direct Connect: To benefit from pooling, you should add additional pool-enabled subscribers to this account.', 1, null, 'EN', 3, sysdate, sysdate, user, null);
INSERT INTO ADAPTED_MESSAGE(APPLICATION_MESSAGE_ID, ADAPTED_MESSAGE_SEQ, MESSAGE_TEXT, APPLICATION_ID, AUDIENCE_TYPE_ID, LANGUAGE_CD, MESSAGE_TYPE_ID, LOAD_DT, UPDATE_DT, USER_LAST_MODIFY, BRAND_ID)  VALUES ( 246, 4, 'Appels locaux - Interconnexion: Pour bénéficier du forfait de fusion de minutes, vous devez ajouter d’autres abonnés au compte qui seront autorisés à partager le lot de minutes.  Appels locaux - Contact Direct: Pour bénéficier du forfait de fusion de minutes, vous devez ajouter d’autres abonnés au compte qui seront autorisés à partager le lot de minutes.', 1, null, 'FR', 3, sysdate, sysdate, user, null);
INSERT INTO ADAPTED_MESSAGE(APPLICATION_MESSAGE_ID, ADAPTED_MESSAGE_SEQ, MESSAGE_TEXT, APPLICATION_ID, AUDIENCE_TYPE_ID, LANGUAGE_CD, MESSAGE_TYPE_ID, LOAD_DT, UPDATE_DT, USER_LAST_MODIFY, BRAND_ID)  VALUES ( 246, 5, 'Local Air Interconnect: To benefit from pooling, you should add additional pool-enabled subscribers to this account.  Local Air Direct Connect: To benefit from pooling, you should add additional pool-enabled subscribers to this account.', 2, null, 'EN', 3, sysdate, sysdate, user, null);
INSERT INTO ADAPTED_MESSAGE(APPLICATION_MESSAGE_ID, ADAPTED_MESSAGE_SEQ, MESSAGE_TEXT, APPLICATION_ID, AUDIENCE_TYPE_ID, LANGUAGE_CD, MESSAGE_TYPE_ID, LOAD_DT, UPDATE_DT, USER_LAST_MODIFY, BRAND_ID)  VALUES ( 246, 6, 'Appels locaux - Interconnexion: Pour bénéficier du forfait de fusion de minutes, vous devez ajouter d’autres abonnés au compte qui seront autorisés à partager le lot de minutes.  Appels locaux - Contact Direct: Pour bénéficier du forfait de fusion de minutes, vous devez ajouter d’autres abonnés au compte qui seront autorisés à partager le lot de minutes.', 2, null, 'FR', 3, sysdate, sysdate, user, null);
INSERT INTO ADAPTED_MESSAGE(APPLICATION_MESSAGE_ID, ADAPTED_MESSAGE_SEQ, MESSAGE_TEXT, APPLICATION_ID, AUDIENCE_TYPE_ID, LANGUAGE_CD, MESSAGE_TYPE_ID, LOAD_DT, UPDATE_DT, USER_LAST_MODIFY, BRAND_ID)  VALUES ( 246, 7, 'Local Air Interconnect: To benefit from pooling, you should add additional pool-enabled subscribers to this account.  Local Air Direct Connect: To benefit from pooling, you should add additional pool-enabled subscribers to this account.', 3, null, 'EN', 3, sysdate, sysdate, user, null);
INSERT INTO ADAPTED_MESSAGE(APPLICATION_MESSAGE_ID, ADAPTED_MESSAGE_SEQ, MESSAGE_TEXT, APPLICATION_ID, AUDIENCE_TYPE_ID, LANGUAGE_CD, MESSAGE_TYPE_ID, LOAD_DT, UPDATE_DT, USER_LAST_MODIFY, BRAND_ID)  VALUES ( 246, 8, 'Appels locaux - Interconnexion: Pour bénéficier du forfait de fusion de minutes, vous devez ajouter d’autres abonnés au compte qui seront autorisés à partager le lot de minutes.  Appels locaux - Contact Direct: Pour bénéficier du forfait de fusion de minutes, vous devez ajouter d’autres abonnés au compte qui seront autorisés à partager le lot de minutes.', 3, null, 'FR', 3, sysdate, sysdate, user, null);
INSERT INTO application_error
  VALUES ( 0,'MP-ADD-ADC',246 , 'Additional Airtime / DC subs should be added', sysdate, sysdate, user);
  
INSERT INTO application_message VALUES (247, 'Additional Airtime / DC subs should be added to new account', sysdate, sysdate, user);
INSERT INTO ADAPTED_MESSAGE(APPLICATION_MESSAGE_ID, ADAPTED_MESSAGE_SEQ, MESSAGE_TEXT, APPLICATION_ID, AUDIENCE_TYPE_ID, LANGUAGE_CD, MESSAGE_TYPE_ID, LOAD_DT, UPDATE_DT, USER_LAST_MODIFY, BRAND_ID)  VALUES ( 247, 1, 'Local Air Interconnect: To benefit from pooling, you should add additional pool-enabled subscribers to the target pool.  Local Air Direct Connect: To benefit from pooling, you should add additional pool-enabled subscribers to the target pool.', 0, null, 'EN', 3, sysdate, sysdate, user, null);
INSERT INTO ADAPTED_MESSAGE(APPLICATION_MESSAGE_ID, ADAPTED_MESSAGE_SEQ, MESSAGE_TEXT, APPLICATION_ID, AUDIENCE_TYPE_ID, LANGUAGE_CD, MESSAGE_TYPE_ID, LOAD_DT, UPDATE_DT, USER_LAST_MODIFY, BRAND_ID)  VALUES ( 247, 2, 'Appels locaux - Interconnexion: Pour bénéficier du forfait de fusion de minutes, vous devez ajouter d’autres abonnés qui seront autorisés à partager le lot de minutes.  Appels locaux - Contact Direct: Pour bénéficier du forfait de fusion de minutes, vous devez ajouter d’autres abonnés qui seront autorisés à partager le lot de minutes.', 0, null, 'FR', 3, sysdate, sysdate, user, null);
INSERT INTO application_error
  VALUES ( 0,'MP-ADDTOWN-ADC',247 , 'Additional Airtime / DC subs should be added to new account', sysdate, sysdate, user);
  
INSERT INTO application_message VALUES (248, 'Now you can pool with others (Airtime / DC)', sysdate, sysdate, user);
INSERT INTO ADAPTED_MESSAGE(APPLICATION_MESSAGE_ID, ADAPTED_MESSAGE_SEQ, MESSAGE_TEXT, APPLICATION_ID, AUDIENCE_TYPE_ID, LANGUAGE_CD, MESSAGE_TYPE_ID, LOAD_DT, UPDATE_DT, USER_LAST_MODIFY, BRAND_ID)  VALUES ( 248, 1, 'Local Air Interconnect: This subscriber will now pool minutes with other pool-enabled subscribers in this pool.  Local Air Direct Connect: This subscriber will now pool minutes with other pool-enabled subscribers in this pool.', 0, null, 'EN', 1, sysdate, sysdate, user, null);
INSERT INTO ADAPTED_MESSAGE(APPLICATION_MESSAGE_ID, ADAPTED_MESSAGE_SEQ, MESSAGE_TEXT, APPLICATION_ID, AUDIENCE_TYPE_ID, LANGUAGE_CD, MESSAGE_TYPE_ID, LOAD_DT, UPDATE_DT, USER_LAST_MODIFY, BRAND_ID)  VALUES ( 248, 2, 'Appels locaux - Interconnexion: Cet abonné bénéficie maintenant du forfait de fusion de minutes avec les autres abonnés inscrits à ce compte.  Appels locaux - Contact Direct: Cet abonné bénéficie maintenant du forfait de fusion de minutes avec les autres abonnés inscrits à ce compte.', 0, null, 'FR', 1, sysdate, sysdate, user, null);
INSERT INTO ADAPTED_MESSAGE(APPLICATION_MESSAGE_ID, ADAPTED_MESSAGE_SEQ, MESSAGE_TEXT, APPLICATION_ID, AUDIENCE_TYPE_ID, LANGUAGE_CD, MESSAGE_TYPE_ID, LOAD_DT, UPDATE_DT, USER_LAST_MODIFY, BRAND_ID)  VALUES ( 248, 3, 'Local Air Interconnect: This subscriber will now pool minutes with other pool-enabled subscribers in this pool.  Local Air Direct Connect: This subscriber will now pool minutes with other pool-enabled subscribers in this pool.', 3, null, 'EN', 1, sysdate, sysdate, user, null);
INSERT INTO ADAPTED_MESSAGE(APPLICATION_MESSAGE_ID, ADAPTED_MESSAGE_SEQ, MESSAGE_TEXT, APPLICATION_ID, AUDIENCE_TYPE_ID, LANGUAGE_CD, MESSAGE_TYPE_ID, LOAD_DT, UPDATE_DT, USER_LAST_MODIFY, BRAND_ID)  VALUES ( 248, 4, 'Appels locaux - Interconnexion: Cet abonné bénéficie maintenant du forfait de fusion de minutes avec les autres abonnés inscrits à ce compte.  Appels locaux - Contact Direct: Cet abonné bénéficie maintenant du forfait de fusion de minutes avec les autres abonnés inscrits à ce compte.', 3, null, 'FR', 1, sysdate, sysdate, user, null);
INSERT INTO ADAPTED_MESSAGE(APPLICATION_MESSAGE_ID, ADAPTED_MESSAGE_SEQ, MESSAGE_TEXT, APPLICATION_ID, AUDIENCE_TYPE_ID, LANGUAGE_CD, MESSAGE_TYPE_ID, LOAD_DT, UPDATE_DT, USER_LAST_MODIFY, BRAND_ID)  VALUES ( 248, 5, 'Local Air Interconnect: You will now pool minutes with other pool-enabled subscribers in this pool.  Local Air Direct Connect: You will now pool minutes with other pool-enabled subscribers in this pool.', 3, 3, 'EN', 1, sysdate, sysdate, user, null);
INSERT INTO ADAPTED_MESSAGE(APPLICATION_MESSAGE_ID, ADAPTED_MESSAGE_SEQ, MESSAGE_TEXT, APPLICATION_ID, AUDIENCE_TYPE_ID, LANGUAGE_CD, MESSAGE_TYPE_ID, LOAD_DT, UPDATE_DT, USER_LAST_MODIFY, BRAND_ID)  VALUES ( 248, 6, 'Appels locaux - Interconnexion: Vous bénéficiez maintenant du forfait de fusion de minutes avec les autres abonnés inscrits à ce compte.  Appels locaux - Contact Direct: Vous bénéficiez maintenant du forfait de fusion de minutes avec les autres abonnés inscrits à ce compte.', 3, 3, 'FR', 1, sysdate, sysdate, user, null);
INSERT INTO ADAPTED_MESSAGE(APPLICATION_MESSAGE_ID, ADAPTED_MESSAGE_SEQ, MESSAGE_TEXT, APPLICATION_ID, AUDIENCE_TYPE_ID, LANGUAGE_CD, MESSAGE_TYPE_ID, LOAD_DT, UPDATE_DT, USER_LAST_MODIFY, BRAND_ID)  VALUES ( 248, 7, 'Local Air Interconnect: You will now pool minutes with other pool-enabled subscribers in this pool.  Local Air Direct Connect: You will now pool minutes with other pool-enabled subscribers in this pool.', 9, null, 'EN', 1, sysdate, sysdate, user, null);
INSERT INTO ADAPTED_MESSAGE(APPLICATION_MESSAGE_ID, ADAPTED_MESSAGE_SEQ, MESSAGE_TEXT, APPLICATION_ID, AUDIENCE_TYPE_ID, LANGUAGE_CD, MESSAGE_TYPE_ID, LOAD_DT, UPDATE_DT, USER_LAST_MODIFY, BRAND_ID)  VALUES ( 248, 8, 'Appels locaux - Interconnexion: Vous bénéficiez maintenant du forfait de fusion de minutes avec les autres abonnés inscrits à ce compte.  Appels locaux - Contact Direct: Vous bénéficiez maintenant du forfait de fusion de minutes avec les autres abonnés inscrits à ce compte.', 9, null, 'FR', 1, sysdate, sysdate, user, null);
INSERT INTO application_error
  VALUES ( 0,'MP-PWO-ADC', 248, 'Now you can pool with others (Airtime / DC)', sysdate, sysdate, user);
  
INSERT INTO application_message VALUES (249, 'Disable Airtime / DC pooling on this sub', sysdate, sysdate, user);
INSERT INTO ADAPTED_MESSAGE(APPLICATION_MESSAGE_ID, ADAPTED_MESSAGE_SEQ, MESSAGE_TEXT, APPLICATION_ID, AUDIENCE_TYPE_ID, LANGUAGE_CD, MESSAGE_TYPE_ID, LOAD_DT, UPDATE_DT, USER_LAST_MODIFY, BRAND_ID)  VALUES ( 249, 1, 'Local Air Interconnect: Minute pooling will be disabled. This subscriber will no longer pool minutes with other pool-enabled subscribers in this pool.  Local Air Direct Connect: Minute pooling will be disabled. This subscriber will no longer pool minutes with other pool-enabled subscribers in this pool.', 0, null, 'EN', 1, sysdate, sysdate, user, null);
INSERT INTO ADAPTED_MESSAGE(APPLICATION_MESSAGE_ID, ADAPTED_MESSAGE_SEQ, MESSAGE_TEXT, APPLICATION_ID, AUDIENCE_TYPE_ID, LANGUAGE_CD, MESSAGE_TYPE_ID, LOAD_DT, UPDATE_DT, USER_LAST_MODIFY, BRAND_ID)  VALUES ( 249, 2, 'Appels locaux - Interconnexion: Le partage de minutes sera désactivé. Cet abonné ne sera plus en mesure de partager le lot de minutes avec d’autres abonnés inscrits au compte.  Appels locaux - Contact Direct: Le partage de minutes sera désactivé. Cet abonné ne sera plus en mesure de partager le lot de minutes avec d’autres abonnés inscrits au compte.', 0, null, 'FR', 1, sysdate, sysdate, user, null);
INSERT INTO ADAPTED_MESSAGE(APPLICATION_MESSAGE_ID, ADAPTED_MESSAGE_SEQ, MESSAGE_TEXT, APPLICATION_ID, AUDIENCE_TYPE_ID, LANGUAGE_CD, MESSAGE_TYPE_ID, LOAD_DT, UPDATE_DT, USER_LAST_MODIFY, BRAND_ID)  VALUES ( 249, 3, 'Local Air Interconnect: Minute pooling will be disabled. This subscriber will no longer pool minutes with other pool-enabled subscribers in this pool.  Local Air Direct Connect: Minute pooling will be disabled. This subscriber will no longer pool minutes with other pool-enabled subscribers in this pool.', 3, null, 'EN', 1, sysdate, sysdate, user, null);
INSERT INTO ADAPTED_MESSAGE(APPLICATION_MESSAGE_ID, ADAPTED_MESSAGE_SEQ, MESSAGE_TEXT, APPLICATION_ID, AUDIENCE_TYPE_ID, LANGUAGE_CD, MESSAGE_TYPE_ID, LOAD_DT, UPDATE_DT, USER_LAST_MODIFY, BRAND_ID)  VALUES ( 249, 4, 'Appels locaux - Interconnexion: Le partage de minutes sera désactivé. Cet abonné ne sera plus en mesure de partager le lot de minutes avec d’autres abonnés inscrits au compte.  Appels locaux - Contact Direct: Le partage de minutes sera désactivé. Cet abonné ne sera plus en mesure de partager le lot de minutes avec d’autres abonnés inscrits au compte.', 3, null, 'FR', 1, sysdate, sysdate, user, null);
INSERT INTO ADAPTED_MESSAGE(APPLICATION_MESSAGE_ID, ADAPTED_MESSAGE_SEQ, MESSAGE_TEXT, APPLICATION_ID, AUDIENCE_TYPE_ID, LANGUAGE_CD, MESSAGE_TYPE_ID, LOAD_DT, UPDATE_DT, USER_LAST_MODIFY, BRAND_ID)  VALUES ( 249, 5, 'Local Air Interconnect: Minute pooling will be disabled. You will no longer pool minutes with other pool-enabled subscribers in this pool.  Local Air Direct Connect: Minute pooling will be disabled. You will no longer pool minutes with other pool-enabled subscribers in this pool.', 3, 3, 'EN', 1, sysdate, sysdate, user, null);
INSERT INTO ADAPTED_MESSAGE(APPLICATION_MESSAGE_ID, ADAPTED_MESSAGE_SEQ, MESSAGE_TEXT, APPLICATION_ID, AUDIENCE_TYPE_ID, LANGUAGE_CD, MESSAGE_TYPE_ID, LOAD_DT, UPDATE_DT, USER_LAST_MODIFY, BRAND_ID)  VALUES ( 249, 6, 'Appels locaux - Interconnexion: Le partage de minutes sera désactivé. Vous ne serez plus en mesure de partager le lot de minutes avec d’autres abonnés inscrits au compte.  Appels locaux - Contact Direct: Le partage de minutes sera désactivé. Vous ne serez plus en mesure de partager le lot de minutes avec d’autres abonnés inscrits au compte.', 3, 3, 'FR', 1, sysdate, sysdate, user, null);
INSERT INTO application_error
  VALUES ( 0,'MP-DIS-ADC', 249, 'Disable Airtime / DC pooling on this sub', sysdate, sysdate, user);
  
INSERT INTO application_message VALUES (250, 'One Airtime / DC pooling sub left on account', sysdate, sysdate, user);
INSERT INTO ADAPTED_MESSAGE(APPLICATION_MESSAGE_ID, ADAPTED_MESSAGE_SEQ, MESSAGE_TEXT, APPLICATION_ID, AUDIENCE_TYPE_ID, LANGUAGE_CD, MESSAGE_TYPE_ID, LOAD_DT, UPDATE_DT, USER_LAST_MODIFY, BRAND_ID)  VALUES ( 250, 1, 'Local Air Interconnect: This change will leave only one pool-enabled subscriber in this pool with no other subscribers to pool with.  Local Air Direct Connect: This change will leave only one pool-enabled subscriber in this pool with no other subscribers to pool with.', 0, null, 'EN', 3, sysdate, sysdate, user, null);
INSERT INTO ADAPTED_MESSAGE(APPLICATION_MESSAGE_ID, ADAPTED_MESSAGE_SEQ, MESSAGE_TEXT, APPLICATION_ID, AUDIENCE_TYPE_ID, LANGUAGE_CD, MESSAGE_TYPE_ID, LOAD_DT, UPDATE_DT, USER_LAST_MODIFY, BRAND_ID)  VALUES ( 250, 2, 'Appels locaux - Interconnexion: En raison de ce changement, il ne reste qu’un seul abonné inscrit au compte. Il ne sera pas en mesure de partager le lot de minutes avec d’autres abonnés.  Appels locaux - Contact Direct: En raison de ce changement, il ne reste qu’un seul abonné inscrit au compte. Il ne sera pas en mesure de partager le lot de minutes avec d’autres abonnés.', 0, null, 'FR', 3, sysdate, sysdate, user, null);
INSERT INTO application_error
  VALUES ( 0,'MP-LAST-ADC',250 , 'One Airtime / DC pooling sub left on account', sysdate, sysdate, user);
  
INSERT INTO application_message VALUES (251, 'LD / Toll DC pooling enabled for this sub', sysdate, sysdate, user);
INSERT INTO ADAPTED_MESSAGE(APPLICATION_MESSAGE_ID, ADAPTED_MESSAGE_SEQ, MESSAGE_TEXT, APPLICATION_ID, AUDIENCE_TYPE_ID, LANGUAGE_CD, MESSAGE_TYPE_ID, LOAD_DT, UPDATE_DT, USER_LAST_MODIFY, BRAND_ID)  VALUES ( 251, 1, 'Toll Interconnect: Minute pooling has been enabled for this subscriber.  Toll Direct Connect: Minute pooling has been enabled for this subscriber.', 0, null, 'EN', 1, sysdate, sysdate, user, null);
INSERT INTO ADAPTED_MESSAGE(APPLICATION_MESSAGE_ID, ADAPTED_MESSAGE_SEQ, MESSAGE_TEXT, APPLICATION_ID, AUDIENCE_TYPE_ID, LANGUAGE_CD, MESSAGE_TYPE_ID, LOAD_DT, UPDATE_DT, USER_LAST_MODIFY, BRAND_ID)  VALUES ( 251, 2, 'Interurbains - Interconnexion: Le forfait de fusion de minutes a été ajouté au compte de cet abonné.  Interurbains - Contact Direct: Le forfait de fusion de minutes a été ajouté au compte de cet abonné.', 0, null, 'FR', 1, sysdate, sysdate, user, null);
INSERT INTO ADAPTED_MESSAGE(APPLICATION_MESSAGE_ID, ADAPTED_MESSAGE_SEQ, MESSAGE_TEXT, APPLICATION_ID, AUDIENCE_TYPE_ID, LANGUAGE_CD, MESSAGE_TYPE_ID, LOAD_DT, UPDATE_DT, USER_LAST_MODIFY, BRAND_ID)  VALUES ( 251, 3, 'Toll Interconnect: Minute pooling has been enabled for this subscriber.  Toll Direct Connect: Minute pooling has been enabled for this subscriber.', 3, null, 'EN', 1, sysdate, sysdate, user, null);
INSERT INTO ADAPTED_MESSAGE(APPLICATION_MESSAGE_ID, ADAPTED_MESSAGE_SEQ, MESSAGE_TEXT, APPLICATION_ID, AUDIENCE_TYPE_ID, LANGUAGE_CD, MESSAGE_TYPE_ID, LOAD_DT, UPDATE_DT, USER_LAST_MODIFY, BRAND_ID)  VALUES ( 251, 4, 'Interurbains - Interconnexion: Le forfait de fusion de minutes a été ajouté au compte de cet abonné.  Interurbains - Contact Direct: Le forfait de fusion de minutes a été ajouté au compte de cet abonné.', 3, null, 'FR', 1, sysdate, sysdate, user, null);
INSERT INTO ADAPTED_MESSAGE(APPLICATION_MESSAGE_ID, ADAPTED_MESSAGE_SEQ, MESSAGE_TEXT, APPLICATION_ID, AUDIENCE_TYPE_ID, LANGUAGE_CD, MESSAGE_TYPE_ID, LOAD_DT, UPDATE_DT, USER_LAST_MODIFY, BRAND_ID)  VALUES ( 251, 5, 'Toll Interconnect: Minute pooling has been enabled for your number.  Toll Direct Connect: Minute pooling has been enabled for your number.', 3, 3, 'EN', 1, sysdate, sysdate, user, null);
INSERT INTO ADAPTED_MESSAGE(APPLICATION_MESSAGE_ID, ADAPTED_MESSAGE_SEQ, MESSAGE_TEXT, APPLICATION_ID, AUDIENCE_TYPE_ID, LANGUAGE_CD, MESSAGE_TYPE_ID, LOAD_DT, UPDATE_DT, USER_LAST_MODIFY, BRAND_ID)  VALUES ( 251, 6, 'Interurbains - Interconnexion: Le forfait de fusion de minutes a été ajouté à votre compte.  Interurbains - Contact Direct: Le forfait de fusion de minutes a été ajouté à votre compte.', 3, 3, 'FR', 1, sysdate, sysdate, user, null);
INSERT INTO application_error
  VALUES ( 0,'MP-EN-LDC',251 , 'LD / Toll DC pooling enabled for this sub', sysdate, sysdate, user);
  
INSERT INTO application_message VALUES (252, 'Additional LD / Toll DC subs should be added', sysdate, sysdate, user);
INSERT INTO ADAPTED_MESSAGE(APPLICATION_MESSAGE_ID, ADAPTED_MESSAGE_SEQ, MESSAGE_TEXT, APPLICATION_ID, AUDIENCE_TYPE_ID, LANGUAGE_CD, MESSAGE_TYPE_ID, LOAD_DT, UPDATE_DT, USER_LAST_MODIFY, BRAND_ID)  VALUES ( 252, 1, 'Toll Interconnect: To benefit from pooling, you should add additional pool-enabled subscribers to this account.  Toll Direct Connect: To benefit from pooling, you should add additional pool-enabled subscribers to this account.', 0, null, 'EN', 1, sysdate, sysdate, user, null);
INSERT INTO ADAPTED_MESSAGE(APPLICATION_MESSAGE_ID, ADAPTED_MESSAGE_SEQ, MESSAGE_TEXT, APPLICATION_ID, AUDIENCE_TYPE_ID, LANGUAGE_CD, MESSAGE_TYPE_ID, LOAD_DT, UPDATE_DT, USER_LAST_MODIFY, BRAND_ID)  VALUES ( 252, 2, 'Interurbains - Interconnexion: Pour bénéficier du forfait de fusion de minutes, vous devez ajouter d’autres abonnés au compte qui seront autorisés à partager le lot de minutes.  Interurbains - Contact Direct: Pour bénéficier du forfait de fusion de minutes, vous devez ajouter d’autres abonnés au compte qui seront autorisés à partager le lot de minutes.', 0, null, 'FR', 1, sysdate, sysdate, user, null);
INSERT INTO ADAPTED_MESSAGE(APPLICATION_MESSAGE_ID, ADAPTED_MESSAGE_SEQ, MESSAGE_TEXT, APPLICATION_ID, AUDIENCE_TYPE_ID, LANGUAGE_CD, MESSAGE_TYPE_ID, LOAD_DT, UPDATE_DT, USER_LAST_MODIFY, BRAND_ID)  VALUES ( 252, 3, 'Toll Interconnect: To benefit from pooling, you should add additional pool-enabled subscribers to this account.  Toll Direct Connect: To benefit from pooling, you should add additional pool-enabled subscribers to this account.', 1, null, 'EN', 3, sysdate, sysdate, user, null);
INSERT INTO ADAPTED_MESSAGE(APPLICATION_MESSAGE_ID, ADAPTED_MESSAGE_SEQ, MESSAGE_TEXT, APPLICATION_ID, AUDIENCE_TYPE_ID, LANGUAGE_CD, MESSAGE_TYPE_ID, LOAD_DT, UPDATE_DT, USER_LAST_MODIFY, BRAND_ID)  VALUES ( 252, 4, 'Interurbains - Interconnexion: Pour bénéficier du forfait de fusion de minutes, vous devez ajouter d’autres abonnés au compte qui seront autorisés à partager le lot de minutes.  Interurbains - Contact Direct: Pour bénéficier du forfait de fusion de minutes, vous devez ajouter d’autres abonnés au compte qui seront autorisés à partager le lot de minutes.', 1, null, 'FR', 3, sysdate, sysdate, user, null);
INSERT INTO ADAPTED_MESSAGE(APPLICATION_MESSAGE_ID, ADAPTED_MESSAGE_SEQ, MESSAGE_TEXT, APPLICATION_ID, AUDIENCE_TYPE_ID, LANGUAGE_CD, MESSAGE_TYPE_ID, LOAD_DT, UPDATE_DT, USER_LAST_MODIFY, BRAND_ID)  VALUES ( 252, 5, 'Toll Interconnect: To benefit from pooling, you should add additional pool-enabled subscribers to this account.  Toll Direct Connect: To benefit from pooling, you should add additional pool-enabled subscribers to this account.', 2, null, 'EN', 3, sysdate, sysdate, user, null);
INSERT INTO ADAPTED_MESSAGE(APPLICATION_MESSAGE_ID, ADAPTED_MESSAGE_SEQ, MESSAGE_TEXT, APPLICATION_ID, AUDIENCE_TYPE_ID, LANGUAGE_CD, MESSAGE_TYPE_ID, LOAD_DT, UPDATE_DT, USER_LAST_MODIFY, BRAND_ID)  VALUES ( 252, 6, 'Interurbains - Interconnexion: Pour bénéficier du forfait de fusion de minutes, vous devez ajouter d’autres abonnés au compte qui seront autorisés à partager le lot de minutes.  Interurbains - Contact Direct: Pour bénéficier du forfait de fusion de minutes, vous devez ajouter d’autres abonnés au compte qui seront autorisés à partager le lot de minutes.', 2, null, 'FR', 3, sysdate, sysdate, user, null);
INSERT INTO ADAPTED_MESSAGE(APPLICATION_MESSAGE_ID, ADAPTED_MESSAGE_SEQ, MESSAGE_TEXT, APPLICATION_ID, AUDIENCE_TYPE_ID, LANGUAGE_CD, MESSAGE_TYPE_ID, LOAD_DT, UPDATE_DT, USER_LAST_MODIFY, BRAND_ID)  VALUES ( 252, 7, 'Toll Interconnect: To benefit from pooling, you should add additional pool-enabled subscribers to this account.  Toll Direct Connect: To benefit from pooling, you should add additional pool-enabled subscribers to this account.', 3, null, 'EN', 3, sysdate, sysdate, user, null);
INSERT INTO ADAPTED_MESSAGE(APPLICATION_MESSAGE_ID, ADAPTED_MESSAGE_SEQ, MESSAGE_TEXT, APPLICATION_ID, AUDIENCE_TYPE_ID, LANGUAGE_CD, MESSAGE_TYPE_ID, LOAD_DT, UPDATE_DT, USER_LAST_MODIFY, BRAND_ID)  VALUES ( 252, 8, 'Interurbains - Interconnexion: Pour bénéficier du forfait de fusion de minutes, vous devez ajouter d’autres abonnés au compte qui seront autorisés à partager le lot de minutes.  Interurbains - Contact Direct: Pour bénéficier du forfait de fusion de minutes, vous devez ajouter d’autres abonnés au compte qui seront autorisés à partager le lot de minutes.', 3, null, 'FR', 3, sysdate, sysdate, user, null);
INSERT INTO application_error
  VALUES ( 0,'MP-ADD-LDC', 252, 'Additional LD / Toll DC subs should be added', sysdate, sysdate, user);
  
INSERT INTO application_message VALUES (253, 'Additional LD / Toll DC subs should be added to new account', sysdate, sysdate, user);
INSERT INTO ADAPTED_MESSAGE(APPLICATION_MESSAGE_ID, ADAPTED_MESSAGE_SEQ, MESSAGE_TEXT, APPLICATION_ID, AUDIENCE_TYPE_ID, LANGUAGE_CD, MESSAGE_TYPE_ID, LOAD_DT, UPDATE_DT, USER_LAST_MODIFY, BRAND_ID)  VALUES ( 253, 1, 'Toll Interconnect: To benefit from pooling, you should add additional pool-enabled subscribers to the target pool.  Toll Direct Connect: To benefit from pooling, you should add additional pool-enabled subscribers to the target pool.', 0, null, 'EN', 3, sysdate, sysdate, user, null);
INSERT INTO ADAPTED_MESSAGE(APPLICATION_MESSAGE_ID, ADAPTED_MESSAGE_SEQ, MESSAGE_TEXT, APPLICATION_ID, AUDIENCE_TYPE_ID, LANGUAGE_CD, MESSAGE_TYPE_ID, LOAD_DT, UPDATE_DT, USER_LAST_MODIFY, BRAND_ID)  VALUES ( 253, 2, 'Interurbains - Interconnexion: Pour bénéficier du forfait de fusion de minutes, vous devez ajouter d’autres abonnés qui seront autorisés à partager le lot de minutes.  Interurbains - Contact Direct: Pour bénéficier du forfait de fusion de minutes, vous devez ajouter d’autres abonnés qui seront autorisés à partager le lot de minutes.', 0, null, 'FR', 3, sysdate, sysdate, user, null);
INSERT INTO application_error
  VALUES ( 0,'MP-ADDTOWN-LDC', 253, 'Additional LD / Toll DC subs should be added to new account', sysdate, sysdate, user);
  
INSERT INTO application_message VALUES (254, 'Now you can pool with others (LD / Toll DC) ', sysdate, sysdate, user);
INSERT INTO ADAPTED_MESSAGE(APPLICATION_MESSAGE_ID, ADAPTED_MESSAGE_SEQ, MESSAGE_TEXT, APPLICATION_ID, AUDIENCE_TYPE_ID, LANGUAGE_CD, MESSAGE_TYPE_ID, LOAD_DT, UPDATE_DT, USER_LAST_MODIFY, BRAND_ID)  VALUES ( 254, 1, 'Toll Interconnect: This subscriber will now pool minutes with other pool-enabled subscribers in this pool.  Toll Direct Connect: This subscriber will now pool minutes with other pool-enabled subscribers in this pool.', 0, null, 'EN', 1, sysdate, sysdate, user, null);
INSERT INTO ADAPTED_MESSAGE(APPLICATION_MESSAGE_ID, ADAPTED_MESSAGE_SEQ, MESSAGE_TEXT, APPLICATION_ID, AUDIENCE_TYPE_ID, LANGUAGE_CD, MESSAGE_TYPE_ID, LOAD_DT, UPDATE_DT, USER_LAST_MODIFY, BRAND_ID)  VALUES ( 254, 2, 'Interurbains - Interconnexion: Cet abonné bénéficie maintenant du forfait de fusion de minutes avec les autres abonnés inscrits à ce compte.  Interurbains - Contact Direct: Cet abonné bénéficie maintenant du forfait de fusion de minutes avec les autres abonnés inscrits à ce compte.', 0, null, 'FR', 1, sysdate, sysdate, user, null);
INSERT INTO ADAPTED_MESSAGE(APPLICATION_MESSAGE_ID, ADAPTED_MESSAGE_SEQ, MESSAGE_TEXT, APPLICATION_ID, AUDIENCE_TYPE_ID, LANGUAGE_CD, MESSAGE_TYPE_ID, LOAD_DT, UPDATE_DT, USER_LAST_MODIFY, BRAND_ID)  VALUES ( 254, 3, 'Toll Interconnect: This subscriber will now pool minutes with other pool-enabled subscribers in this pool.  Toll Direct Connect: This subscriber will now pool minutes with other pool-enabled subscribers in this pool.', 3, null, 'EN', 1, sysdate, sysdate, user, null);
INSERT INTO ADAPTED_MESSAGE(APPLICATION_MESSAGE_ID, ADAPTED_MESSAGE_SEQ, MESSAGE_TEXT, APPLICATION_ID, AUDIENCE_TYPE_ID, LANGUAGE_CD, MESSAGE_TYPE_ID, LOAD_DT, UPDATE_DT, USER_LAST_MODIFY, BRAND_ID)  VALUES ( 254, 4, 'Interurbains - Interconnexion: Cet abonné bénéficie maintenant du forfait de fusion de minutes avec les autres abonnés inscrits à ce compte.  Interurbains - Contact Direct: Cet abonné bénéficie maintenant du forfait de fusion de minutes avec les autres abonnés inscrits à ce compte.', 3, null, 'FR', 1, sysdate, sysdate, user, null);
INSERT INTO ADAPTED_MESSAGE(APPLICATION_MESSAGE_ID, ADAPTED_MESSAGE_SEQ, MESSAGE_TEXT, APPLICATION_ID, AUDIENCE_TYPE_ID, LANGUAGE_CD, MESSAGE_TYPE_ID, LOAD_DT, UPDATE_DT, USER_LAST_MODIFY, BRAND_ID)  VALUES ( 254, 5, 'Toll Interconnect: You will now pool minutes with other pool-enabled subscribers in this pool.  Toll Direct Connect: You will now pool minutes with other pool-enabled subscribers in this pool.', 3, 3, 'EN', 1, sysdate, sysdate, user, null);
INSERT INTO ADAPTED_MESSAGE(APPLICATION_MESSAGE_ID, ADAPTED_MESSAGE_SEQ, MESSAGE_TEXT, APPLICATION_ID, AUDIENCE_TYPE_ID, LANGUAGE_CD, MESSAGE_TYPE_ID, LOAD_DT, UPDATE_DT, USER_LAST_MODIFY, BRAND_ID)  VALUES ( 254, 6, 'Interurbains - Interconnexion: Vous bénéficiez maintenant du forfait de fusion de minutes avec les autres abonnés inscrits à ce compte.  Interurbains - Contact Direct: Vous bénéficiez maintenant du forfait de fusion de minutes avec les autres abonnés inscrits à ce compte.', 3, 3, 'FR', 1, sysdate, sysdate, user, null);
INSERT INTO ADAPTED_MESSAGE(APPLICATION_MESSAGE_ID, ADAPTED_MESSAGE_SEQ, MESSAGE_TEXT, APPLICATION_ID, AUDIENCE_TYPE_ID, LANGUAGE_CD, MESSAGE_TYPE_ID, LOAD_DT, UPDATE_DT, USER_LAST_MODIFY, BRAND_ID)  VALUES ( 254, 7, 'Toll Interconnect: You will now pool minutes with other pool-enabled subscribers in this pool.  Toll Direct Connect: You will now pool minutes with other pool-enabled subscribers in this pool.', 9, null, 'EN', 1, sysdate, sysdate, user, null);
INSERT INTO ADAPTED_MESSAGE(APPLICATION_MESSAGE_ID, ADAPTED_MESSAGE_SEQ, MESSAGE_TEXT, APPLICATION_ID, AUDIENCE_TYPE_ID, LANGUAGE_CD, MESSAGE_TYPE_ID, LOAD_DT, UPDATE_DT, USER_LAST_MODIFY, BRAND_ID)  VALUES ( 254, 8, 'Interurbains - Interconnexion: Vous bénéficiez maintenant du forfait de fusion de minutes avec les autres abonnés inscrits à ce compte.  Interurbains - Contact Direct: Vous bénéficiez maintenant du forfait de fusion de minutes avec les autres abonnés inscrits à ce compte.', 9, null, 'FR', 1, sysdate, sysdate, user, null);
INSERT INTO application_error
  VALUES ( 0,'MP-PWO-LDC', 254, 'Now you can pool with others (LD / Toll DC)', sysdate, sysdate, user);
  
INSERT INTO application_message VALUES (255, 'Disable LD / Toll DC pooling on this sub', sysdate, sysdate, user);
INSERT INTO ADAPTED_MESSAGE(APPLICATION_MESSAGE_ID, ADAPTED_MESSAGE_SEQ, MESSAGE_TEXT, APPLICATION_ID, AUDIENCE_TYPE_ID, LANGUAGE_CD, MESSAGE_TYPE_ID, LOAD_DT, UPDATE_DT, USER_LAST_MODIFY, BRAND_ID)  VALUES ( 255, 1, 'Toll Interconnect: Minute pooling will be disabled. This subscriber will no longer pool minutes with other pool-enabled subscribers in this pool.  Toll Direct Connect: Minute pooling will be disabled. This subscriber will no longer pool minutes with other pool-enabled subscribers in this pool.', 0, null, 'EN', 1, sysdate, sysdate, user, null);
INSERT INTO ADAPTED_MESSAGE(APPLICATION_MESSAGE_ID, ADAPTED_MESSAGE_SEQ, MESSAGE_TEXT, APPLICATION_ID, AUDIENCE_TYPE_ID, LANGUAGE_CD, MESSAGE_TYPE_ID, LOAD_DT, UPDATE_DT, USER_LAST_MODIFY, BRAND_ID)  VALUES ( 255, 2, 'Interurbains - Interconnexion: Le partage de minutes sera désactivé. Cet abonné ne sera plus en mesure de partager le lot de minutes avec d’autres abonnés inscrits au compte.  Interurbains - Contact Direct: Le partage de minutes sera désactivé. Cet abonné ne sera plus en mesure de partager le lot de minutes avec d’autres abonnés inscrits au compte.', 0, null, 'FR', 1, sysdate, sysdate, user, null);
INSERT INTO ADAPTED_MESSAGE(APPLICATION_MESSAGE_ID, ADAPTED_MESSAGE_SEQ, MESSAGE_TEXT, APPLICATION_ID, AUDIENCE_TYPE_ID, LANGUAGE_CD, MESSAGE_TYPE_ID, LOAD_DT, UPDATE_DT, USER_LAST_MODIFY, BRAND_ID)  VALUES ( 255, 3, 'Toll Interconnect: Minute pooling will be disabled. This subscriber will no longer pool minutes with other pool-enabled subscribers in this pool.  Toll Direct Connect: Minute pooling will be disabled. This subscriber will no longer pool minutes with other pool-enabled subscribers in this pool.', 3, null, 'EN', 1, sysdate, sysdate, user, null);
INSERT INTO ADAPTED_MESSAGE(APPLICATION_MESSAGE_ID, ADAPTED_MESSAGE_SEQ, MESSAGE_TEXT, APPLICATION_ID, AUDIENCE_TYPE_ID, LANGUAGE_CD, MESSAGE_TYPE_ID, LOAD_DT, UPDATE_DT, USER_LAST_MODIFY, BRAND_ID)  VALUES ( 255, 4, 'Interurbains - Interconnexion: Le partage de minutes sera désactivé. Cet abonné ne sera plus en mesure de partager le lot de minutes avec d’autres abonnés inscrits au compte.  Interurbains - Contact Direct: Le partage de minutes sera désactivé. Cet abonné ne sera plus en mesure de partager le lot de minutes avec d’autres abonnés inscrits au compte.', 3, null, 'FR', 1, sysdate, sysdate, user, null);
INSERT INTO ADAPTED_MESSAGE(APPLICATION_MESSAGE_ID, ADAPTED_MESSAGE_SEQ, MESSAGE_TEXT, APPLICATION_ID, AUDIENCE_TYPE_ID, LANGUAGE_CD, MESSAGE_TYPE_ID, LOAD_DT, UPDATE_DT, USER_LAST_MODIFY, BRAND_ID)  VALUES ( 255, 5, 'Toll Interconnect: Minute pooling will be disabled. You will no longer pool minutes with other pool-enabled subscribers in this pool.  Toll Direct Connect: Minute pooling will be disabled. You will no longer pool minutes with other pool-enabled subscribers in this pool.', 3, 3, 'EN', 1, sysdate, sysdate, user, null);
INSERT INTO ADAPTED_MESSAGE(APPLICATION_MESSAGE_ID, ADAPTED_MESSAGE_SEQ, MESSAGE_TEXT, APPLICATION_ID, AUDIENCE_TYPE_ID, LANGUAGE_CD, MESSAGE_TYPE_ID, LOAD_DT, UPDATE_DT, USER_LAST_MODIFY, BRAND_ID)  VALUES ( 255, 6, 'Interurbains - Interconnexion: Le partage de minutes sera désactivé. Vous ne serez plus en mesure de partager le lot de minutes avec d’autres abonnés inscrits au compte.  Interurbains - Contact Direct: Le partage de minutes sera désactivé. Vous ne serez plus en mesure de partager le lot de minutes avec d’autres abonnés inscrits au compte.', 3, 3, 'FR', 1, sysdate, sysdate, user, null);
INSERT INTO application_error
  VALUES ( 0,'MP-DIS-LDC',255 , 'Disable LD / Toll DC pooling on this sub', sysdate, sysdate, user);
  
INSERT INTO application_message VALUES (256, 'One LD / Toll DC pooling sub left on account', sysdate, sysdate, user);
INSERT INTO ADAPTED_MESSAGE(APPLICATION_MESSAGE_ID, ADAPTED_MESSAGE_SEQ, MESSAGE_TEXT, APPLICATION_ID, AUDIENCE_TYPE_ID, LANGUAGE_CD, MESSAGE_TYPE_ID, LOAD_DT, UPDATE_DT, USER_LAST_MODIFY, BRAND_ID)  VALUES ( 256, 1, 'Toll Interconnect: This change will leave only one pool-enabled subscriber in this pool with no other subscribers to pool with.  Toll Direct Connect: This change will leave only one pool-enabled subscriber in this pool with no other subscribers to pool with.', 0, null, 'EN', 3, sysdate, sysdate, user, null);
INSERT INTO ADAPTED_MESSAGE(APPLICATION_MESSAGE_ID, ADAPTED_MESSAGE_SEQ, MESSAGE_TEXT, APPLICATION_ID, AUDIENCE_TYPE_ID, LANGUAGE_CD, MESSAGE_TYPE_ID, LOAD_DT, UPDATE_DT, USER_LAST_MODIFY, BRAND_ID)  VALUES ( 256, 2, 'Interurbains - Interconnexion: En raison de ce changement, il ne reste qu’un seul abonné inscrit au compte. Il ne sera pas en mesure de partager le lot de minutes avec d’autres abonnés.  Interurbains - Contact Direct: En raison de ce changement, il ne reste qu’un seul abonné inscrit au compte. Il ne sera pas en mesure de partager le lot de minutes avec d’autres abonnés.', 0, null, 'FR', 3, sysdate, sysdate, user, null);
INSERT INTO application_error
  VALUES ( 0,'MP-LAST-LDC',256 , 'One LD / Toll DC pooling sub left on account', sysdate, sysdate, user);
  
INSERT INTO application_message VALUES (257, 'Trying to add MP to a BAN with sharing/dollar pooling subs', sysdate, sysdate, user);
INSERT INTO ADAPTED_MESSAGE(APPLICATION_MESSAGE_ID, ADAPTED_MESSAGE_SEQ, MESSAGE_TEXT, APPLICATION_ID, AUDIENCE_TYPE_ID, LANGUAGE_CD, MESSAGE_TYPE_ID, LOAD_DT, UPDATE_DT, USER_LAST_MODIFY, BRAND_ID)  VALUES ( 257, 1, 'There are subscribers on this account with Family Talk and / or Dollar Pool plans. If you would like to add additional subscribers with Minute Pooling plans, ALL existing subscribers MUST be moved to a current version of Minute Pooling plans prior to adding additional subscribers.', 0, null, 'EN', 4, sysdate, sysdate, user, null);
INSERT INTO ADAPTED_MESSAGE(APPLICATION_MESSAGE_ID, ADAPTED_MESSAGE_SEQ, MESSAGE_TEXT, APPLICATION_ID, AUDIENCE_TYPE_ID, LANGUAGE_CD, MESSAGE_TYPE_ID, LOAD_DT, UPDATE_DT, USER_LAST_MODIFY, BRAND_ID)  VALUES ( 257, 2, 'Des forfaits Fusion basés sur leur coût en dollars et Parlez Famille sont inscrits dans ce compte. Si vous souhaitez ajouter des abonnés bénéficiant d’un forfait de fusion de minutes, TOUS les abonnés DOIVENT opter pour un forfait actuel de fusion de minutes avant que vous ne puissiez faire le changement.', 0, null, 'FR', 4, sysdate, sysdate, user, null);
INSERT INTO ADAPTED_MESSAGE(APPLICATION_MESSAGE_ID, ADAPTED_MESSAGE_SEQ, MESSAGE_TEXT, APPLICATION_ID, AUDIENCE_TYPE_ID, LANGUAGE_CD, MESSAGE_TYPE_ID, LOAD_DT, UPDATE_DT, USER_LAST_MODIFY, BRAND_ID)  VALUES ( 257, 3, 'There are subscribers on this account with Family Talk and / or Dollar Pool plans. If you would like to add additional subscribers with Minute Pooling plans, ALL existing subscribers MUST be moved to a current version of Minute Pooling plans prior to adding additional subscribers.', 1, null, 'EN', 3, sysdate, sysdate, user, null);
INSERT INTO ADAPTED_MESSAGE(APPLICATION_MESSAGE_ID, ADAPTED_MESSAGE_SEQ, MESSAGE_TEXT, APPLICATION_ID, AUDIENCE_TYPE_ID, LANGUAGE_CD, MESSAGE_TYPE_ID, LOAD_DT, UPDATE_DT, USER_LAST_MODIFY, BRAND_ID)  VALUES ( 257, 4, 'Des forfaits Fusion basés sur leur coût en dollars et Parlez Famille sont inscrits dans ce compte. Si vous souhaitez ajouter des abonnés bénéficiant d’un forfait de fusion de minutes, TOUS les abonnés DOIVENT opter pour un forfait actuel de fusion de minutes avant que vous ne puissiez faire le changement.', 1, null, 'FR', 3, sysdate, sysdate, user, null);
INSERT INTO ADAPTED_MESSAGE(APPLICATION_MESSAGE_ID, ADAPTED_MESSAGE_SEQ, MESSAGE_TEXT, APPLICATION_ID, AUDIENCE_TYPE_ID, LANGUAGE_CD, MESSAGE_TYPE_ID, LOAD_DT, UPDATE_DT, USER_LAST_MODIFY, BRAND_ID)  VALUES ( 257, 5, 'There are subscribers on this account with Family Talk and / or Dollar Pool plans. If you would like to add additional subscribers with Minute Pooling plans, ALL existing subscribers MUST be moved to a current version of Minute Pooling plans prior to adding additional subscribers.', 2, null, 'EN', 3, sysdate, sysdate, user, null);
INSERT INTO ADAPTED_MESSAGE(APPLICATION_MESSAGE_ID, ADAPTED_MESSAGE_SEQ, MESSAGE_TEXT, APPLICATION_ID, AUDIENCE_TYPE_ID, LANGUAGE_CD, MESSAGE_TYPE_ID, LOAD_DT, UPDATE_DT, USER_LAST_MODIFY, BRAND_ID)  VALUES ( 257, 6, 'Des forfaits Fusion basés sur leur coût en dollars et Parlez Famille sont inscrits dans ce compte. Si vous souhaitez ajouter des abonnés bénéficiant d’un forfait de fusion de minutes, TOUS les abonnés DOIVENT opter pour un forfait actuel de fusion de minutes avant que vous ne puissiez faire le changement.', 2, null, 'FR', 3, sysdate, sysdate, user, null);
INSERT INTO application_error
  VALUES ( 0,'MP-CONSP', 257, 'Trying to add MP to a BAN with sharing/dollar pooling subs', sysdate, sysdate, user);
  
INSERT INTO application_message VALUES (258, 'Trying to add MP to a target BAN with sharing/dollar pooling subs', sysdate, sysdate, user);
INSERT INTO ADAPTED_MESSAGE(APPLICATION_MESSAGE_ID, ADAPTED_MESSAGE_SEQ, MESSAGE_TEXT, APPLICATION_ID, AUDIENCE_TYPE_ID, LANGUAGE_CD, MESSAGE_TYPE_ID, LOAD_DT, UPDATE_DT, USER_LAST_MODIFY, BRAND_ID)  VALUES ( 258, 1, 'The target account contains a subscriber on a grandfathered family/business sharing plan. Please remove all grandfathered family / business sharing plans before adding a minute pooling plan.', 0, null, 'EN', 3, sysdate, sysdate, user, null);
INSERT INTO ADAPTED_MESSAGE(APPLICATION_MESSAGE_ID, ADAPTED_MESSAGE_SEQ, MESSAGE_TEXT, APPLICATION_ID, AUDIENCE_TYPE_ID, LANGUAGE_CD, MESSAGE_TYPE_ID, LOAD_DT, UPDATE_DT, USER_LAST_MODIFY, BRAND_ID)  VALUES ( 258, 2, 'Un forfait Parlez Famille ou Partage Affaires offert antérieurement est inscrit dans ce compte. Veuillez désactiver tous les forfaits Parlez Famille / Partage affaires de ce compte avant d’ajouter un forfait de partage de minutes.', 0, null, 'FR', 3, sysdate, sysdate, user, null);
INSERT INTO application_error
  VALUES ( 0,'MP-CONSPTOWN', 258, 'Trying to add MP to a target BAN with sharing/dollar pooling subs', sysdate, sysdate, user);
  
INSERT INTO application_message VALUES (259, 'Trying to add sharing to BAN with MP subs', sysdate, sysdate, user);
INSERT INTO ADAPTED_MESSAGE(APPLICATION_MESSAGE_ID, ADAPTED_MESSAGE_SEQ, MESSAGE_TEXT, APPLICATION_ID, AUDIENCE_TYPE_ID, LANGUAGE_CD, MESSAGE_TYPE_ID, LOAD_DT, UPDATE_DT, USER_LAST_MODIFY, BRAND_ID)  VALUES ( 259, 1, 'There are subscribers on this account with Minute Pooling plans. If you would like to add additional subscribers with Family Talk and / or Dollar Pool plans, ALL existing subscribers MUST be moved to a current version of Family Talk and / or Dollar Pool plans prior to adding additional subscribers.', 0, null, 'EN', 4, sysdate, sysdate, user, null);
INSERT INTO ADAPTED_MESSAGE(APPLICATION_MESSAGE_ID, ADAPTED_MESSAGE_SEQ, MESSAGE_TEXT, APPLICATION_ID, AUDIENCE_TYPE_ID, LANGUAGE_CD, MESSAGE_TYPE_ID, LOAD_DT, UPDATE_DT, USER_LAST_MODIFY, BRAND_ID)  VALUES ( 259, 2, 'Des forfaits de fusion de minutes sont inscrits dans ce compte. Si vous souhaitez ajouter des abonnés bénéficiant de forfaits « Parlez Famille/Fusion basés sur leur coût en dollars », TOUS les abonnés actuels DOIVENT d’abord opter pour un forfait actuel « Parlez Famille/Fusion basé sur leur coût en dollars ».', 0, null, 'FR', 4, sysdate, sysdate, user, null);
INSERT INTO ADAPTED_MESSAGE(APPLICATION_MESSAGE_ID, ADAPTED_MESSAGE_SEQ, MESSAGE_TEXT, APPLICATION_ID, AUDIENCE_TYPE_ID, LANGUAGE_CD, MESSAGE_TYPE_ID, LOAD_DT, UPDATE_DT, USER_LAST_MODIFY, BRAND_ID)  VALUES ( 259, 3, 'There are subscribers on this account with Minute Pooling plans. If you would like to add additional subscribers with Family Talk and / or Dollar Pool plans, ALL existing subscribers MUST be moved to a current version of Family Talk and / or Dollar Pool plans prior to adding additional subscribers.', 1, null, 'EN', 3, sysdate, sysdate, user, null);
INSERT INTO ADAPTED_MESSAGE(APPLICATION_MESSAGE_ID, ADAPTED_MESSAGE_SEQ, MESSAGE_TEXT, APPLICATION_ID, AUDIENCE_TYPE_ID, LANGUAGE_CD, MESSAGE_TYPE_ID, LOAD_DT, UPDATE_DT, USER_LAST_MODIFY, BRAND_ID)  VALUES ( 259, 4, 'Des forfaits de fusion de minutes sont inscrits dans ce compte. Si vous souhaitez ajouter des abonnés bénéficiant de forfaits « Parlez Famille/Fusion basés sur leur coût en dollars », TOUS les abonnés actuels DOIVENT d’abord opter pour un forfait actuel « Parlez Famille/Fusion basé sur leur coût en dollars ».', 1, null, 'FR', 3, sysdate, sysdate, user, null);
INSERT INTO ADAPTED_MESSAGE(APPLICATION_MESSAGE_ID, ADAPTED_MESSAGE_SEQ, MESSAGE_TEXT, APPLICATION_ID, AUDIENCE_TYPE_ID, LANGUAGE_CD, MESSAGE_TYPE_ID, LOAD_DT, UPDATE_DT, USER_LAST_MODIFY, BRAND_ID)  VALUES ( 259, 5, 'There are subscribers on this account with Minute Pooling plans. If you would like to add additional subscribers with Family Talk and / or Dollar Pool plans, ALL existing subscribers MUST be moved to a current version of Family Talk and / or Dollar Pool plans prior to adding additional subscribers.', 2, null, 'EN', 3, sysdate, sysdate, user, null);
INSERT INTO ADAPTED_MESSAGE(APPLICATION_MESSAGE_ID, ADAPTED_MESSAGE_SEQ, MESSAGE_TEXT, APPLICATION_ID, AUDIENCE_TYPE_ID, LANGUAGE_CD, MESSAGE_TYPE_ID, LOAD_DT, UPDATE_DT, USER_LAST_MODIFY, BRAND_ID)  VALUES ( 259, 6, 'Des forfaits de fusion de minutes sont inscrits dans ce compte. Si vous souhaitez ajouter des abonnés bénéficiant de forfaits « Parlez Famille/Fusion basés sur leur coût en dollars », TOUS les abonnés actuels DOIVENT d’abord opter pour un forfait actuel « Parlez Famille/Fusion basé sur leur coût en dollars ».', 2, null, 'FR', 3, sysdate, sysdate, user, null);
INSERT INTO application_error
  VALUES ( 0,'MP-CONMP', 259, 'Trying to add sharing to BAN with MP subs', sysdate, sysdate, user);
  
INSERT INTO application_message VALUES (260, 'Pooling', sysdate, sysdate, user);
INSERT INTO ADAPTED_MESSAGE(APPLICATION_MESSAGE_ID, ADAPTED_MESSAGE_SEQ, MESSAGE_TEXT, APPLICATION_ID, AUDIENCE_TYPE_ID, LANGUAGE_CD, MESSAGE_TYPE_ID, LOAD_DT, UPDATE_DT, USER_LAST_MODIFY, BRAND_ID)  VALUES ( 260, 1, 'The target account contains a subscriber on a Minute Pooling plan. Please remove all Minute Pooling plans before adding a Family / Business Sharing / Dollar Pool plan.', 0, null, 'EN', 3, sysdate, sysdate, user, null);
INSERT INTO ADAPTED_MESSAGE(APPLICATION_MESSAGE_ID, ADAPTED_MESSAGE_SEQ, MESSAGE_TEXT, APPLICATION_ID, AUDIENCE_TYPE_ID, LANGUAGE_CD, MESSAGE_TYPE_ID, LOAD_DT, UPDATE_DT, USER_LAST_MODIFY, BRAND_ID)  VALUES ( 260, 2, 'The target account contains a subscriber on a Minute Pooling plan. Please remove all Minute Pooling plans before adding a Family / Business Sharing / Dollar Pool plan.', 0, null, 'FR', 3, sysdate, sysdate, user, null);
INSERT INTO application_error
  VALUES ( 0,'MP-CONMPTOWN', 260, 'Pooling', sysdate, sysdate, user);
  
INSERT INTO application_message VALUES (261, 'Pooling', sysdate, sysdate, user);
INSERT INTO ADAPTED_MESSAGE(APPLICATION_MESSAGE_ID, ADAPTED_MESSAGE_SEQ, MESSAGE_TEXT, APPLICATION_ID, AUDIENCE_TYPE_ID, LANGUAGE_CD, MESSAGE_TYPE_ID, LOAD_DT, UPDATE_DT, USER_LAST_MODIFY, BRAND_ID)  VALUES ( 261, 1, 'This change will orphan 0-minute pool plan subscriber(s) in the minute pool.  In order to proceed, the risks of doing so must be explained to the current subscriber and the ’acknowledgement’ checkbox must be selected.  A system-generated memo will be created for this acknowledgement.', 0, null, 'EN', 1, sysdate, sysdate, user, null);
INSERT INTO ADAPTED_MESSAGE(APPLICATION_MESSAGE_ID, ADAPTED_MESSAGE_SEQ, MESSAGE_TEXT, APPLICATION_ID, AUDIENCE_TYPE_ID, LANGUAGE_CD, MESSAGE_TYPE_ID, LOAD_DT, UPDATE_DT, USER_LAST_MODIFY, BRAND_ID)  VALUES ( 261, 2, 'Ce changement laissera seul(s) le ou les abonné(s) d’un forfait de 0 minute. Avant de pouvoir continuer, vous devez expliquer les inconvénients associés à ce changement au client. Ce dernier doit donner son approbation en sélectionnant la case « attestation ». Le système créera alors un mémo.', 0, null, 'FR', 1, sysdate, sysdate, user, null);
INSERT INTO ADAPTED_MESSAGE(APPLICATION_MESSAGE_ID, ADAPTED_MESSAGE_SEQ, MESSAGE_TEXT, APPLICATION_ID, AUDIENCE_TYPE_ID, LANGUAGE_CD, MESSAGE_TYPE_ID, LOAD_DT, UPDATE_DT, USER_LAST_MODIFY, BRAND_ID)  VALUES ( 261, 3, 'This change will orphan 0-minute pool plan subscriber(s) in the minute pool.', 3, null, 'EN', 1, sysdate, sysdate, user, null);
INSERT INTO ADAPTED_MESSAGE(APPLICATION_MESSAGE_ID, ADAPTED_MESSAGE_SEQ, MESSAGE_TEXT, APPLICATION_ID, AUDIENCE_TYPE_ID, LANGUAGE_CD, MESSAGE_TYPE_ID, LOAD_DT, UPDATE_DT, USER_LAST_MODIFY, BRAND_ID)  VALUES ( 261, 4, 'Ce changement laissera seul(s) le ou les abonné(s) d’un forfait de 0 minute.', 3, null, 'FR', 1, sysdate, sysdate, user, null);
INSERT INTO ADAPTED_MESSAGE(APPLICATION_MESSAGE_ID, ADAPTED_MESSAGE_SEQ, MESSAGE_TEXT, APPLICATION_ID, AUDIENCE_TYPE_ID, LANGUAGE_CD, MESSAGE_TYPE_ID, LOAD_DT, UPDATE_DT, USER_LAST_MODIFY, BRAND_ID)  VALUES ( 261, 5, 'This change will orphan 0-minute pool plan subscriber(s) in the minute pool.', 2, null, 'EN', 1, sysdate, sysdate, user, null);
INSERT INTO ADAPTED_MESSAGE(APPLICATION_MESSAGE_ID, ADAPTED_MESSAGE_SEQ, MESSAGE_TEXT, APPLICATION_ID, AUDIENCE_TYPE_ID, LANGUAGE_CD, MESSAGE_TYPE_ID, LOAD_DT, UPDATE_DT, USER_LAST_MODIFY, BRAND_ID)  VALUES ( 261, 6, 'Ce changement laissera seul(s) le ou les abonné(s) d’un forfait de 0 minute.', 2, null, 'FR', 1, sysdate, sysdate, user, null);

INSERT INTO application_error
  VALUES ( 0,'MP-ORPHAN-AT', 261, 'Pooling', sysdate, sysdate, user);
  
INSERT INTO application_message VALUES (262, 'Pooling', sysdate, sysdate, user);
INSERT INTO ADAPTED_MESSAGE(APPLICATION_MESSAGE_ID, ADAPTED_MESSAGE_SEQ, MESSAGE_TEXT, APPLICATION_ID, AUDIENCE_TYPE_ID, LANGUAGE_CD, MESSAGE_TYPE_ID, LOAD_DT, UPDATE_DT, USER_LAST_MODIFY, BRAND_ID)  VALUES ( 262, 1, 'A free SMS notification may be sent to all orphaned 0-minute pool plan subscribers. Select the ’send sms notification’ checkbox to send a system-generated message to these subscribers.', 0, null, 'EN', 1, sysdate, sysdate, user, null);
INSERT INTO ADAPTED_MESSAGE(APPLICATION_MESSAGE_ID, ADAPTED_MESSAGE_SEQ, MESSAGE_TEXT, APPLICATION_ID, AUDIENCE_TYPE_ID, LANGUAGE_CD, MESSAGE_TYPE_ID, LOAD_DT, UPDATE_DT, USER_LAST_MODIFY, BRAND_ID)  VALUES ( 262, 2, 'Il est possible d’envoyer un avis gratuit par message texte à tous les abonnés restants d’un forfait avec fusion de 0 minute. Cochez la case « envoyer le message texte d’avis » pour que le système envoie un message à ces abonnés.', 0, null, 'FR', 1, sysdate, sysdate, user, null);
INSERT INTO ADAPTED_MESSAGE(APPLICATION_MESSAGE_ID, ADAPTED_MESSAGE_SEQ, MESSAGE_TEXT, APPLICATION_ID, AUDIENCE_TYPE_ID, LANGUAGE_CD, MESSAGE_TYPE_ID, LOAD_DT, UPDATE_DT, USER_LAST_MODIFY, BRAND_ID)  VALUES ( 262, 3, 'A free SMS notification may be sent to all orphaned 0-minute pool plan subscribers. Select the ’send sms notification’ checkbox to send a system-generated message to these subscribers.', 3, null, 'EN', 1, sysdate, sysdate, user, null);
INSERT INTO ADAPTED_MESSAGE(APPLICATION_MESSAGE_ID, ADAPTED_MESSAGE_SEQ, MESSAGE_TEXT, APPLICATION_ID, AUDIENCE_TYPE_ID, LANGUAGE_CD, MESSAGE_TYPE_ID, LOAD_DT, UPDATE_DT, USER_LAST_MODIFY, BRAND_ID)  VALUES ( 262, 4, 'Il est possible d’envoyer un avis gratuit par message texte à tous les abonnés restants d’un forfait avec fusion de 0 minute. Cochez la case « envoyer le message texte d’avis » pour que le système envoie un message à ces abonnés.', 3, null, 'FR', 1, sysdate, sysdate, user, null);
INSERT INTO ADAPTED_MESSAGE(APPLICATION_MESSAGE_ID, ADAPTED_MESSAGE_SEQ, MESSAGE_TEXT, APPLICATION_ID, AUDIENCE_TYPE_ID, LANGUAGE_CD, MESSAGE_TYPE_ID, LOAD_DT, UPDATE_DT, USER_LAST_MODIFY, BRAND_ID)  VALUES ( 262, 5, 'A free SMS notification will be sent to all orphaned 0-minute pool plan subscribers.', 3, 3, 'EN', 1, sysdate, sysdate, user, null);
INSERT INTO ADAPTED_MESSAGE(APPLICATION_MESSAGE_ID, ADAPTED_MESSAGE_SEQ, MESSAGE_TEXT, APPLICATION_ID, AUDIENCE_TYPE_ID, LANGUAGE_CD, MESSAGE_TYPE_ID, LOAD_DT, UPDATE_DT, USER_LAST_MODIFY, BRAND_ID)  VALUES ( 262, 6, 'Un message texte sera envoyé sans frais à tous les abonnés restants d’un forfait avec fusion de 0 minute.', 3, 3, 'FR', 1, sysdate, sysdate, user, null);
INSERT INTO ADAPTED_MESSAGE(APPLICATION_MESSAGE_ID, ADAPTED_MESSAGE_SEQ, MESSAGE_TEXT, APPLICATION_ID, AUDIENCE_TYPE_ID, LANGUAGE_CD, MESSAGE_TYPE_ID, LOAD_DT, UPDATE_DT, USER_LAST_MODIFY, BRAND_ID)  VALUES ( 262, 7, 'A free SMS notification may be sent to all orphaned 0-minute pool plan subscribers. Select the ’send sms notification’ checkbox to send a system-generated message to these subscribers.', 2, null, 'EN', 5, sysdate, sysdate, user, null);
INSERT INTO ADAPTED_MESSAGE(APPLICATION_MESSAGE_ID, ADAPTED_MESSAGE_SEQ, MESSAGE_TEXT, APPLICATION_ID, AUDIENCE_TYPE_ID, LANGUAGE_CD, MESSAGE_TYPE_ID, LOAD_DT, UPDATE_DT, USER_LAST_MODIFY, BRAND_ID)  VALUES ( 262, 8, 'Il est possible d’envoyer un avis gratuit par message texte à tous les abonnés restants d’un forfait avec fusion de 0 minute. Cochez la case « envoyer le message texte d’avis » pour que le système envoie un message à ces abonnés.', 2, null, 'FR', 5, sysdate, sysdate, user, null);
INSERT INTO application_error
  VALUES ( 0,'MP-ORPHAN-SMS', 262, 'Pooling', sysdate, sysdate, user);
  
INSERT INTO application_message VALUES (263, 'adding pooling contributor (any bucket)', sysdate, sysdate, user);
INSERT INTO ADAPTED_MESSAGE(APPLICATION_MESSAGE_ID, ADAPTED_MESSAGE_SEQ, MESSAGE_TEXT, APPLICATION_ID, AUDIENCE_TYPE_ID, LANGUAGE_CD, MESSAGE_TYPE_ID, LOAD_DT, UPDATE_DT, USER_LAST_MODIFY, BRAND_ID)  VALUES ( 263, 1, 'This subscriber is adding a pooling contributor service.', 0, null, 'EN', 1, sysdate, sysdate, user, null);
INSERT INTO ADAPTED_MESSAGE(APPLICATION_MESSAGE_ID, ADAPTED_MESSAGE_SEQ, MESSAGE_TEXT, APPLICATION_ID, AUDIENCE_TYPE_ID, LANGUAGE_CD, MESSAGE_TYPE_ID, LOAD_DT, UPDATE_DT, USER_LAST_MODIFY, BRAND_ID)  VALUES ( 263, 2, 'Cet abonné ajoute un service de contribution au lot de minutes.', 0, null, 'FR', 1, sysdate, sysdate, user, null);
INSERT INTO ADAPTED_MESSAGE(APPLICATION_MESSAGE_ID, ADAPTED_MESSAGE_SEQ, MESSAGE_TEXT, APPLICATION_ID, AUDIENCE_TYPE_ID, LANGUAGE_CD, MESSAGE_TYPE_ID, LOAD_DT, UPDATE_DT, USER_LAST_MODIFY, BRAND_ID)  VALUES ( 263, 3, 'This subscriber is adding a pooling contributor service.', 3, null, 'EN', 1, sysdate, sysdate, user, null);
INSERT INTO ADAPTED_MESSAGE(APPLICATION_MESSAGE_ID, ADAPTED_MESSAGE_SEQ, MESSAGE_TEXT, APPLICATION_ID, AUDIENCE_TYPE_ID, LANGUAGE_CD, MESSAGE_TYPE_ID, LOAD_DT, UPDATE_DT, USER_LAST_MODIFY, BRAND_ID)  VALUES ( 263, 4, 'Cet abonné ajoute un service de contribution au lot de minutes.', 3, null, 'FR', 1, sysdate, sysdate, user, null);
INSERT INTO ADAPTED_MESSAGE(APPLICATION_MESSAGE_ID, ADAPTED_MESSAGE_SEQ, MESSAGE_TEXT, APPLICATION_ID, AUDIENCE_TYPE_ID, LANGUAGE_CD, MESSAGE_TYPE_ID, LOAD_DT, UPDATE_DT, USER_LAST_MODIFY, BRAND_ID)  VALUES ( 263, 5, 'You are adding a pooling contributor service.', 3, 3, 'EN', 1, sysdate, sysdate, user, null);
INSERT INTO ADAPTED_MESSAGE(APPLICATION_MESSAGE_ID, ADAPTED_MESSAGE_SEQ, MESSAGE_TEXT, APPLICATION_ID, AUDIENCE_TYPE_ID, LANGUAGE_CD, MESSAGE_TYPE_ID, LOAD_DT, UPDATE_DT, USER_LAST_MODIFY, BRAND_ID)  VALUES ( 263, 6, 'Vous ajoutez un service de contribution au lot de minutes.', 3, 3, 'FR', 1, sysdate, sysdate, user, null);
INSERT INTO application_error
  VALUES ( 0,'MP-PCADD', 263, 'adding pooling contributor (any bucket)', sysdate, sysdate, user);
  
INSERT INTO application_message VALUES (264, 'removing pooling contributor (any bucket)', sysdate, sysdate, user);
INSERT INTO ADAPTED_MESSAGE(APPLICATION_MESSAGE_ID, ADAPTED_MESSAGE_SEQ, MESSAGE_TEXT, APPLICATION_ID, AUDIENCE_TYPE_ID, LANGUAGE_CD, MESSAGE_TYPE_ID, LOAD_DT, UPDATE_DT, USER_LAST_MODIFY, BRAND_ID)  VALUES ( 264, 1, 'This subscriber is removing a pooling contributor service.', 0, null, 'EN', 1, sysdate, sysdate, user, null);
INSERT INTO ADAPTED_MESSAGE(APPLICATION_MESSAGE_ID, ADAPTED_MESSAGE_SEQ, MESSAGE_TEXT, APPLICATION_ID, AUDIENCE_TYPE_ID, LANGUAGE_CD, MESSAGE_TYPE_ID, LOAD_DT, UPDATE_DT, USER_LAST_MODIFY, BRAND_ID)  VALUES ( 264, 2, 'Cet abonné supprime le service de contribution au lot de minutes.', 0, null, 'FR', 1, sysdate, sysdate, user, null);
INSERT INTO ADAPTED_MESSAGE(APPLICATION_MESSAGE_ID, ADAPTED_MESSAGE_SEQ, MESSAGE_TEXT, APPLICATION_ID, AUDIENCE_TYPE_ID, LANGUAGE_CD, MESSAGE_TYPE_ID, LOAD_DT, UPDATE_DT, USER_LAST_MODIFY, BRAND_ID)  VALUES ( 264, 3, 'This subscriber is removing a pooling contributor service.', 3, null, 'EN', 1, sysdate, sysdate, user, null);
INSERT INTO ADAPTED_MESSAGE(APPLICATION_MESSAGE_ID, ADAPTED_MESSAGE_SEQ, MESSAGE_TEXT, APPLICATION_ID, AUDIENCE_TYPE_ID, LANGUAGE_CD, MESSAGE_TYPE_ID, LOAD_DT, UPDATE_DT, USER_LAST_MODIFY, BRAND_ID)  VALUES ( 264, 4, 'Cet abonné supprime le service de contribution au lot de minutes.', 3, null, 'FR', 1, sysdate, sysdate, user, null);
INSERT INTO ADAPTED_MESSAGE(APPLICATION_MESSAGE_ID, ADAPTED_MESSAGE_SEQ, MESSAGE_TEXT, APPLICATION_ID, AUDIENCE_TYPE_ID, LANGUAGE_CD, MESSAGE_TYPE_ID, LOAD_DT, UPDATE_DT, USER_LAST_MODIFY, BRAND_ID)  VALUES ( 264, 5, 'You are removing a pooling contributor service.', 3, 3, 'EN', 1, sysdate, sysdate, user, null);
INSERT INTO ADAPTED_MESSAGE(APPLICATION_MESSAGE_ID, ADAPTED_MESSAGE_SEQ, MESSAGE_TEXT, APPLICATION_ID, AUDIENCE_TYPE_ID, LANGUAGE_CD, MESSAGE_TYPE_ID, LOAD_DT, UPDATE_DT, USER_LAST_MODIFY, BRAND_ID)  VALUES ( 264, 6, 'Vous supprimez le service de contribution au lot de minutes.', 3, 3, 'FR', 1, sysdate, sysdate, user, null);
INSERT INTO application_error
  VALUES ( 0,'MP-PCREM',264 , 'removing pooling contributor (any bucket)', sysdate, sysdate, user);
  
INSERT INTO application_message VALUES (265, 'Pooling', sysdate, sysdate, user);
INSERT INTO ADAPTED_MESSAGE(APPLICATION_MESSAGE_ID, ADAPTED_MESSAGE_SEQ, MESSAGE_TEXT, APPLICATION_ID, AUDIENCE_TYPE_ID, LANGUAGE_CD, MESSAGE_TYPE_ID, LOAD_DT, UPDATE_DT, USER_LAST_MODIFY, BRAND_ID)  VALUES ( 265, 1, 'As a result of this change, prorated minutes will be lost from the minute pool(s).', 0, null, 'EN', 3, sysdate, sysdate, user, null);
INSERT INTO ADAPTED_MESSAGE(APPLICATION_MESSAGE_ID, ADAPTED_MESSAGE_SEQ, MESSAGE_TEXT, APPLICATION_ID, AUDIENCE_TYPE_ID, LANGUAGE_CD, MESSAGE_TYPE_ID, LOAD_DT, UPDATE_DT, USER_LAST_MODIFY, BRAND_ID)  VALUES ( 265, 2, 'À la suite du changement, les minutes calculées au prorata ne seront plus comprises dans le lot de minutes à partager.', 0, null, 'FR', 3, sysdate, sysdate, user, null);
INSERT INTO application_error
  VALUES ( 0,'MP-PRO', 265, 'Pooling', sysdate, sysdate, user);

COMMIT;