DELETE FROM application_error WHERE application_message_id >= 266 and application_message_id <= 325;
DELETE FROM ADAPTED_MESSAGE WHERE application_message_id >= 266 and application_message_id <= 325;
DELETE FROM application_message WHERE application_message_id >= 266 and application_message_id <= 325;
COMMIT;

INSERT INTO application_message VALUES (266, 'IRT pooling enabled for this sub', sysdate, sysdate, user);
INSERT INTO ADAPTED_MESSAGE(APPLICATION_MESSAGE_ID,  ADAPTED_MESSAGE_SEQ, MESSAGE_TEXT, APPLICATION_ID, AUDIENCE_TYPE_ID, LANGUAGE_CD, MESSAGE_TYPE_ID, LOAD_DT, UPDATE_DT, USER_LAST_MODIFY, BRAND_ID)   VALUES ( 266, 1, 'Asia Pool - International Roaming: Minute pooling has been enabled for this subscriber.', 5, null, 'EN', 1, sysdate, sysdate, user, null);
INSERT INTO ADAPTED_MESSAGE(APPLICATION_MESSAGE_ID,  ADAPTED_MESSAGE_SEQ, MESSAGE_TEXT, APPLICATION_ID, AUDIENCE_TYPE_ID, LANGUAGE_CD, MESSAGE_TYPE_ID, LOAD_DT, UPDATE_DT, USER_LAST_MODIFY, BRAND_ID)   VALUES ( 266, 2, 'Fusion Asie - Itinérance Internationale - La fusion de minutes a été activée pour cet abonné.', 5, null, 'FR', 1, sysdate, sysdate, user, null);
INSERT INTO ADAPTED_MESSAGE(APPLICATION_MESSAGE_ID,  ADAPTED_MESSAGE_SEQ, MESSAGE_TEXT, APPLICATION_ID, AUDIENCE_TYPE_ID, LANGUAGE_CD, MESSAGE_TYPE_ID, LOAD_DT, UPDATE_DT, USER_LAST_MODIFY, BRAND_ID)   VALUES ( 266, 3, 'Asia Pool - International Roaming: Minute pooling has been enabled for this subscriber.', 2, null, 'EN', 1, sysdate, sysdate, user, null);
INSERT INTO ADAPTED_MESSAGE(APPLICATION_MESSAGE_ID,  ADAPTED_MESSAGE_SEQ, MESSAGE_TEXT, APPLICATION_ID, AUDIENCE_TYPE_ID, LANGUAGE_CD, MESSAGE_TYPE_ID, LOAD_DT, UPDATE_DT, USER_LAST_MODIFY, BRAND_ID)   VALUES ( 266, 4, 'Fusion Asie - Itinérance Internationale - La fusion de minutes a été activée pour cet abonné.', 2, null, 'FR', 1, sysdate, sysdate, user, null);
INSERT INTO ADAPTED_MESSAGE(APPLICATION_MESSAGE_ID,  ADAPTED_MESSAGE_SEQ, MESSAGE_TEXT, APPLICATION_ID, AUDIENCE_TYPE_ID, LANGUAGE_CD, MESSAGE_TYPE_ID, LOAD_DT, UPDATE_DT, USER_LAST_MODIFY, BRAND_ID)   VALUES ( 266, 5, 'Asia Pool - International Roaming: Minute pooling has been enabled for this subscriber.', 18, null, 'EN', 1, sysdate, sysdate, user, null);
INSERT INTO ADAPTED_MESSAGE(APPLICATION_MESSAGE_ID,  ADAPTED_MESSAGE_SEQ, MESSAGE_TEXT, APPLICATION_ID, AUDIENCE_TYPE_ID, LANGUAGE_CD, MESSAGE_TYPE_ID, LOAD_DT, UPDATE_DT, USER_LAST_MODIFY, BRAND_ID)   VALUES ( 266, 6, 'Fusion Asie - Itinérance Internationale - La fusion de minutes a été activée pour cet abonné.', 18, null, 'FR', 1, sysdate, sysdate, user, null);
INSERT INTO ADAPTED_MESSAGE(APPLICATION_MESSAGE_ID,  ADAPTED_MESSAGE_SEQ, MESSAGE_TEXT, APPLICATION_ID, AUDIENCE_TYPE_ID, LANGUAGE_CD, MESSAGE_TYPE_ID, LOAD_DT, UPDATE_DT, USER_LAST_MODIFY, BRAND_ID)   VALUES ( 266, 7, 'Asia Pool - International Roaming: Minute pooling has been enabled for this subscriber.', 1, null, 'EN', 1, sysdate, sysdate, user, null);
INSERT INTO ADAPTED_MESSAGE(APPLICATION_MESSAGE_ID,  ADAPTED_MESSAGE_SEQ, MESSAGE_TEXT, APPLICATION_ID, AUDIENCE_TYPE_ID, LANGUAGE_CD, MESSAGE_TYPE_ID, LOAD_DT, UPDATE_DT, USER_LAST_MODIFY, BRAND_ID)   VALUES ( 266, 8, 'Fusion Asie - Itinérance Internationale - La fusion de minutes a été activée pour cet abonné.', 1, null, 'FR', 1, sysdate, sysdate, user, null);
INSERT INTO ADAPTED_MESSAGE(APPLICATION_MESSAGE_ID,  ADAPTED_MESSAGE_SEQ, MESSAGE_TEXT, APPLICATION_ID, AUDIENCE_TYPE_ID, LANGUAGE_CD, MESSAGE_TYPE_ID, LOAD_DT, UPDATE_DT, USER_LAST_MODIFY, BRAND_ID)   VALUES ( 266, 9, 'Asia Pool - International Roaming: Minute pooling has been enabled for this subscriber.', 3, null, 'EN', 1, sysdate, sysdate, user, null);
INSERT INTO ADAPTED_MESSAGE(APPLICATION_MESSAGE_ID,  ADAPTED_MESSAGE_SEQ, MESSAGE_TEXT, APPLICATION_ID, AUDIENCE_TYPE_ID, LANGUAGE_CD, MESSAGE_TYPE_ID, LOAD_DT, UPDATE_DT, USER_LAST_MODIFY, BRAND_ID)   VALUES ( 266, 10, 'Fusion Asie - Itinérance Internationale - La fusion de minutes a été activée pour cet abonné.', 3, null, 'FR', 1, sysdate, sysdate, user, null);
INSERT INTO ADAPTED_MESSAGE(APPLICATION_MESSAGE_ID,  ADAPTED_MESSAGE_SEQ, MESSAGE_TEXT, APPLICATION_ID, AUDIENCE_TYPE_ID, LANGUAGE_CD, MESSAGE_TYPE_ID, LOAD_DT, UPDATE_DT, USER_LAST_MODIFY, BRAND_ID)   VALUES ( 266, 11, 'Asia Pool - International Roaming: Minute pooling has been enabled for your number.', 3, 3, 'EN', 1, sysdate, sysdate, user, null);
INSERT INTO ADAPTED_MESSAGE(APPLICATION_MESSAGE_ID,  ADAPTED_MESSAGE_SEQ, MESSAGE_TEXT, APPLICATION_ID, AUDIENCE_TYPE_ID, LANGUAGE_CD, MESSAGE_TYPE_ID, LOAD_DT, UPDATE_DT, USER_LAST_MODIFY, BRAND_ID)   VALUES ( 266, 12, 'Fusion Asie - Itinérance Internationale - La fusion de minutes a été activée pour votre numéro de téléphone.', 3, 3, 'FR', 1, sysdate, sysdate, user, null);
INSERT INTO application_error VALUES ( 0,'MP-EN-IRT-10', 266, 'IRT pooling enabled for this sub', sysdate, sysdate, user);


INSERT INTO application_message VALUES (267, 'Additional International Roaming Toll subs should be added', sysdate, sysdate, user);
INSERT INTO ADAPTED_MESSAGE(APPLICATION_MESSAGE_ID,  ADAPTED_MESSAGE_SEQ, MESSAGE_TEXT, APPLICATION_ID, AUDIENCE_TYPE_ID, LANGUAGE_CD, MESSAGE_TYPE_ID, LOAD_DT, UPDATE_DT, USER_LAST_MODIFY, BRAND_ID)   VALUES ( 267, 1, 'Asia Pool - International Roaming: To benefit from pooling, you should add additional pool-enabled subscribers to this account.', 0, null, 'EN', 1, sysdate, sysdate, user, null);
INSERT INTO ADAPTED_MESSAGE(APPLICATION_MESSAGE_ID,  ADAPTED_MESSAGE_SEQ, MESSAGE_TEXT, APPLICATION_ID, AUDIENCE_TYPE_ID, LANGUAGE_CD, MESSAGE_TYPE_ID, LOAD_DT, UPDATE_DT, USER_LAST_MODIFY, BRAND_ID)   VALUES ( 267, 2, 'Fusion Asie - Itinérance Internationale - Pour bénéficier de la fusion de minutes, vous devez ajouter d''autres abonnés au compte qui pourront accéder au lot de minutes.', 0, null, 'FR', 1, sysdate, sysdate, user, null);
INSERT INTO ADAPTED_MESSAGE(APPLICATION_MESSAGE_ID,  ADAPTED_MESSAGE_SEQ, MESSAGE_TEXT, APPLICATION_ID, AUDIENCE_TYPE_ID, LANGUAGE_CD, MESSAGE_TYPE_ID, LOAD_DT, UPDATE_DT, USER_LAST_MODIFY, BRAND_ID)   VALUES ( 267, 3, 'Asia Pool - International Roaming: To benefit from pooling, you should add additional pool-enabled subscribers to this account.', 1, null, 'EN', 3, sysdate, sysdate, user, null);
INSERT INTO ADAPTED_MESSAGE(APPLICATION_MESSAGE_ID,  ADAPTED_MESSAGE_SEQ, MESSAGE_TEXT, APPLICATION_ID, AUDIENCE_TYPE_ID, LANGUAGE_CD, MESSAGE_TYPE_ID, LOAD_DT, UPDATE_DT, USER_LAST_MODIFY, BRAND_ID)   VALUES ( 267, 4, 'Fusion Asie - Itinérance Internationale - Pour bénéficier de la fusion de minutes, vous devez ajouter d''autres abonnés au compte qui pourront accéder au lot de minutes.', 1, null, 'FR', 3, sysdate, sysdate, user, null);
INSERT INTO ADAPTED_MESSAGE(APPLICATION_MESSAGE_ID,  ADAPTED_MESSAGE_SEQ, MESSAGE_TEXT, APPLICATION_ID, AUDIENCE_TYPE_ID, LANGUAGE_CD, MESSAGE_TYPE_ID, LOAD_DT, UPDATE_DT, USER_LAST_MODIFY, BRAND_ID)   VALUES ( 267, 5, 'Asia Pool - International Roaming: To benefit from pooling, you should add additional pool-enabled subscribers to this account.', 2, null, 'EN', 3, sysdate, sysdate, user, null);
INSERT INTO ADAPTED_MESSAGE(APPLICATION_MESSAGE_ID,  ADAPTED_MESSAGE_SEQ, MESSAGE_TEXT, APPLICATION_ID, AUDIENCE_TYPE_ID, LANGUAGE_CD, MESSAGE_TYPE_ID, LOAD_DT, UPDATE_DT, USER_LAST_MODIFY, BRAND_ID)   VALUES ( 267, 6, 'Fusion Asie - Itinérance Internationale - Pour bénéficier de la fusion de minutes, vous devez ajouter d''autres abonnés au compte qui pourront accéder au lot de minutes.', 2, null, 'FR', 3, sysdate, sysdate, user, null);
INSERT INTO ADAPTED_MESSAGE(APPLICATION_MESSAGE_ID,  ADAPTED_MESSAGE_SEQ, MESSAGE_TEXT, APPLICATION_ID, AUDIENCE_TYPE_ID, LANGUAGE_CD, MESSAGE_TYPE_ID, LOAD_DT, UPDATE_DT, USER_LAST_MODIFY, BRAND_ID)   VALUES ( 267, 7, 'Asia Pool - International Roaming: To benefit from pooling, you should add additional pool-enabled subscribers to this account.', 3, null, 'EN', 3, sysdate, sysdate, user, null);
INSERT INTO ADAPTED_MESSAGE(APPLICATION_MESSAGE_ID,  ADAPTED_MESSAGE_SEQ, MESSAGE_TEXT, APPLICATION_ID, AUDIENCE_TYPE_ID, LANGUAGE_CD, MESSAGE_TYPE_ID, LOAD_DT, UPDATE_DT, USER_LAST_MODIFY, BRAND_ID)   VALUES ( 267, 8, 'Fusion Asie - Itinérance Internationale - Pour bénéficier de la fusion de minutes, vous devez ajouter d''autres abonnés au compte qui pourront accéder au lot de minutes.', 3, null, 'FR', 3, sysdate, sysdate, user, null);
INSERT INTO application_error VALUES ( 0,'MP-ADD-IRT-10', 267, 'Additional International Roaming Toll subs should be added', sysdate, sysdate, user);


INSERT INTO application_message VALUES (268, 'Additional IRT subs should be added to new account', sysdate, sysdate, user);
INSERT INTO ADAPTED_MESSAGE(APPLICATION_MESSAGE_ID,  ADAPTED_MESSAGE_SEQ, MESSAGE_TEXT, APPLICATION_ID, AUDIENCE_TYPE_ID, LANGUAGE_CD, MESSAGE_TYPE_ID, LOAD_DT, UPDATE_DT, USER_LAST_MODIFY, BRAND_ID)   VALUES ( 268, 1, 'Asia Pool - International Roaming: To benefit from pooling, you should add additional pool-enabled subscribers to the target pool.', 0, null, 'EN', 5, sysdate, sysdate, user, null);
INSERT INTO ADAPTED_MESSAGE(APPLICATION_MESSAGE_ID,  ADAPTED_MESSAGE_SEQ, MESSAGE_TEXT, APPLICATION_ID, AUDIENCE_TYPE_ID, LANGUAGE_CD, MESSAGE_TYPE_ID, LOAD_DT, UPDATE_DT, USER_LAST_MODIFY, BRAND_ID)   VALUES ( 268, 2, 'Fusion Asie - Itinérance Internationale - Pour bénéficier de la fusion de minutes, vous devez ajouter d''autres abonnés qui pourront accéder au lot de minutes.', 0, null, 'FR', 5, sysdate, sysdate, user, null);
INSERT INTO ADAPTED_MESSAGE(APPLICATION_MESSAGE_ID,  ADAPTED_MESSAGE_SEQ, MESSAGE_TEXT, APPLICATION_ID, AUDIENCE_TYPE_ID, LANGUAGE_CD, MESSAGE_TYPE_ID, LOAD_DT, UPDATE_DT, USER_LAST_MODIFY, BRAND_ID)   VALUES ( 268, 3, 'Asia Pool - International Roaming: To benefit from pooling, you should add additional pool-enabled subscribers to the target pool.', 1, null, 'EN', 3, sysdate, sysdate, user, null);
INSERT INTO ADAPTED_MESSAGE(APPLICATION_MESSAGE_ID,  ADAPTED_MESSAGE_SEQ, MESSAGE_TEXT, APPLICATION_ID, AUDIENCE_TYPE_ID, LANGUAGE_CD, MESSAGE_TYPE_ID, LOAD_DT, UPDATE_DT, USER_LAST_MODIFY, BRAND_ID)   VALUES ( 268, 4, 'Fusion Asie - Itinérance Internationale - Pour bénéficier de la fusion de minutes, vous devez ajouter d''autres abonnés qui pourront accéder au lot de minutes.', 1, null, 'FR', 3, sysdate, sysdate, user, null);
INSERT INTO application_error VALUES ( 0,'MP-ADDTOWN-IRT-10', 268, 'Additional IRT subs should be added to new account', sysdate, sysdate, user);


INSERT INTO application_message VALUES (269, 'Now you can pool with others (International Roaming Toll)', sysdate, sysdate, user);
INSERT INTO ADAPTED_MESSAGE(APPLICATION_MESSAGE_ID,  ADAPTED_MESSAGE_SEQ, MESSAGE_TEXT, APPLICATION_ID, AUDIENCE_TYPE_ID, LANGUAGE_CD, MESSAGE_TYPE_ID, LOAD_DT, UPDATE_DT, USER_LAST_MODIFY, BRAND_ID)   VALUES ( 269, 1, 'Asia Pool - International Roaming: This subscriber will now pool minutes with other pool-enabled subscribers.', 0, null, 'EN', 1, sysdate, sysdate, user, null);
INSERT INTO ADAPTED_MESSAGE(APPLICATION_MESSAGE_ID,  ADAPTED_MESSAGE_SEQ, MESSAGE_TEXT, APPLICATION_ID, AUDIENCE_TYPE_ID, LANGUAGE_CD, MESSAGE_TYPE_ID, LOAD_DT, UPDATE_DT, USER_LAST_MODIFY, BRAND_ID)   VALUES ( 269, 2, 'Fusion Asie - Itinérance Internationale - La fusion de minutes a été activée. Cet abonné peut maintenant accéder au lot de minutes.', 0, null, 'FR', 1, sysdate, sysdate, user, null);
INSERT INTO ADAPTED_MESSAGE(APPLICATION_MESSAGE_ID,  ADAPTED_MESSAGE_SEQ, MESSAGE_TEXT, APPLICATION_ID, AUDIENCE_TYPE_ID, LANGUAGE_CD, MESSAGE_TYPE_ID, LOAD_DT, UPDATE_DT, USER_LAST_MODIFY, BRAND_ID)   VALUES ( 269, 3, 'Asia Pool - International Roaming: You will now pool minutes with other pool-enabled subscribers in this pool.', 9, null, 'EN', 1, sysdate, sysdate, user, null);
INSERT INTO ADAPTED_MESSAGE(APPLICATION_MESSAGE_ID,  ADAPTED_MESSAGE_SEQ, MESSAGE_TEXT, APPLICATION_ID, AUDIENCE_TYPE_ID, LANGUAGE_CD, MESSAGE_TYPE_ID, LOAD_DT, UPDATE_DT, USER_LAST_MODIFY, BRAND_ID)   VALUES ( 269, 4, 'Fusion Asie - Itinérance Internationale - La fusion de minutes a été activée. Vous pouvez maintenant accéder au lot de minutes.', 9, null, 'FR', 1, sysdate, sysdate, user, null);
INSERT INTO ADAPTED_MESSAGE(APPLICATION_MESSAGE_ID,  ADAPTED_MESSAGE_SEQ, MESSAGE_TEXT, APPLICATION_ID, AUDIENCE_TYPE_ID, LANGUAGE_CD, MESSAGE_TYPE_ID, LOAD_DT, UPDATE_DT, USER_LAST_MODIFY, BRAND_ID)   VALUES ( 269, 5, 'Asia Pool - International Roaming: This subscriber will now pool minutes with other pool-enabled subscribers.', 3, null, 'EN', 1, sysdate, sysdate, user, null);
INSERT INTO ADAPTED_MESSAGE(APPLICATION_MESSAGE_ID,  ADAPTED_MESSAGE_SEQ, MESSAGE_TEXT, APPLICATION_ID, AUDIENCE_TYPE_ID, LANGUAGE_CD, MESSAGE_TYPE_ID, LOAD_DT, UPDATE_DT, USER_LAST_MODIFY, BRAND_ID)   VALUES ( 269, 6, 'Fusion Asie - Itinérance Internationale - La fusion de minutes a été activée. Cet abonné peut maintenant accéder au lot de minutes.', 3, null, 'FR', 1, sysdate, sysdate, user, null);
INSERT INTO ADAPTED_MESSAGE(APPLICATION_MESSAGE_ID,  ADAPTED_MESSAGE_SEQ, MESSAGE_TEXT, APPLICATION_ID, AUDIENCE_TYPE_ID, LANGUAGE_CD, MESSAGE_TYPE_ID, LOAD_DT, UPDATE_DT, USER_LAST_MODIFY, BRAND_ID)   VALUES ( 269, 7, 'Asia Pool - International Roaming: You will now pool minutes with other pool-enabled subscribers in this pool.', 3, 3, 'EN', 1, sysdate, sysdate, user, null);
INSERT INTO ADAPTED_MESSAGE(APPLICATION_MESSAGE_ID,  ADAPTED_MESSAGE_SEQ, MESSAGE_TEXT, APPLICATION_ID, AUDIENCE_TYPE_ID, LANGUAGE_CD, MESSAGE_TYPE_ID, LOAD_DT, UPDATE_DT, USER_LAST_MODIFY, BRAND_ID)   VALUES ( 269, 8, 'Fusion Asie - Itinérance Internationale - La fusion de minutes a été activée. Vous pouvez maintenant accéder au lot de minutes.', 3, 3, 'FR', 1, sysdate, sysdate, user, null);
INSERT INTO application_error VALUES ( 0,'MP-PWO-IRT-10', 269, 'Now you can pool with others (International Roaming Toll)', sysdate, sysdate, user);


INSERT INTO application_message VALUES (270, 'Disable IRT pooling on this sub', sysdate, sysdate, user);
INSERT INTO ADAPTED_MESSAGE(APPLICATION_MESSAGE_ID,  ADAPTED_MESSAGE_SEQ, MESSAGE_TEXT, APPLICATION_ID, AUDIENCE_TYPE_ID, LANGUAGE_CD, MESSAGE_TYPE_ID, LOAD_DT, UPDATE_DT, USER_LAST_MODIFY, BRAND_ID)   VALUES ( 270, 1, 'Asia Pool - International Roaming: Minute pooling will be disabled. This subscriber will no longer pool minutes with other pool-enabled subscribers in this pool.', 0, null, 'EN', 1, sysdate, sysdate, user, null);
INSERT INTO ADAPTED_MESSAGE(APPLICATION_MESSAGE_ID,  ADAPTED_MESSAGE_SEQ, MESSAGE_TEXT, APPLICATION_ID, AUDIENCE_TYPE_ID, LANGUAGE_CD, MESSAGE_TYPE_ID, LOAD_DT, UPDATE_DT, USER_LAST_MODIFY, BRAND_ID)   VALUES ( 270, 2, 'Fusion Asie - Itinérance Internationale - La fusion de minutes sera désactivée. Cet abonné ne pourra plus accéder au lot de minutes.', 0, null, 'FR', 1, sysdate, sysdate, user, null);
INSERT INTO ADAPTED_MESSAGE(APPLICATION_MESSAGE_ID,  ADAPTED_MESSAGE_SEQ, MESSAGE_TEXT, APPLICATION_ID, AUDIENCE_TYPE_ID, LANGUAGE_CD, MESSAGE_TYPE_ID, LOAD_DT, UPDATE_DT, USER_LAST_MODIFY, BRAND_ID)   VALUES ( 270, 3, 'Asia Pool - International Roaming: Minute pooling will be disabled. This subscriber will no longer pool minutes with other pool-enabled subscribers in this pool.', 3, null, 'EN', 1, sysdate, sysdate, user, null);
INSERT INTO ADAPTED_MESSAGE(APPLICATION_MESSAGE_ID,  ADAPTED_MESSAGE_SEQ, MESSAGE_TEXT, APPLICATION_ID, AUDIENCE_TYPE_ID, LANGUAGE_CD, MESSAGE_TYPE_ID, LOAD_DT, UPDATE_DT, USER_LAST_MODIFY, BRAND_ID)   VALUES ( 270, 4, 'Fusion Asie - Itinérance Internationale - La fusion de minutes sera désactivée. Cet abonné ne pourra plus accéder au lot de minutes.', 3, null, 'FR', 1, sysdate, sysdate, user, null);
INSERT INTO ADAPTED_MESSAGE(APPLICATION_MESSAGE_ID,  ADAPTED_MESSAGE_SEQ, MESSAGE_TEXT, APPLICATION_ID, AUDIENCE_TYPE_ID, LANGUAGE_CD, MESSAGE_TYPE_ID, LOAD_DT, UPDATE_DT, USER_LAST_MODIFY, BRAND_ID)   VALUES ( 270, 5, 'Asia Pool - International Roaming: Minute pooling will be disabled. You will no longer pool minutes with other pool-enabled subscribers in this pool.', 3, 3, 'EN', 1, sysdate, sysdate, user, null);
INSERT INTO ADAPTED_MESSAGE(APPLICATION_MESSAGE_ID,  ADAPTED_MESSAGE_SEQ, MESSAGE_TEXT, APPLICATION_ID, AUDIENCE_TYPE_ID, LANGUAGE_CD, MESSAGE_TYPE_ID, LOAD_DT, UPDATE_DT, USER_LAST_MODIFY, BRAND_ID)   VALUES ( 270, 6, 'Fusion Asie - Itinérance Internationale - La fusion de minutes sera désactivée. Vous ne pourrez plus accéder au lot de minutes.', 3, 3, 'FR', 1, sysdate, sysdate, user, null);
INSERT INTO application_error VALUES ( 0,'MP-DIS-IRT-10', 270, 'Disable IRT pooling on this sub', sysdate, sysdate, user);


INSERT INTO application_message VALUES (271, 'One IRT pooling sub left on account', sysdate, sysdate, user);
INSERT INTO ADAPTED_MESSAGE(APPLICATION_MESSAGE_ID,  ADAPTED_MESSAGE_SEQ, MESSAGE_TEXT, APPLICATION_ID, AUDIENCE_TYPE_ID, LANGUAGE_CD, MESSAGE_TYPE_ID, LOAD_DT, UPDATE_DT, USER_LAST_MODIFY, BRAND_ID)   VALUES ( 271, 1, 'Asia Pool - International Roaming: This change will leave only one pool-enabled subscriber in this pool with no other subscribers to pool with.', 0, null, 'EN', 3, sysdate, sysdate, user, null);
INSERT INTO ADAPTED_MESSAGE(APPLICATION_MESSAGE_ID,  ADAPTED_MESSAGE_SEQ, MESSAGE_TEXT, APPLICATION_ID, AUDIENCE_TYPE_ID, LANGUAGE_CD, MESSAGE_TYPE_ID, LOAD_DT, UPDATE_DT, USER_LAST_MODIFY, BRAND_ID)   VALUES ( 271, 2, 'Fusion Asie - Itinérance Internationale - En raison de ce changement, il ne reste qu''un seul abonné qui peut accéder au lot de minutes dans ce compte.', 0, null, 'FR', 3, sysdate, sysdate, user, null);
INSERT INTO application_error VALUES ( 0,'MP-LAST-IRT-10', 271, 'One IRT pooling sub left on account', sysdate, sysdate, user);


INSERT INTO application_message VALUES (272, 'IRT pooling enabled for this sub', sysdate, sysdate, user);
INSERT INTO ADAPTED_MESSAGE(APPLICATION_MESSAGE_ID,  ADAPTED_MESSAGE_SEQ, MESSAGE_TEXT, APPLICATION_ID, AUDIENCE_TYPE_ID, LANGUAGE_CD, MESSAGE_TYPE_ID, LOAD_DT, UPDATE_DT, USER_LAST_MODIFY, BRAND_ID)   VALUES ( 272, 1, 'Europe Pool - International Roaming: Minute pooling has been enabled for this subscriber.', 5, null, 'EN', 1, sysdate, sysdate, user, null);
INSERT INTO ADAPTED_MESSAGE(APPLICATION_MESSAGE_ID,  ADAPTED_MESSAGE_SEQ, MESSAGE_TEXT, APPLICATION_ID, AUDIENCE_TYPE_ID, LANGUAGE_CD, MESSAGE_TYPE_ID, LOAD_DT, UPDATE_DT, USER_LAST_MODIFY, BRAND_ID)   VALUES ( 272, 2, 'Fusion Europe - Itinérance Internationale - La fusion de minutes a été activée pour cet abonné.', 5, null, 'FR', 1, sysdate, sysdate, user, null);
INSERT INTO ADAPTED_MESSAGE(APPLICATION_MESSAGE_ID,  ADAPTED_MESSAGE_SEQ, MESSAGE_TEXT, APPLICATION_ID, AUDIENCE_TYPE_ID, LANGUAGE_CD, MESSAGE_TYPE_ID, LOAD_DT, UPDATE_DT, USER_LAST_MODIFY, BRAND_ID)   VALUES ( 272, 3, 'Europe Pool - International Roaming: Minute pooling has been enabled for this subscriber.', 2, null, 'EN', 1, sysdate, sysdate, user, null);
INSERT INTO ADAPTED_MESSAGE(APPLICATION_MESSAGE_ID,  ADAPTED_MESSAGE_SEQ, MESSAGE_TEXT, APPLICATION_ID, AUDIENCE_TYPE_ID, LANGUAGE_CD, MESSAGE_TYPE_ID, LOAD_DT, UPDATE_DT, USER_LAST_MODIFY, BRAND_ID)   VALUES ( 272, 4, 'Fusion Europe - Itinérance Internationale - La fusion de minutes a été activée pour cet abonné.', 2, null, 'FR', 1, sysdate, sysdate, user, null);
INSERT INTO ADAPTED_MESSAGE(APPLICATION_MESSAGE_ID,  ADAPTED_MESSAGE_SEQ, MESSAGE_TEXT, APPLICATION_ID, AUDIENCE_TYPE_ID, LANGUAGE_CD, MESSAGE_TYPE_ID, LOAD_DT, UPDATE_DT, USER_LAST_MODIFY, BRAND_ID)   VALUES ( 272, 5, 'Europe Pool - International Roaming: Minute pooling has been enabled for this subscriber.', 18, null, 'EN', 1, sysdate, sysdate, user, null);
INSERT INTO ADAPTED_MESSAGE(APPLICATION_MESSAGE_ID,  ADAPTED_MESSAGE_SEQ, MESSAGE_TEXT, APPLICATION_ID, AUDIENCE_TYPE_ID, LANGUAGE_CD, MESSAGE_TYPE_ID, LOAD_DT, UPDATE_DT, USER_LAST_MODIFY, BRAND_ID)   VALUES ( 272, 6, 'Fusion Europe - Itinérance Internationale - La fusion de minutes a été activée pour cet abonné.', 18, null, 'FR', 1, sysdate, sysdate, user, null);
INSERT INTO ADAPTED_MESSAGE(APPLICATION_MESSAGE_ID,  ADAPTED_MESSAGE_SEQ, MESSAGE_TEXT, APPLICATION_ID, AUDIENCE_TYPE_ID, LANGUAGE_CD, MESSAGE_TYPE_ID, LOAD_DT, UPDATE_DT, USER_LAST_MODIFY, BRAND_ID)   VALUES ( 272, 7, 'Europe Pool - International Roaming: Minute pooling has been enabled for this subscriber.', 1, null, 'EN', 1, sysdate, sysdate, user, null);
INSERT INTO ADAPTED_MESSAGE(APPLICATION_MESSAGE_ID,  ADAPTED_MESSAGE_SEQ, MESSAGE_TEXT, APPLICATION_ID, AUDIENCE_TYPE_ID, LANGUAGE_CD, MESSAGE_TYPE_ID, LOAD_DT, UPDATE_DT, USER_LAST_MODIFY, BRAND_ID)   VALUES ( 272, 8, 'Fusion Europe - Itinérance Internationale - La fusion de minutes a été activée pour cet abonné.', 1, null, 'FR', 1, sysdate, sysdate, user, null);
INSERT INTO ADAPTED_MESSAGE(APPLICATION_MESSAGE_ID,  ADAPTED_MESSAGE_SEQ, MESSAGE_TEXT, APPLICATION_ID, AUDIENCE_TYPE_ID, LANGUAGE_CD, MESSAGE_TYPE_ID, LOAD_DT, UPDATE_DT, USER_LAST_MODIFY, BRAND_ID)   VALUES ( 272, 9, 'Europe Pool - International Roaming: Minute pooling has been enabled for this subscriber.', 3, null, 'EN', 1, sysdate, sysdate, user, null);
INSERT INTO ADAPTED_MESSAGE(APPLICATION_MESSAGE_ID,  ADAPTED_MESSAGE_SEQ, MESSAGE_TEXT, APPLICATION_ID, AUDIENCE_TYPE_ID, LANGUAGE_CD, MESSAGE_TYPE_ID, LOAD_DT, UPDATE_DT, USER_LAST_MODIFY, BRAND_ID)   VALUES ( 272, 10, 'Fusion Europe - Itinérance Internationale - La fusion de minutes a été activée pour cet abonné.', 3, null, 'FR', 1, sysdate, sysdate, user, null);
INSERT INTO ADAPTED_MESSAGE(APPLICATION_MESSAGE_ID,  ADAPTED_MESSAGE_SEQ, MESSAGE_TEXT, APPLICATION_ID, AUDIENCE_TYPE_ID, LANGUAGE_CD, MESSAGE_TYPE_ID, LOAD_DT, UPDATE_DT, USER_LAST_MODIFY, BRAND_ID)   VALUES ( 272, 11, 'Europe Pool - International Roaming: Minute pooling has been enabled for your number.', 3, 3, 'EN', 1, sysdate, sysdate, user, null);
INSERT INTO ADAPTED_MESSAGE(APPLICATION_MESSAGE_ID,  ADAPTED_MESSAGE_SEQ, MESSAGE_TEXT, APPLICATION_ID, AUDIENCE_TYPE_ID, LANGUAGE_CD, MESSAGE_TYPE_ID, LOAD_DT, UPDATE_DT, USER_LAST_MODIFY, BRAND_ID)   VALUES ( 272, 12, 'Fusion Europe - Itinérance Internationale - La fusion de minutes a été activée pour votre numéro de téléphone.', 3, 3, 'FR', 1, sysdate, sysdate, user, null);
INSERT INTO application_error VALUES ( 0,'MP-EN-IRT-11', 272, 'IRT pooling enabled for this sub', sysdate, sysdate, user);


INSERT INTO application_message VALUES (273, 'Additional International Roaming Toll subs should be added', sysdate, sysdate, user);
INSERT INTO ADAPTED_MESSAGE(APPLICATION_MESSAGE_ID,  ADAPTED_MESSAGE_SEQ, MESSAGE_TEXT, APPLICATION_ID, AUDIENCE_TYPE_ID, LANGUAGE_CD, MESSAGE_TYPE_ID, LOAD_DT, UPDATE_DT, USER_LAST_MODIFY, BRAND_ID)   VALUES ( 273, 1, 'Europe Pool - International Roaming: To benefit from pooling, you should add additional pool-enabled subscribers to this account.', 0, null, 'EN', 1, sysdate, sysdate, user, null);
INSERT INTO ADAPTED_MESSAGE(APPLICATION_MESSAGE_ID,  ADAPTED_MESSAGE_SEQ, MESSAGE_TEXT, APPLICATION_ID, AUDIENCE_TYPE_ID, LANGUAGE_CD, MESSAGE_TYPE_ID, LOAD_DT, UPDATE_DT, USER_LAST_MODIFY, BRAND_ID)   VALUES ( 273, 2, 'Fusion Europe - Itinérance Internationale - Pour bénéficier de la fusion de minutes, vous devez ajouter d''autres abonnés au compte qui pourront accéder au lot de minutes.', 0, null, 'FR', 1, sysdate, sysdate, user, null);
INSERT INTO ADAPTED_MESSAGE(APPLICATION_MESSAGE_ID,  ADAPTED_MESSAGE_SEQ, MESSAGE_TEXT, APPLICATION_ID, AUDIENCE_TYPE_ID, LANGUAGE_CD, MESSAGE_TYPE_ID, LOAD_DT, UPDATE_DT, USER_LAST_MODIFY, BRAND_ID)   VALUES ( 273, 3, 'Europe Pool - International Roaming: To benefit from pooling, you should add additional pool-enabled subscribers to this account.', 1, null, 'EN', 3, sysdate, sysdate, user, null);
INSERT INTO ADAPTED_MESSAGE(APPLICATION_MESSAGE_ID,  ADAPTED_MESSAGE_SEQ, MESSAGE_TEXT, APPLICATION_ID, AUDIENCE_TYPE_ID, LANGUAGE_CD, MESSAGE_TYPE_ID, LOAD_DT, UPDATE_DT, USER_LAST_MODIFY, BRAND_ID)   VALUES ( 273, 4, 'Fusion Europe - Itinérance Internationale - Pour bénéficier de la fusion de minutes, vous devez ajouter d''autres abonnés au compte qui pourront accéder au lot de minutes.', 1, null, 'FR', 3, sysdate, sysdate, user, null);
INSERT INTO ADAPTED_MESSAGE(APPLICATION_MESSAGE_ID,  ADAPTED_MESSAGE_SEQ, MESSAGE_TEXT, APPLICATION_ID, AUDIENCE_TYPE_ID, LANGUAGE_CD, MESSAGE_TYPE_ID, LOAD_DT, UPDATE_DT, USER_LAST_MODIFY, BRAND_ID)   VALUES ( 273, 5, 'Europe Pool - International Roaming: To benefit from pooling, you should add additional pool-enabled subscribers to this account.', 2, null, 'EN', 3, sysdate, sysdate, user, null);
INSERT INTO ADAPTED_MESSAGE(APPLICATION_MESSAGE_ID,  ADAPTED_MESSAGE_SEQ, MESSAGE_TEXT, APPLICATION_ID, AUDIENCE_TYPE_ID, LANGUAGE_CD, MESSAGE_TYPE_ID, LOAD_DT, UPDATE_DT, USER_LAST_MODIFY, BRAND_ID)   VALUES ( 273, 6, 'Fusion Europe - Itinérance Internationale - Pour bénéficier de la fusion de minutes, vous devez ajouter d''autres abonnés au compte qui pourront accéder au lot de minutes.', 2, null, 'FR', 3, sysdate, sysdate, user, null);
INSERT INTO ADAPTED_MESSAGE(APPLICATION_MESSAGE_ID,  ADAPTED_MESSAGE_SEQ, MESSAGE_TEXT, APPLICATION_ID, AUDIENCE_TYPE_ID, LANGUAGE_CD, MESSAGE_TYPE_ID, LOAD_DT, UPDATE_DT, USER_LAST_MODIFY, BRAND_ID)   VALUES ( 273, 7, 'Europe Pool - International Roaming: To benefit from pooling, you should add additional pool-enabled subscribers to this account.', 3, null, 'EN', 3, sysdate, sysdate, user, null);
INSERT INTO ADAPTED_MESSAGE(APPLICATION_MESSAGE_ID,  ADAPTED_MESSAGE_SEQ, MESSAGE_TEXT, APPLICATION_ID, AUDIENCE_TYPE_ID, LANGUAGE_CD, MESSAGE_TYPE_ID, LOAD_DT, UPDATE_DT, USER_LAST_MODIFY, BRAND_ID)   VALUES ( 273, 8, 'Fusion Europe - Itinérance Internationale - Pour bénéficier de la fusion de minutes, vous devez ajouter d''autres abonnés au compte qui pourront accéder au lot de minutes.', 3, null, 'FR', 3, sysdate, sysdate, user, null);
INSERT INTO application_error VALUES ( 0,'MP-ADD-IRT-11', 273, 'Additional International Roaming Toll subs should be added', sysdate, sysdate, user);


INSERT INTO application_message VALUES (274, 'Additional IRT subs should be added to new account', sysdate, sysdate, user);
INSERT INTO ADAPTED_MESSAGE(APPLICATION_MESSAGE_ID,  ADAPTED_MESSAGE_SEQ, MESSAGE_TEXT, APPLICATION_ID, AUDIENCE_TYPE_ID, LANGUAGE_CD, MESSAGE_TYPE_ID, LOAD_DT, UPDATE_DT, USER_LAST_MODIFY, BRAND_ID)   VALUES ( 274, 1, 'Europe Pool - International Roaming: To benefit from pooling, you should add additional pool-enabled subscribers to the target pool.', 0, null, 'EN', 5, sysdate, sysdate, user, null);
INSERT INTO ADAPTED_MESSAGE(APPLICATION_MESSAGE_ID,  ADAPTED_MESSAGE_SEQ, MESSAGE_TEXT, APPLICATION_ID, AUDIENCE_TYPE_ID, LANGUAGE_CD, MESSAGE_TYPE_ID, LOAD_DT, UPDATE_DT, USER_LAST_MODIFY, BRAND_ID)   VALUES ( 274, 2, 'Fusion Europe - Itinérance Internationale - Pour bénéficier de la fusion de minutes, vous devez ajouter d''autres abonnés qui pourront accéder au lot de minutes.', 0, null, 'FR', 5, sysdate, sysdate, user, null);
INSERT INTO ADAPTED_MESSAGE(APPLICATION_MESSAGE_ID,  ADAPTED_MESSAGE_SEQ, MESSAGE_TEXT, APPLICATION_ID, AUDIENCE_TYPE_ID, LANGUAGE_CD, MESSAGE_TYPE_ID, LOAD_DT, UPDATE_DT, USER_LAST_MODIFY, BRAND_ID)   VALUES ( 274, 3, 'Europe Pool - International Roaming: To benefit from pooling, you should add additional pool-enabled subscribers to the target pool.', 1, null, 'EN', 3, sysdate, sysdate, user, null);
INSERT INTO ADAPTED_MESSAGE(APPLICATION_MESSAGE_ID,  ADAPTED_MESSAGE_SEQ, MESSAGE_TEXT, APPLICATION_ID, AUDIENCE_TYPE_ID, LANGUAGE_CD, MESSAGE_TYPE_ID, LOAD_DT, UPDATE_DT, USER_LAST_MODIFY, BRAND_ID)   VALUES ( 274, 4, 'Fusion Europe - Itinérance Internationale - Pour bénéficier de la fusion de minutes, vous devez ajouter d''autres abonnés qui pourront accéder au lot de minutes.', 1, null, 'FR', 3, sysdate, sysdate, user, null);
INSERT INTO application_error VALUES ( 0,'MP-ADDTOWN-IRT-11', 274, 'Additional IRT subs should be added to new account', sysdate, sysdate, user);


INSERT INTO application_message VALUES (275, 'Now you can pool with others (International Roaming Toll)', sysdate, sysdate, user);
INSERT INTO ADAPTED_MESSAGE(APPLICATION_MESSAGE_ID,  ADAPTED_MESSAGE_SEQ, MESSAGE_TEXT, APPLICATION_ID, AUDIENCE_TYPE_ID, LANGUAGE_CD, MESSAGE_TYPE_ID, LOAD_DT, UPDATE_DT, USER_LAST_MODIFY, BRAND_ID)   VALUES ( 275, 1, 'Europe Pool - International Roaming: This subscriber will now pool minutes with other pool-enabled subscribers.', 0, null, 'EN', 1, sysdate, sysdate, user, null);
INSERT INTO ADAPTED_MESSAGE(APPLICATION_MESSAGE_ID,  ADAPTED_MESSAGE_SEQ, MESSAGE_TEXT, APPLICATION_ID, AUDIENCE_TYPE_ID, LANGUAGE_CD, MESSAGE_TYPE_ID, LOAD_DT, UPDATE_DT, USER_LAST_MODIFY, BRAND_ID)   VALUES ( 275, 2, 'Fusion Europe - Itinérance Internationale - La fusion de minutes a été activée. Cet abonné peut maintenant accéder au lot de minutes.', 0, null, 'FR', 1, sysdate, sysdate, user, null);
INSERT INTO ADAPTED_MESSAGE(APPLICATION_MESSAGE_ID,  ADAPTED_MESSAGE_SEQ, MESSAGE_TEXT, APPLICATION_ID, AUDIENCE_TYPE_ID, LANGUAGE_CD, MESSAGE_TYPE_ID, LOAD_DT, UPDATE_DT, USER_LAST_MODIFY, BRAND_ID)   VALUES ( 275, 3, 'Europe Pool - International Roaming: You will now pool minutes with other pool-enabled subscribers in this pool.', 9, null, 'EN', 1, sysdate, sysdate, user, null);
INSERT INTO ADAPTED_MESSAGE(APPLICATION_MESSAGE_ID,  ADAPTED_MESSAGE_SEQ, MESSAGE_TEXT, APPLICATION_ID, AUDIENCE_TYPE_ID, LANGUAGE_CD, MESSAGE_TYPE_ID, LOAD_DT, UPDATE_DT, USER_LAST_MODIFY, BRAND_ID)   VALUES ( 275, 4, 'Fusion Europe - Itinérance Internationale - La fusion de minutes a été activée. Vous pouvez maintenant accéder au lot de minutes.', 9, null, 'FR', 1, sysdate, sysdate, user, null);
INSERT INTO ADAPTED_MESSAGE(APPLICATION_MESSAGE_ID,  ADAPTED_MESSAGE_SEQ, MESSAGE_TEXT, APPLICATION_ID, AUDIENCE_TYPE_ID, LANGUAGE_CD, MESSAGE_TYPE_ID, LOAD_DT, UPDATE_DT, USER_LAST_MODIFY, BRAND_ID)   VALUES ( 275, 5, 'Europe Pool - International Roaming: This subscriber will now pool minutes with other pool-enabled subscribers.', 3, null, 'EN', 1, sysdate, sysdate, user, null);
INSERT INTO ADAPTED_MESSAGE(APPLICATION_MESSAGE_ID,  ADAPTED_MESSAGE_SEQ, MESSAGE_TEXT, APPLICATION_ID, AUDIENCE_TYPE_ID, LANGUAGE_CD, MESSAGE_TYPE_ID, LOAD_DT, UPDATE_DT, USER_LAST_MODIFY, BRAND_ID)   VALUES ( 275, 6, 'Fusion Europe - Itinérance Internationale - La fusion de minutes a été activée. Cet abonné peut maintenant accéder au lot de minutes.', 3, null, 'FR', 1, sysdate, sysdate, user, null);
INSERT INTO ADAPTED_MESSAGE(APPLICATION_MESSAGE_ID,  ADAPTED_MESSAGE_SEQ, MESSAGE_TEXT, APPLICATION_ID, AUDIENCE_TYPE_ID, LANGUAGE_CD, MESSAGE_TYPE_ID, LOAD_DT, UPDATE_DT, USER_LAST_MODIFY, BRAND_ID)   VALUES ( 275, 7, 'Europe Pool - International Roaming: You will now pool minutes with other pool-enabled subscribers in this pool.', 3, 3, 'EN', 1, sysdate, sysdate, user, null);
INSERT INTO ADAPTED_MESSAGE(APPLICATION_MESSAGE_ID,  ADAPTED_MESSAGE_SEQ, MESSAGE_TEXT, APPLICATION_ID, AUDIENCE_TYPE_ID, LANGUAGE_CD, MESSAGE_TYPE_ID, LOAD_DT, UPDATE_DT, USER_LAST_MODIFY, BRAND_ID)   VALUES ( 275, 8, 'Fusion Europe - Itinérance Internationale - La fusion de minutes a été activée. Vous pouvez maintenant accéder au lot de minutes.', 3, 3, 'FR', 1, sysdate, sysdate, user, null);
INSERT INTO application_error VALUES ( 0,'MP-PWO-IRT-11', 275, 'Now you can pool with others (International Roaming Toll)', sysdate, sysdate, user);


INSERT INTO application_message VALUES (276, 'Disable IRT pooling on this sub', sysdate, sysdate, user);
INSERT INTO ADAPTED_MESSAGE(APPLICATION_MESSAGE_ID,  ADAPTED_MESSAGE_SEQ, MESSAGE_TEXT, APPLICATION_ID, AUDIENCE_TYPE_ID, LANGUAGE_CD, MESSAGE_TYPE_ID, LOAD_DT, UPDATE_DT, USER_LAST_MODIFY, BRAND_ID)   VALUES ( 276, 1, 'Europe Pool - International Roaming: Minute pooling will be disabled. This subscriber will no longer pool minutes with other pool-enabled subscribers in this pool.', 0, null, 'EN', 1, sysdate, sysdate, user, null);
INSERT INTO ADAPTED_MESSAGE(APPLICATION_MESSAGE_ID,  ADAPTED_MESSAGE_SEQ, MESSAGE_TEXT, APPLICATION_ID, AUDIENCE_TYPE_ID, LANGUAGE_CD, MESSAGE_TYPE_ID, LOAD_DT, UPDATE_DT, USER_LAST_MODIFY, BRAND_ID)   VALUES ( 276, 2, 'Fusion Europe - Itinérance Internationale - La fusion de minutes sera désactivée. Cet abonné ne pourra plus accéder au lot de minutes.', 0, null, 'FR', 1, sysdate, sysdate, user, null);
INSERT INTO ADAPTED_MESSAGE(APPLICATION_MESSAGE_ID,  ADAPTED_MESSAGE_SEQ, MESSAGE_TEXT, APPLICATION_ID, AUDIENCE_TYPE_ID, LANGUAGE_CD, MESSAGE_TYPE_ID, LOAD_DT, UPDATE_DT, USER_LAST_MODIFY, BRAND_ID)   VALUES ( 276, 3, 'Europe Pool - International Roaming: Minute pooling will be disabled. This subscriber will no longer pool minutes with other pool-enabled subscribers in this pool.', 3, null, 'EN', 1, sysdate, sysdate, user, null);
INSERT INTO ADAPTED_MESSAGE(APPLICATION_MESSAGE_ID,  ADAPTED_MESSAGE_SEQ, MESSAGE_TEXT, APPLICATION_ID, AUDIENCE_TYPE_ID, LANGUAGE_CD, MESSAGE_TYPE_ID, LOAD_DT, UPDATE_DT, USER_LAST_MODIFY, BRAND_ID)   VALUES ( 276, 4, 'Fusion Europe - Itinérance Internationale - La fusion de minutes sera désactivée. Cet abonné ne pourra plus accéder au lot de minutes.', 3, null, 'FR', 1, sysdate, sysdate, user, null);
INSERT INTO ADAPTED_MESSAGE(APPLICATION_MESSAGE_ID,  ADAPTED_MESSAGE_SEQ, MESSAGE_TEXT, APPLICATION_ID, AUDIENCE_TYPE_ID, LANGUAGE_CD, MESSAGE_TYPE_ID, LOAD_DT, UPDATE_DT, USER_LAST_MODIFY, BRAND_ID)   VALUES ( 276, 5, 'Europe Pool - International Roaming: Minute pooling will be disabled. You will no longer pool minutes with other pool-enabled subscribers in this pool.', 3, 3, 'EN', 1, sysdate, sysdate, user, null);
INSERT INTO ADAPTED_MESSAGE(APPLICATION_MESSAGE_ID,  ADAPTED_MESSAGE_SEQ, MESSAGE_TEXT, APPLICATION_ID, AUDIENCE_TYPE_ID, LANGUAGE_CD, MESSAGE_TYPE_ID, LOAD_DT, UPDATE_DT, USER_LAST_MODIFY, BRAND_ID)   VALUES ( 276, 6, 'Fusion Europe - Itinérance Internationale - La fusion de minutes sera désactivée. Vous ne pourrez plus accéder au lot de minutes.', 3, 3, 'FR', 1, sysdate, sysdate, user, null);
INSERT INTO application_error VALUES ( 0,'MP-DIS-IRT-11', 276, 'Disable IRT pooling on this sub', sysdate, sysdate, user);


INSERT INTO application_message VALUES (277, 'One IRT pooling sub left on account', sysdate, sysdate, user);
INSERT INTO ADAPTED_MESSAGE(APPLICATION_MESSAGE_ID,  ADAPTED_MESSAGE_SEQ, MESSAGE_TEXT, APPLICATION_ID, AUDIENCE_TYPE_ID, LANGUAGE_CD, MESSAGE_TYPE_ID, LOAD_DT, UPDATE_DT, USER_LAST_MODIFY, BRAND_ID)   VALUES ( 277, 1, 'Europe Pool - International Roaming: This change will leave only one pool-enabled subscriber in this pool with no other subscribers to pool with.', 0, null, 'EN', 3, sysdate, sysdate, user, null);
INSERT INTO ADAPTED_MESSAGE(APPLICATION_MESSAGE_ID,  ADAPTED_MESSAGE_SEQ, MESSAGE_TEXT, APPLICATION_ID, AUDIENCE_TYPE_ID, LANGUAGE_CD, MESSAGE_TYPE_ID, LOAD_DT, UPDATE_DT, USER_LAST_MODIFY, BRAND_ID)   VALUES ( 277, 2, 'Fusion Europe - Itinérance Internationale - En raison de ce changement, il ne reste qu''un seul abonné qui peut accéder au lot de minutes dans ce compte.', 0, null, 'FR', 3, sysdate, sysdate, user, null);
INSERT INTO application_error VALUES ( 0,'MP-LAST-IRT-11', 277, 'One IRT pooling sub left on account', sysdate, sysdate, user);


INSERT INTO application_message VALUES (278, 'IRT pooling enabled for this sub', sysdate, sysdate, user);
INSERT INTO ADAPTED_MESSAGE(APPLICATION_MESSAGE_ID,  ADAPTED_MESSAGE_SEQ, MESSAGE_TEXT, APPLICATION_ID, AUDIENCE_TYPE_ID, LANGUAGE_CD, MESSAGE_TYPE_ID, LOAD_DT, UPDATE_DT, USER_LAST_MODIFY, BRAND_ID)   VALUES ( 278, 1, 'Africa Pool - International Roaming: Minute pooling has been enabled for this subscriber.', 5, null, 'EN', 1, sysdate, sysdate, user, null);
INSERT INTO ADAPTED_MESSAGE(APPLICATION_MESSAGE_ID,  ADAPTED_MESSAGE_SEQ, MESSAGE_TEXT, APPLICATION_ID, AUDIENCE_TYPE_ID, LANGUAGE_CD, MESSAGE_TYPE_ID, LOAD_DT, UPDATE_DT, USER_LAST_MODIFY, BRAND_ID)   VALUES ( 278, 2, 'Fusion Afrique - Itinérance Internationale - La fusion de minutes a été activée pour cet abonné.', 5, null, 'FR', 1, sysdate, sysdate, user, null);
INSERT INTO ADAPTED_MESSAGE(APPLICATION_MESSAGE_ID,  ADAPTED_MESSAGE_SEQ, MESSAGE_TEXT, APPLICATION_ID, AUDIENCE_TYPE_ID, LANGUAGE_CD, MESSAGE_TYPE_ID, LOAD_DT, UPDATE_DT, USER_LAST_MODIFY, BRAND_ID)   VALUES ( 278, 3, 'Africa Pool - International Roaming: Minute pooling has been enabled for this subscriber.', 2, null, 'EN', 1, sysdate, sysdate, user, null);
INSERT INTO ADAPTED_MESSAGE(APPLICATION_MESSAGE_ID,  ADAPTED_MESSAGE_SEQ, MESSAGE_TEXT, APPLICATION_ID, AUDIENCE_TYPE_ID, LANGUAGE_CD, MESSAGE_TYPE_ID, LOAD_DT, UPDATE_DT, USER_LAST_MODIFY, BRAND_ID)   VALUES ( 278, 4, 'Fusion Afrique - Itinérance Internationale - La fusion de minutes a été activée pour cet abonné.', 2, null, 'FR', 1, sysdate, sysdate, user, null);
INSERT INTO ADAPTED_MESSAGE(APPLICATION_MESSAGE_ID,  ADAPTED_MESSAGE_SEQ, MESSAGE_TEXT, APPLICATION_ID, AUDIENCE_TYPE_ID, LANGUAGE_CD, MESSAGE_TYPE_ID, LOAD_DT, UPDATE_DT, USER_LAST_MODIFY, BRAND_ID)   VALUES ( 278, 5, 'Africa Pool - International Roaming: Minute pooling has been enabled for this subscriber.', 18, null, 'EN', 1, sysdate, sysdate, user, null);
INSERT INTO ADAPTED_MESSAGE(APPLICATION_MESSAGE_ID,  ADAPTED_MESSAGE_SEQ, MESSAGE_TEXT, APPLICATION_ID, AUDIENCE_TYPE_ID, LANGUAGE_CD, MESSAGE_TYPE_ID, LOAD_DT, UPDATE_DT, USER_LAST_MODIFY, BRAND_ID)   VALUES ( 278, 6, 'Fusion Afrique - Itinérance Internationale - La fusion de minutes a été activée pour cet abonné.', 18, null, 'FR', 1, sysdate, sysdate, user, null);
INSERT INTO ADAPTED_MESSAGE(APPLICATION_MESSAGE_ID,  ADAPTED_MESSAGE_SEQ, MESSAGE_TEXT, APPLICATION_ID, AUDIENCE_TYPE_ID, LANGUAGE_CD, MESSAGE_TYPE_ID, LOAD_DT, UPDATE_DT, USER_LAST_MODIFY, BRAND_ID)   VALUES ( 278, 7, 'Africa Pool - International Roaming: Minute pooling has been enabled for this subscriber.', 1, null, 'EN', 1, sysdate, sysdate, user, null);
INSERT INTO ADAPTED_MESSAGE(APPLICATION_MESSAGE_ID,  ADAPTED_MESSAGE_SEQ, MESSAGE_TEXT, APPLICATION_ID, AUDIENCE_TYPE_ID, LANGUAGE_CD, MESSAGE_TYPE_ID, LOAD_DT, UPDATE_DT, USER_LAST_MODIFY, BRAND_ID)   VALUES ( 278, 8, 'Fusion Afrique - Itinérance Internationale - La fusion de minutes a été activée pour cet abonné.', 1, null, 'FR', 1, sysdate, sysdate, user, null);
INSERT INTO ADAPTED_MESSAGE(APPLICATION_MESSAGE_ID,  ADAPTED_MESSAGE_SEQ, MESSAGE_TEXT, APPLICATION_ID, AUDIENCE_TYPE_ID, LANGUAGE_CD, MESSAGE_TYPE_ID, LOAD_DT, UPDATE_DT, USER_LAST_MODIFY, BRAND_ID)   VALUES ( 278, 9, 'Africa Pool - International Roaming: Minute pooling has been enabled for this subscriber.', 3, null, 'EN', 1, sysdate, sysdate, user, null);
INSERT INTO ADAPTED_MESSAGE(APPLICATION_MESSAGE_ID,  ADAPTED_MESSAGE_SEQ, MESSAGE_TEXT, APPLICATION_ID, AUDIENCE_TYPE_ID, LANGUAGE_CD, MESSAGE_TYPE_ID, LOAD_DT, UPDATE_DT, USER_LAST_MODIFY, BRAND_ID)   VALUES ( 278, 10, 'Fusion Afrique - Itinérance Internationale - La fusion de minutes a été activée pour cet abonné.', 3, null, 'FR', 1, sysdate, sysdate, user, null);
INSERT INTO ADAPTED_MESSAGE(APPLICATION_MESSAGE_ID,  ADAPTED_MESSAGE_SEQ, MESSAGE_TEXT, APPLICATION_ID, AUDIENCE_TYPE_ID, LANGUAGE_CD, MESSAGE_TYPE_ID, LOAD_DT, UPDATE_DT, USER_LAST_MODIFY, BRAND_ID)   VALUES ( 278, 11, 'Africa Pool - International Roaming: Minute pooling has been enabled for your number.', 3, 3, 'EN', 1, sysdate, sysdate, user, null);
INSERT INTO ADAPTED_MESSAGE(APPLICATION_MESSAGE_ID,  ADAPTED_MESSAGE_SEQ, MESSAGE_TEXT, APPLICATION_ID, AUDIENCE_TYPE_ID, LANGUAGE_CD, MESSAGE_TYPE_ID, LOAD_DT, UPDATE_DT, USER_LAST_MODIFY, BRAND_ID)   VALUES ( 278, 12, 'Fusion Afrique - Itinérance Internationale - La fusion de minutes a été activée pour votre numéro de téléphone.', 3, 3, 'FR', 1, sysdate, sysdate, user, null);
INSERT INTO application_error VALUES ( 0,'MP-EN-IRT-12', 278, 'IRT pooling enabled for this sub', sysdate, sysdate, user);


INSERT INTO application_message VALUES (279, 'Additional International Roaming Toll subs should be added', sysdate, sysdate, user);
INSERT INTO ADAPTED_MESSAGE(APPLICATION_MESSAGE_ID,  ADAPTED_MESSAGE_SEQ, MESSAGE_TEXT, APPLICATION_ID, AUDIENCE_TYPE_ID, LANGUAGE_CD, MESSAGE_TYPE_ID, LOAD_DT, UPDATE_DT, USER_LAST_MODIFY, BRAND_ID)   VALUES ( 279, 1, 'Africa Pool - International Roaming: To benefit from pooling, you should add additional pool-enabled subscribers to this account.', 0, null, 'EN', 1, sysdate, sysdate, user, null);
INSERT INTO ADAPTED_MESSAGE(APPLICATION_MESSAGE_ID,  ADAPTED_MESSAGE_SEQ, MESSAGE_TEXT, APPLICATION_ID, AUDIENCE_TYPE_ID, LANGUAGE_CD, MESSAGE_TYPE_ID, LOAD_DT, UPDATE_DT, USER_LAST_MODIFY, BRAND_ID)   VALUES ( 279, 2, 'Fusion Afrique - Itinérance Internationale - Pour bénéficier de la fusion de minutes, vous devez ajouter d''autres abonnés au compte qui pourront accéder au lot de minutes.', 0, null, 'FR', 1, sysdate, sysdate, user, null);
INSERT INTO ADAPTED_MESSAGE(APPLICATION_MESSAGE_ID,  ADAPTED_MESSAGE_SEQ, MESSAGE_TEXT, APPLICATION_ID, AUDIENCE_TYPE_ID, LANGUAGE_CD, MESSAGE_TYPE_ID, LOAD_DT, UPDATE_DT, USER_LAST_MODIFY, BRAND_ID)   VALUES ( 279, 3, 'Africa Pool - International Roaming: To benefit from pooling, you should add additional pool-enabled subscribers to this account.', 1, null, 'EN', 3, sysdate, sysdate, user, null);
INSERT INTO ADAPTED_MESSAGE(APPLICATION_MESSAGE_ID,  ADAPTED_MESSAGE_SEQ, MESSAGE_TEXT, APPLICATION_ID, AUDIENCE_TYPE_ID, LANGUAGE_CD, MESSAGE_TYPE_ID, LOAD_DT, UPDATE_DT, USER_LAST_MODIFY, BRAND_ID)   VALUES ( 279, 4, 'Fusion Afrique - Itinérance Internationale - Pour bénéficier de la fusion de minutes, vous devez ajouter d''autres abonnés au compte qui pourront accéder au lot de minutes.', 1, null, 'FR', 3, sysdate, sysdate, user, null);
INSERT INTO ADAPTED_MESSAGE(APPLICATION_MESSAGE_ID,  ADAPTED_MESSAGE_SEQ, MESSAGE_TEXT, APPLICATION_ID, AUDIENCE_TYPE_ID, LANGUAGE_CD, MESSAGE_TYPE_ID, LOAD_DT, UPDATE_DT, USER_LAST_MODIFY, BRAND_ID)   VALUES ( 279, 5, 'Africa Pool - International Roaming: To benefit from pooling, you should add additional pool-enabled subscribers to this account.', 2, null, 'EN', 3, sysdate, sysdate, user, null);
INSERT INTO ADAPTED_MESSAGE(APPLICATION_MESSAGE_ID,  ADAPTED_MESSAGE_SEQ, MESSAGE_TEXT, APPLICATION_ID, AUDIENCE_TYPE_ID, LANGUAGE_CD, MESSAGE_TYPE_ID, LOAD_DT, UPDATE_DT, USER_LAST_MODIFY, BRAND_ID)   VALUES ( 279, 6, 'Fusion Afrique - Itinérance Internationale - Pour bénéficier de la fusion de minutes, vous devez ajouter d''autres abonnés au compte qui pourront accéder au lot de minutes.', 2, null, 'FR', 3, sysdate, sysdate, user, null);
INSERT INTO ADAPTED_MESSAGE(APPLICATION_MESSAGE_ID,  ADAPTED_MESSAGE_SEQ, MESSAGE_TEXT, APPLICATION_ID, AUDIENCE_TYPE_ID, LANGUAGE_CD, MESSAGE_TYPE_ID, LOAD_DT, UPDATE_DT, USER_LAST_MODIFY, BRAND_ID)   VALUES ( 279, 7, 'Africa Pool - International Roaming: To benefit from pooling, you should add additional pool-enabled subscribers to this account.', 3, null, 'EN', 3, sysdate, sysdate, user, null);
INSERT INTO ADAPTED_MESSAGE(APPLICATION_MESSAGE_ID,  ADAPTED_MESSAGE_SEQ, MESSAGE_TEXT, APPLICATION_ID, AUDIENCE_TYPE_ID, LANGUAGE_CD, MESSAGE_TYPE_ID, LOAD_DT, UPDATE_DT, USER_LAST_MODIFY, BRAND_ID)   VALUES ( 279, 8, 'Fusion Afrique - Itinérance Internationale - Pour bénéficier de la fusion de minutes, vous devez ajouter d''autres abonnés au compte qui pourront accéder au lot de minutes.', 3, null, 'FR', 3, sysdate, sysdate, user, null);
INSERT INTO application_error VALUES ( 0,'MP-ADD-IRT-12', 279, 'Additional International Roaming Toll subs should be added', sysdate, sysdate, user);


INSERT INTO application_message VALUES (280, 'Additional IRT subs should be added to new account', sysdate, sysdate, user);
INSERT INTO ADAPTED_MESSAGE(APPLICATION_MESSAGE_ID,  ADAPTED_MESSAGE_SEQ, MESSAGE_TEXT, APPLICATION_ID, AUDIENCE_TYPE_ID, LANGUAGE_CD, MESSAGE_TYPE_ID, LOAD_DT, UPDATE_DT, USER_LAST_MODIFY, BRAND_ID)   VALUES ( 280, 1, 'Africa Pool - International Roaming: To benefit from pooling, you should add additional pool-enabled subscribers to the target pool.', 0, null, 'EN', 5, sysdate, sysdate, user, null);
INSERT INTO ADAPTED_MESSAGE(APPLICATION_MESSAGE_ID,  ADAPTED_MESSAGE_SEQ, MESSAGE_TEXT, APPLICATION_ID, AUDIENCE_TYPE_ID, LANGUAGE_CD, MESSAGE_TYPE_ID, LOAD_DT, UPDATE_DT, USER_LAST_MODIFY, BRAND_ID)   VALUES ( 280, 2, 'Fusion Afrique - Itinérance Internationale - Pour bénéficier de la fusion de minutes, vous devez ajouter d''autres abonnés qui pourront accéder au lot de minutes.', 0, null, 'FR', 5, sysdate, sysdate, user, null);
INSERT INTO ADAPTED_MESSAGE(APPLICATION_MESSAGE_ID,  ADAPTED_MESSAGE_SEQ, MESSAGE_TEXT, APPLICATION_ID, AUDIENCE_TYPE_ID, LANGUAGE_CD, MESSAGE_TYPE_ID, LOAD_DT, UPDATE_DT, USER_LAST_MODIFY, BRAND_ID)   VALUES ( 280, 3, 'Africa Pool - International Roaming: To benefit from pooling, you should add additional pool-enabled subscribers to the target pool.', 1, null, 'EN', 3, sysdate, sysdate, user, null);
INSERT INTO ADAPTED_MESSAGE(APPLICATION_MESSAGE_ID,  ADAPTED_MESSAGE_SEQ, MESSAGE_TEXT, APPLICATION_ID, AUDIENCE_TYPE_ID, LANGUAGE_CD, MESSAGE_TYPE_ID, LOAD_DT, UPDATE_DT, USER_LAST_MODIFY, BRAND_ID)   VALUES ( 280, 4, 'Fusion Afrique - Itinérance Internationale - Pour bénéficier de la fusion de minutes, vous devez ajouter d''autres abonnés qui pourront accéder au lot de minutes.', 1, null, 'FR', 3, sysdate, sysdate, user, null);
INSERT INTO application_error VALUES ( 0,'MP-ADDTOWN-IRT-12', 280, 'Additional IRT subs should be added to new account', sysdate, sysdate, user);


INSERT INTO application_message VALUES (281, 'Now you can pool with others (International Roaming Toll)', sysdate, sysdate, user);
INSERT INTO ADAPTED_MESSAGE(APPLICATION_MESSAGE_ID,  ADAPTED_MESSAGE_SEQ, MESSAGE_TEXT, APPLICATION_ID, AUDIENCE_TYPE_ID, LANGUAGE_CD, MESSAGE_TYPE_ID, LOAD_DT, UPDATE_DT, USER_LAST_MODIFY, BRAND_ID)   VALUES ( 281, 1, 'Africa Pool - International Roaming: This subscriber will now pool minutes with other pool-enabled subscribers.', 0, null, 'EN', 1, sysdate, sysdate, user, null);
INSERT INTO ADAPTED_MESSAGE(APPLICATION_MESSAGE_ID,  ADAPTED_MESSAGE_SEQ, MESSAGE_TEXT, APPLICATION_ID, AUDIENCE_TYPE_ID, LANGUAGE_CD, MESSAGE_TYPE_ID, LOAD_DT, UPDATE_DT, USER_LAST_MODIFY, BRAND_ID)   VALUES ( 281, 2, 'Fusion Afrique - Itinérance Internationale - La fusion de minutes a été activée. Cet abonné peut maintenant accéder au lot de minutes.', 0, null, 'FR', 1, sysdate, sysdate, user, null);
INSERT INTO ADAPTED_MESSAGE(APPLICATION_MESSAGE_ID,  ADAPTED_MESSAGE_SEQ, MESSAGE_TEXT, APPLICATION_ID, AUDIENCE_TYPE_ID, LANGUAGE_CD, MESSAGE_TYPE_ID, LOAD_DT, UPDATE_DT, USER_LAST_MODIFY, BRAND_ID)   VALUES ( 281, 3, 'Africa Pool - International Roaming: You will now pool minutes with other pool-enabled subscribers in this pool.', 9, null, 'EN', 1, sysdate, sysdate, user, null);
INSERT INTO ADAPTED_MESSAGE(APPLICATION_MESSAGE_ID,  ADAPTED_MESSAGE_SEQ, MESSAGE_TEXT, APPLICATION_ID, AUDIENCE_TYPE_ID, LANGUAGE_CD, MESSAGE_TYPE_ID, LOAD_DT, UPDATE_DT, USER_LAST_MODIFY, BRAND_ID)   VALUES ( 281, 4, 'Fusion Afrique - Itinérance Internationale - La fusion de minutes a été activée. Vous pouvez maintenant accéder au lot de minutes.', 9, null, 'FR', 1, sysdate, sysdate, user, null);
INSERT INTO ADAPTED_MESSAGE(APPLICATION_MESSAGE_ID,  ADAPTED_MESSAGE_SEQ, MESSAGE_TEXT, APPLICATION_ID, AUDIENCE_TYPE_ID, LANGUAGE_CD, MESSAGE_TYPE_ID, LOAD_DT, UPDATE_DT, USER_LAST_MODIFY, BRAND_ID)   VALUES ( 281, 5, 'Africa Pool - International Roaming: This subscriber will now pool minutes with other pool-enabled subscribers.', 3, null, 'EN', 1, sysdate, sysdate, user, null);
INSERT INTO ADAPTED_MESSAGE(APPLICATION_MESSAGE_ID,  ADAPTED_MESSAGE_SEQ, MESSAGE_TEXT, APPLICATION_ID, AUDIENCE_TYPE_ID, LANGUAGE_CD, MESSAGE_TYPE_ID, LOAD_DT, UPDATE_DT, USER_LAST_MODIFY, BRAND_ID)   VALUES ( 281, 6, 'Fusion Afrique - Itinérance Internationale - La fusion de minutes a été activée. Cet abonné peut maintenant accéder au lot de minutes.', 3, null, 'FR', 1, sysdate, sysdate, user, null);
INSERT INTO ADAPTED_MESSAGE(APPLICATION_MESSAGE_ID,  ADAPTED_MESSAGE_SEQ, MESSAGE_TEXT, APPLICATION_ID, AUDIENCE_TYPE_ID, LANGUAGE_CD, MESSAGE_TYPE_ID, LOAD_DT, UPDATE_DT, USER_LAST_MODIFY, BRAND_ID)   VALUES ( 281, 7, 'Africa Pool - International Roaming: You will now pool minutes with other pool-enabled subscribers in this pool.', 3, 3, 'EN', 1, sysdate, sysdate, user, null);
INSERT INTO ADAPTED_MESSAGE(APPLICATION_MESSAGE_ID,  ADAPTED_MESSAGE_SEQ, MESSAGE_TEXT, APPLICATION_ID, AUDIENCE_TYPE_ID, LANGUAGE_CD, MESSAGE_TYPE_ID, LOAD_DT, UPDATE_DT, USER_LAST_MODIFY, BRAND_ID)   VALUES ( 281, 8, 'Fusion Afrique - Itinérance Internationale - La fusion de minutes a été activée. Vous pouvez maintenant accéder au lot de minutes.', 3, 3, 'FR', 1, sysdate, sysdate, user, null);
INSERT INTO application_error VALUES ( 0,'MP-PWO-IRT-12', 281, 'Now you can pool with others (International Roaming Toll)', sysdate, sysdate, user);


INSERT INTO application_message VALUES (282, 'Disable IRT pooling on this sub', sysdate, sysdate, user);
INSERT INTO ADAPTED_MESSAGE(APPLICATION_MESSAGE_ID,  ADAPTED_MESSAGE_SEQ, MESSAGE_TEXT, APPLICATION_ID, AUDIENCE_TYPE_ID, LANGUAGE_CD, MESSAGE_TYPE_ID, LOAD_DT, UPDATE_DT, USER_LAST_MODIFY, BRAND_ID)   VALUES ( 282, 1, 'Africa Pool - International Roaming: Minute pooling will be disabled. This subscriber will no longer pool minutes with other pool-enabled subscribers in this pool.', 0, null, 'EN', 1, sysdate, sysdate, user, null);
INSERT INTO ADAPTED_MESSAGE(APPLICATION_MESSAGE_ID,  ADAPTED_MESSAGE_SEQ, MESSAGE_TEXT, APPLICATION_ID, AUDIENCE_TYPE_ID, LANGUAGE_CD, MESSAGE_TYPE_ID, LOAD_DT, UPDATE_DT, USER_LAST_MODIFY, BRAND_ID)   VALUES ( 282, 2, 'Fusion Afrique - Itinérance Internationale - La fusion de minutes sera désactivée. Cet abonné ne pourra plus accéder au lot de minutes.', 0, null, 'FR', 1, sysdate, sysdate, user, null);
INSERT INTO ADAPTED_MESSAGE(APPLICATION_MESSAGE_ID,  ADAPTED_MESSAGE_SEQ, MESSAGE_TEXT, APPLICATION_ID, AUDIENCE_TYPE_ID, LANGUAGE_CD, MESSAGE_TYPE_ID, LOAD_DT, UPDATE_DT, USER_LAST_MODIFY, BRAND_ID)   VALUES ( 282, 3, 'Africa Pool - International Roaming: Minute pooling will be disabled. This subscriber will no longer pool minutes with other pool-enabled subscribers in this pool.', 3, null, 'EN', 1, sysdate, sysdate, user, null);
INSERT INTO ADAPTED_MESSAGE(APPLICATION_MESSAGE_ID,  ADAPTED_MESSAGE_SEQ, MESSAGE_TEXT, APPLICATION_ID, AUDIENCE_TYPE_ID, LANGUAGE_CD, MESSAGE_TYPE_ID, LOAD_DT, UPDATE_DT, USER_LAST_MODIFY, BRAND_ID)   VALUES ( 282, 4, 'Fusion Afrique - Itinérance Internationale - La fusion de minutes sera désactivée. Cet abonné ne pourra plus accéder au lot de minutes.', 3, null, 'FR', 1, sysdate, sysdate, user, null);
INSERT INTO ADAPTED_MESSAGE(APPLICATION_MESSAGE_ID,  ADAPTED_MESSAGE_SEQ, MESSAGE_TEXT, APPLICATION_ID, AUDIENCE_TYPE_ID, LANGUAGE_CD, MESSAGE_TYPE_ID, LOAD_DT, UPDATE_DT, USER_LAST_MODIFY, BRAND_ID)   VALUES ( 282, 5, 'Africa Pool - International Roaming: Minute pooling will be disabled. You will no longer pool minutes with other pool-enabled subscribers in this pool.', 3, 3, 'EN', 1, sysdate, sysdate, user, null);
INSERT INTO ADAPTED_MESSAGE(APPLICATION_MESSAGE_ID,  ADAPTED_MESSAGE_SEQ, MESSAGE_TEXT, APPLICATION_ID, AUDIENCE_TYPE_ID, LANGUAGE_CD, MESSAGE_TYPE_ID, LOAD_DT, UPDATE_DT, USER_LAST_MODIFY, BRAND_ID)   VALUES ( 282, 6, 'Fusion Afrique - Itinérance Internationale - La fusion de minutes sera désactivée. Vous ne pourrez plus accéder au lot de minutes.', 3, 3, 'FR', 1, sysdate, sysdate, user, null);
INSERT INTO application_error VALUES ( 0,'MP-DIS-IRT-12', 282, 'Disable IRT pooling on this sub', sysdate, sysdate, user);


INSERT INTO application_message VALUES (283, 'One IRT pooling sub left on account', sysdate, sysdate, user);
INSERT INTO ADAPTED_MESSAGE(APPLICATION_MESSAGE_ID,  ADAPTED_MESSAGE_SEQ, MESSAGE_TEXT, APPLICATION_ID, AUDIENCE_TYPE_ID, LANGUAGE_CD, MESSAGE_TYPE_ID, LOAD_DT, UPDATE_DT, USER_LAST_MODIFY, BRAND_ID)   VALUES ( 283, 1, 'Africa Pool - International Roaming: This change will leave only one pool-enabled subscriber in this pool with no other subscribers to pool with.', 0, null, 'EN', 3, sysdate, sysdate, user, null);
INSERT INTO ADAPTED_MESSAGE(APPLICATION_MESSAGE_ID,  ADAPTED_MESSAGE_SEQ, MESSAGE_TEXT, APPLICATION_ID, AUDIENCE_TYPE_ID, LANGUAGE_CD, MESSAGE_TYPE_ID, LOAD_DT, UPDATE_DT, USER_LAST_MODIFY, BRAND_ID)   VALUES ( 283, 2, 'Fusion Afrique - Itinérance Internationale - En raison de ce changement, il ne reste qu''un seul abonné qui peut accéder au lot de minutes dans ce compte.', 0, null, 'FR', 3, sysdate, sysdate, user, null);
INSERT INTO application_error VALUES ( 0,'MP-LAST-IRT-12', 283, 'One IRT pooling sub left on account', sysdate, sysdate, user);


INSERT INTO application_message VALUES (284, 'IRT pooling enabled for this sub', sysdate, sysdate, user);
INSERT INTO ADAPTED_MESSAGE(APPLICATION_MESSAGE_ID,  ADAPTED_MESSAGE_SEQ, MESSAGE_TEXT, APPLICATION_ID, AUDIENCE_TYPE_ID, LANGUAGE_CD, MESSAGE_TYPE_ID, LOAD_DT, UPDATE_DT, USER_LAST_MODIFY, BRAND_ID)   VALUES ( 284, 1, 'Middle East, Eurasia, Oceania Pool - International Roaming: Minute pooling has been enabled for this subscriber.', 5, null, 'EN', 1, sysdate, sysdate, user, null);
INSERT INTO ADAPTED_MESSAGE(APPLICATION_MESSAGE_ID,  ADAPTED_MESSAGE_SEQ, MESSAGE_TEXT, APPLICATION_ID, AUDIENCE_TYPE_ID, LANGUAGE_CD, MESSAGE_TYPE_ID, LOAD_DT, UPDATE_DT, USER_LAST_MODIFY, BRAND_ID)   VALUES ( 284, 2, 'Fusion Moyen-Orient, Eurasie, Océanie - Itinérance Internationale - La fusion de minutes a été activée pour cet abonné.', 5, null, 'FR', 1, sysdate, sysdate, user, null);
INSERT INTO ADAPTED_MESSAGE(APPLICATION_MESSAGE_ID,  ADAPTED_MESSAGE_SEQ, MESSAGE_TEXT, APPLICATION_ID, AUDIENCE_TYPE_ID, LANGUAGE_CD, MESSAGE_TYPE_ID, LOAD_DT, UPDATE_DT, USER_LAST_MODIFY, BRAND_ID)   VALUES ( 284, 3, 'Middle East, Eurasia, Oceania Pool - International Roaming: Minute pooling has been enabled for this subscriber.', 2, null, 'EN', 1, sysdate, sysdate, user, null);
INSERT INTO ADAPTED_MESSAGE(APPLICATION_MESSAGE_ID,  ADAPTED_MESSAGE_SEQ, MESSAGE_TEXT, APPLICATION_ID, AUDIENCE_TYPE_ID, LANGUAGE_CD, MESSAGE_TYPE_ID, LOAD_DT, UPDATE_DT, USER_LAST_MODIFY, BRAND_ID)   VALUES ( 284, 4, 'Fusion Moyen-Orient, Eurasie, Océanie - Itinérance Internationale - La fusion de minutes a été activée pour cet abonné.', 2, null, 'FR', 1, sysdate, sysdate, user, null);
INSERT INTO ADAPTED_MESSAGE(APPLICATION_MESSAGE_ID,  ADAPTED_MESSAGE_SEQ, MESSAGE_TEXT, APPLICATION_ID, AUDIENCE_TYPE_ID, LANGUAGE_CD, MESSAGE_TYPE_ID, LOAD_DT, UPDATE_DT, USER_LAST_MODIFY, BRAND_ID)   VALUES ( 284, 5, 'Middle East, Eurasia, Oceania Pool - International Roaming: Minute pooling has been enabled for this subscriber.', 18, null, 'EN', 1, sysdate, sysdate, user, null);
INSERT INTO ADAPTED_MESSAGE(APPLICATION_MESSAGE_ID,  ADAPTED_MESSAGE_SEQ, MESSAGE_TEXT, APPLICATION_ID, AUDIENCE_TYPE_ID, LANGUAGE_CD, MESSAGE_TYPE_ID, LOAD_DT, UPDATE_DT, USER_LAST_MODIFY, BRAND_ID)   VALUES ( 284, 6, 'Fusion Moyen-Orient, Eurasie, Océanie - Itinérance Internationale - La fusion de minutes a été activée pour cet abonné.', 18, null, 'FR', 1, sysdate, sysdate, user, null);
INSERT INTO ADAPTED_MESSAGE(APPLICATION_MESSAGE_ID,  ADAPTED_MESSAGE_SEQ, MESSAGE_TEXT, APPLICATION_ID, AUDIENCE_TYPE_ID, LANGUAGE_CD, MESSAGE_TYPE_ID, LOAD_DT, UPDATE_DT, USER_LAST_MODIFY, BRAND_ID)   VALUES ( 284, 7, 'Middle East, Eurasia, Oceania Pool - International Roaming: Minute pooling has been enabled for this subscriber.', 1, null, 'EN', 1, sysdate, sysdate, user, null);
INSERT INTO ADAPTED_MESSAGE(APPLICATION_MESSAGE_ID,  ADAPTED_MESSAGE_SEQ, MESSAGE_TEXT, APPLICATION_ID, AUDIENCE_TYPE_ID, LANGUAGE_CD, MESSAGE_TYPE_ID, LOAD_DT, UPDATE_DT, USER_LAST_MODIFY, BRAND_ID)   VALUES ( 284, 8, 'Fusion Moyen-Orient, Eurasie, Océanie - Itinérance Internationale - La fusion de minutes a été activée pour cet abonné.', 1, null, 'FR', 1, sysdate, sysdate, user, null);
INSERT INTO ADAPTED_MESSAGE(APPLICATION_MESSAGE_ID,  ADAPTED_MESSAGE_SEQ, MESSAGE_TEXT, APPLICATION_ID, AUDIENCE_TYPE_ID, LANGUAGE_CD, MESSAGE_TYPE_ID, LOAD_DT, UPDATE_DT, USER_LAST_MODIFY, BRAND_ID)   VALUES ( 284, 9, 'Middle East, Eurasia, Oceania Pool - International Roaming: Minute pooling has been enabled for this subscriber.', 3, null, 'EN', 1, sysdate, sysdate, user, null);
INSERT INTO ADAPTED_MESSAGE(APPLICATION_MESSAGE_ID,  ADAPTED_MESSAGE_SEQ, MESSAGE_TEXT, APPLICATION_ID, AUDIENCE_TYPE_ID, LANGUAGE_CD, MESSAGE_TYPE_ID, LOAD_DT, UPDATE_DT, USER_LAST_MODIFY, BRAND_ID)   VALUES ( 284, 10, 'Fusion Moyen-Orient, Eurasie, Océanie - Itinérance Internationale - La fusion de minutes a été activée pour cet abonné.', 3, null, 'FR', 1, sysdate, sysdate, user, null);
INSERT INTO ADAPTED_MESSAGE(APPLICATION_MESSAGE_ID,  ADAPTED_MESSAGE_SEQ, MESSAGE_TEXT, APPLICATION_ID, AUDIENCE_TYPE_ID, LANGUAGE_CD, MESSAGE_TYPE_ID, LOAD_DT, UPDATE_DT, USER_LAST_MODIFY, BRAND_ID)   VALUES ( 284, 11, 'Middle East, Eurasia, Oceania Pool - International Roaming: Minute pooling has been enabled for your number.', 3, 3, 'EN', 1, sysdate, sysdate, user, null);
INSERT INTO ADAPTED_MESSAGE(APPLICATION_MESSAGE_ID,  ADAPTED_MESSAGE_SEQ, MESSAGE_TEXT, APPLICATION_ID, AUDIENCE_TYPE_ID, LANGUAGE_CD, MESSAGE_TYPE_ID, LOAD_DT, UPDATE_DT, USER_LAST_MODIFY, BRAND_ID)   VALUES ( 284, 12, 'Fusion Moyen-Orient, Eurasie, Océanie - Itinérance Internationale - La fusion de minutes a été activée pour votre numéro de téléphone.', 3, 3, 'FR', 1, sysdate, sysdate, user, null);
INSERT INTO application_error VALUES ( 0,'MP-EN-IRT-13', 284, 'IRT pooling enabled for this sub', sysdate, sysdate, user);


INSERT INTO application_message VALUES (285, 'Additional International Roaming Toll subs should be added', sysdate, sysdate, user);
INSERT INTO ADAPTED_MESSAGE(APPLICATION_MESSAGE_ID,  ADAPTED_MESSAGE_SEQ, MESSAGE_TEXT, APPLICATION_ID, AUDIENCE_TYPE_ID, LANGUAGE_CD, MESSAGE_TYPE_ID, LOAD_DT, UPDATE_DT, USER_LAST_MODIFY, BRAND_ID)   VALUES ( 285, 1, 'Middle East, Eurasia, Oceania Pool - International Roaming: To benefit from pooling, you should add additional pool-enabled subscribers to this account.', 0, null, 'EN', 1, sysdate, sysdate, user, null);
INSERT INTO ADAPTED_MESSAGE(APPLICATION_MESSAGE_ID,  ADAPTED_MESSAGE_SEQ, MESSAGE_TEXT, APPLICATION_ID, AUDIENCE_TYPE_ID, LANGUAGE_CD, MESSAGE_TYPE_ID, LOAD_DT, UPDATE_DT, USER_LAST_MODIFY, BRAND_ID)   VALUES ( 285, 2, 'Fusion Moyen-Orient, Eurasie, Océanie - Itinérance Internationale - Pour bénéficier de la fusion de minutes, vous devez ajouter d''autres abonnés au compte qui pourront accéder au lot de minutes.', 0, null, 'FR', 1, sysdate, sysdate, user, null);
INSERT INTO ADAPTED_MESSAGE(APPLICATION_MESSAGE_ID,  ADAPTED_MESSAGE_SEQ, MESSAGE_TEXT, APPLICATION_ID, AUDIENCE_TYPE_ID, LANGUAGE_CD, MESSAGE_TYPE_ID, LOAD_DT, UPDATE_DT, USER_LAST_MODIFY, BRAND_ID)   VALUES ( 285, 3, 'Middle East, Eurasia, Oceania Pool - International Roaming: To benefit from pooling, you should add additional pool-enabled subscribers to this account.', 1, null, 'EN', 3, sysdate, sysdate, user, null);
INSERT INTO ADAPTED_MESSAGE(APPLICATION_MESSAGE_ID,  ADAPTED_MESSAGE_SEQ, MESSAGE_TEXT, APPLICATION_ID, AUDIENCE_TYPE_ID, LANGUAGE_CD, MESSAGE_TYPE_ID, LOAD_DT, UPDATE_DT, USER_LAST_MODIFY, BRAND_ID)   VALUES ( 285, 4, 'Fusion Moyen-Orient, Eurasie, Océanie - Itinérance Internationale - Pour bénéficier de la fusion de minutes, vous devez ajouter d''autres abonnés au compte qui pourront accéder au lot de minutes.', 1, null, 'FR', 3, sysdate, sysdate, user, null);
INSERT INTO ADAPTED_MESSAGE(APPLICATION_MESSAGE_ID,  ADAPTED_MESSAGE_SEQ, MESSAGE_TEXT, APPLICATION_ID, AUDIENCE_TYPE_ID, LANGUAGE_CD, MESSAGE_TYPE_ID, LOAD_DT, UPDATE_DT, USER_LAST_MODIFY, BRAND_ID)   VALUES ( 285, 5, 'Middle East, Eurasia, Oceania Pool - International Roaming: To benefit from pooling, you should add additional pool-enabled subscribers to this account.', 2, null, 'EN', 3, sysdate, sysdate, user, null);
INSERT INTO ADAPTED_MESSAGE(APPLICATION_MESSAGE_ID,  ADAPTED_MESSAGE_SEQ, MESSAGE_TEXT, APPLICATION_ID, AUDIENCE_TYPE_ID, LANGUAGE_CD, MESSAGE_TYPE_ID, LOAD_DT, UPDATE_DT, USER_LAST_MODIFY, BRAND_ID)   VALUES ( 285, 6, 'Fusion Moyen-Orient, Eurasie, Océanie - Itinérance Internationale - Pour bénéficier de la fusion de minutes, vous devez ajouter d''autres abonnés au compte qui pourront accéder au lot de minutes.', 2, null, 'FR', 3, sysdate, sysdate, user, null);
INSERT INTO ADAPTED_MESSAGE(APPLICATION_MESSAGE_ID,  ADAPTED_MESSAGE_SEQ, MESSAGE_TEXT, APPLICATION_ID, AUDIENCE_TYPE_ID, LANGUAGE_CD, MESSAGE_TYPE_ID, LOAD_DT, UPDATE_DT, USER_LAST_MODIFY, BRAND_ID)   VALUES ( 285, 7, 'Middle East, Eurasia, Oceania Pool - International Roaming: To benefit from pooling, you should add additional pool-enabled subscribers to this account.', 3, null, 'EN', 3, sysdate, sysdate, user, null);
INSERT INTO ADAPTED_MESSAGE(APPLICATION_MESSAGE_ID,  ADAPTED_MESSAGE_SEQ, MESSAGE_TEXT, APPLICATION_ID, AUDIENCE_TYPE_ID, LANGUAGE_CD, MESSAGE_TYPE_ID, LOAD_DT, UPDATE_DT, USER_LAST_MODIFY, BRAND_ID)   VALUES ( 285, 8, 'Fusion Moyen-Orient, Eurasie, Océanie - Itinérance Internationale - Pour bénéficier de la fusion de minutes, vous devez ajouter d''autres abonnés au compte qui pourront accéder au lot de minutes.', 3, null, 'FR', 3, sysdate, sysdate, user, null);
INSERT INTO application_error VALUES ( 0,'MP-ADD-IRT-13', 285, 'Additional International Roaming Toll subs should be added', sysdate, sysdate, user);


INSERT INTO application_message VALUES (286, 'Additional IRT subs should be added to new account', sysdate, sysdate, user);
INSERT INTO ADAPTED_MESSAGE(APPLICATION_MESSAGE_ID,  ADAPTED_MESSAGE_SEQ, MESSAGE_TEXT, APPLICATION_ID, AUDIENCE_TYPE_ID, LANGUAGE_CD, MESSAGE_TYPE_ID, LOAD_DT, UPDATE_DT, USER_LAST_MODIFY, BRAND_ID)   VALUES ( 286, 1, 'Middle East, Eurasia, Oceania Pool - International Roaming: To benefit from pooling, you should add additional pool-enabled subscribers to the target pool.', 0, null, 'EN', 5, sysdate, sysdate, user, null);
INSERT INTO ADAPTED_MESSAGE(APPLICATION_MESSAGE_ID,  ADAPTED_MESSAGE_SEQ, MESSAGE_TEXT, APPLICATION_ID, AUDIENCE_TYPE_ID, LANGUAGE_CD, MESSAGE_TYPE_ID, LOAD_DT, UPDATE_DT, USER_LAST_MODIFY, BRAND_ID)   VALUES ( 286, 2, 'Fusion Moyen-Orient, Eurasie, Océanie - Itinérance Internationale - Pour bénéficier de la fusion de minutes, vous devez ajouter d''autres abonnés qui pourront accéder au lot de minutes.', 0, null, 'FR', 5, sysdate, sysdate, user, null);
INSERT INTO ADAPTED_MESSAGE(APPLICATION_MESSAGE_ID,  ADAPTED_MESSAGE_SEQ, MESSAGE_TEXT, APPLICATION_ID, AUDIENCE_TYPE_ID, LANGUAGE_CD, MESSAGE_TYPE_ID, LOAD_DT, UPDATE_DT, USER_LAST_MODIFY, BRAND_ID)   VALUES ( 286, 3, 'Middle East, Eurasia, Oceania Pool - International Roaming: To benefit from pooling, you should add additional pool-enabled subscribers to the target pool.', 1, null, 'EN', 3, sysdate, sysdate, user, null);
INSERT INTO ADAPTED_MESSAGE(APPLICATION_MESSAGE_ID,  ADAPTED_MESSAGE_SEQ, MESSAGE_TEXT, APPLICATION_ID, AUDIENCE_TYPE_ID, LANGUAGE_CD, MESSAGE_TYPE_ID, LOAD_DT, UPDATE_DT, USER_LAST_MODIFY, BRAND_ID)   VALUES ( 286, 4, 'Fusion Moyen-Orient, Eurasie, Océanie - Itinérance Internationale - Pour bénéficier de la fusion de minutes, vous devez ajouter d''autres abonnés qui pourront accéder au lot de minutes.', 1, null, 'FR', 3, sysdate, sysdate, user, null);
INSERT INTO application_error VALUES ( 0,'MP-ADDTOWN-IRT-13', 286, 'Additional IRT subs should be added to new account', sysdate, sysdate, user);


INSERT INTO application_message VALUES (287, 'Now you can pool with others (International Roaming Toll)', sysdate, sysdate, user);
INSERT INTO ADAPTED_MESSAGE(APPLICATION_MESSAGE_ID,  ADAPTED_MESSAGE_SEQ, MESSAGE_TEXT, APPLICATION_ID, AUDIENCE_TYPE_ID, LANGUAGE_CD, MESSAGE_TYPE_ID, LOAD_DT, UPDATE_DT, USER_LAST_MODIFY, BRAND_ID)   VALUES ( 287, 1, 'Middle East, Eurasia, Oceania Pool - International Roaming: This subscriber will now pool minutes with other pool-enabled subscribers.', 0, null, 'EN', 1, sysdate, sysdate, user, null);
INSERT INTO ADAPTED_MESSAGE(APPLICATION_MESSAGE_ID,  ADAPTED_MESSAGE_SEQ, MESSAGE_TEXT, APPLICATION_ID, AUDIENCE_TYPE_ID, LANGUAGE_CD, MESSAGE_TYPE_ID, LOAD_DT, UPDATE_DT, USER_LAST_MODIFY, BRAND_ID)   VALUES ( 287, 2, 'Fusion Moyen-Orient, Eurasie, Océanie - Itinérance Internationale - La fusion de minutes a été activée. Cet abonné peut maintenant accéder au lot de minutes.', 0, null, 'FR', 1, sysdate, sysdate, user, null);
INSERT INTO ADAPTED_MESSAGE(APPLICATION_MESSAGE_ID,  ADAPTED_MESSAGE_SEQ, MESSAGE_TEXT, APPLICATION_ID, AUDIENCE_TYPE_ID, LANGUAGE_CD, MESSAGE_TYPE_ID, LOAD_DT, UPDATE_DT, USER_LAST_MODIFY, BRAND_ID)   VALUES ( 287, 3, 'Middle East, Eurasia, Oceania Pool - International Roaming: You will now pool minutes with other pool-enabled subscribers in this pool.', 9, null, 'EN', 1, sysdate, sysdate, user, null);
INSERT INTO ADAPTED_MESSAGE(APPLICATION_MESSAGE_ID,  ADAPTED_MESSAGE_SEQ, MESSAGE_TEXT, APPLICATION_ID, AUDIENCE_TYPE_ID, LANGUAGE_CD, MESSAGE_TYPE_ID, LOAD_DT, UPDATE_DT, USER_LAST_MODIFY, BRAND_ID)   VALUES ( 287, 4, 'Fusion Moyen-Orient, Eurasie, Océanie - Itinérance Internationale - La fusion de minutes a été activée. Vous pouvez maintenant accéder au lot de minutes.', 9, null, 'FR', 1, sysdate, sysdate, user, null);
INSERT INTO ADAPTED_MESSAGE(APPLICATION_MESSAGE_ID,  ADAPTED_MESSAGE_SEQ, MESSAGE_TEXT, APPLICATION_ID, AUDIENCE_TYPE_ID, LANGUAGE_CD, MESSAGE_TYPE_ID, LOAD_DT, UPDATE_DT, USER_LAST_MODIFY, BRAND_ID)   VALUES ( 287, 5, 'Middle East, Eurasia, Oceania Pool - International Roaming: This subscriber will now pool minutes with other pool-enabled subscribers.', 3, null, 'EN', 1, sysdate, sysdate, user, null);
INSERT INTO ADAPTED_MESSAGE(APPLICATION_MESSAGE_ID,  ADAPTED_MESSAGE_SEQ, MESSAGE_TEXT, APPLICATION_ID, AUDIENCE_TYPE_ID, LANGUAGE_CD, MESSAGE_TYPE_ID, LOAD_DT, UPDATE_DT, USER_LAST_MODIFY, BRAND_ID)   VALUES ( 287, 6, 'Fusion Moyen-Orient, Eurasie, Océanie - Itinérance Internationale - La fusion de minutes a été activée. Cet abonné peut maintenant accéder au lot de minutes.', 3, null, 'FR', 1, sysdate, sysdate, user, null);
INSERT INTO ADAPTED_MESSAGE(APPLICATION_MESSAGE_ID,  ADAPTED_MESSAGE_SEQ, MESSAGE_TEXT, APPLICATION_ID, AUDIENCE_TYPE_ID, LANGUAGE_CD, MESSAGE_TYPE_ID, LOAD_DT, UPDATE_DT, USER_LAST_MODIFY, BRAND_ID)   VALUES ( 287, 7, 'Middle East, Eurasia, Oceania Pool - International Roaming: You will now pool minutes with other pool-enabled subscribers in this pool.', 3, 3, 'EN', 1, sysdate, sysdate, user, null);
INSERT INTO ADAPTED_MESSAGE(APPLICATION_MESSAGE_ID,  ADAPTED_MESSAGE_SEQ, MESSAGE_TEXT, APPLICATION_ID, AUDIENCE_TYPE_ID, LANGUAGE_CD, MESSAGE_TYPE_ID, LOAD_DT, UPDATE_DT, USER_LAST_MODIFY, BRAND_ID)   VALUES ( 287, 8, 'Fusion Moyen-Orient, Eurasie, Océanie - Itinérance Internationale - La fusion de minutes a été activée. Vous pouvez maintenant accéder au lot de minutes.', 3, 3, 'FR', 1, sysdate, sysdate, user, null);
INSERT INTO application_error VALUES ( 0,'MP-PWO-IRT-13', 287, 'Now you can pool with others (International Roaming Toll)', sysdate, sysdate, user);


INSERT INTO application_message VALUES (288, 'Disable IRT pooling on this sub', sysdate, sysdate, user);
INSERT INTO ADAPTED_MESSAGE(APPLICATION_MESSAGE_ID,  ADAPTED_MESSAGE_SEQ, MESSAGE_TEXT, APPLICATION_ID, AUDIENCE_TYPE_ID, LANGUAGE_CD, MESSAGE_TYPE_ID, LOAD_DT, UPDATE_DT, USER_LAST_MODIFY, BRAND_ID)   VALUES ( 288, 1, 'Middle East, Eurasia, Oceania Pool - International Roaming: Minute pooling will be disabled. This subscriber will no longer pool minutes with other pool-enabled subscribers in this pool.', 0, null, 'EN', 1, sysdate, sysdate, user, null);
INSERT INTO ADAPTED_MESSAGE(APPLICATION_MESSAGE_ID,  ADAPTED_MESSAGE_SEQ, MESSAGE_TEXT, APPLICATION_ID, AUDIENCE_TYPE_ID, LANGUAGE_CD, MESSAGE_TYPE_ID, LOAD_DT, UPDATE_DT, USER_LAST_MODIFY, BRAND_ID)   VALUES ( 288, 2, 'Fusion Moyen-Orient, Eurasie, Océanie - Itinérance Internationale - La fusion de minutes sera désactivée. Cet abonné ne pourra plus accéder au lot de minutes.', 0, null, 'FR', 1, sysdate, sysdate, user, null);
INSERT INTO ADAPTED_MESSAGE(APPLICATION_MESSAGE_ID,  ADAPTED_MESSAGE_SEQ, MESSAGE_TEXT, APPLICATION_ID, AUDIENCE_TYPE_ID, LANGUAGE_CD, MESSAGE_TYPE_ID, LOAD_DT, UPDATE_DT, USER_LAST_MODIFY, BRAND_ID)   VALUES ( 288, 3, 'Middle East, Eurasia, Oceania Pool - International Roaming: Minute pooling will be disabled. This subscriber will no longer pool minutes with other pool-enabled subscribers in this pool.', 3, null, 'EN', 1, sysdate, sysdate, user, null);
INSERT INTO ADAPTED_MESSAGE(APPLICATION_MESSAGE_ID,  ADAPTED_MESSAGE_SEQ, MESSAGE_TEXT, APPLICATION_ID, AUDIENCE_TYPE_ID, LANGUAGE_CD, MESSAGE_TYPE_ID, LOAD_DT, UPDATE_DT, USER_LAST_MODIFY, BRAND_ID)   VALUES ( 288, 4, 'Fusion Moyen-Orient, Eurasie, Océanie - Itinérance Internationale - La fusion de minutes sera désactivée. Cet abonné ne pourra plus accéder au lot de minutes.', 3, null, 'FR', 1, sysdate, sysdate, user, null);
INSERT INTO ADAPTED_MESSAGE(APPLICATION_MESSAGE_ID,  ADAPTED_MESSAGE_SEQ, MESSAGE_TEXT, APPLICATION_ID, AUDIENCE_TYPE_ID, LANGUAGE_CD, MESSAGE_TYPE_ID, LOAD_DT, UPDATE_DT, USER_LAST_MODIFY, BRAND_ID)   VALUES ( 288, 5, 'Middle East, Eurasia, Oceania Pool - International Roaming: Minute pooling will be disabled. You will no longer pool minutes with other pool-enabled subscribers in this pool.', 3, 3, 'EN', 1, sysdate, sysdate, user, null);
INSERT INTO ADAPTED_MESSAGE(APPLICATION_MESSAGE_ID,  ADAPTED_MESSAGE_SEQ, MESSAGE_TEXT, APPLICATION_ID, AUDIENCE_TYPE_ID, LANGUAGE_CD, MESSAGE_TYPE_ID, LOAD_DT, UPDATE_DT, USER_LAST_MODIFY, BRAND_ID)   VALUES ( 288, 6, 'Fusion Moyen-Orient, Eurasie, Océanie - Itinérance Internationale - La fusion de minutes sera désactivée. Vous ne pourrez plus accéder au lot de minutes.', 3, 3, 'FR', 1, sysdate, sysdate, user, null);
INSERT INTO application_error VALUES ( 0,'MP-DIS-IRT-13', 288, 'Disable IRT pooling on this sub', sysdate, sysdate, user);


INSERT INTO application_message VALUES (289, 'One IRT pooling sub left on account', sysdate, sysdate, user);
INSERT INTO ADAPTED_MESSAGE(APPLICATION_MESSAGE_ID,  ADAPTED_MESSAGE_SEQ, MESSAGE_TEXT, APPLICATION_ID, AUDIENCE_TYPE_ID, LANGUAGE_CD, MESSAGE_TYPE_ID, LOAD_DT, UPDATE_DT, USER_LAST_MODIFY, BRAND_ID)   VALUES ( 289, 1, 'Middle East, Eurasia, Oceania Pool - International Roaming: This change will leave only one pool-enabled subscriber in this pool with no other subscribers to pool with.', 0, null, 'EN', 3, sysdate, sysdate, user, null);
INSERT INTO ADAPTED_MESSAGE(APPLICATION_MESSAGE_ID,  ADAPTED_MESSAGE_SEQ, MESSAGE_TEXT, APPLICATION_ID, AUDIENCE_TYPE_ID, LANGUAGE_CD, MESSAGE_TYPE_ID, LOAD_DT, UPDATE_DT, USER_LAST_MODIFY, BRAND_ID)   VALUES ( 289, 2, 'Fusion Moyen-Orient, Eurasie, Océanie - Itinérance Internationale - En raison de ce changement, il ne reste qu''un seul abonné qui peut accéder au lot de minutes dans ce compte.', 0, null, 'FR', 3, sysdate, sysdate, user, null);
INSERT INTO application_error VALUES ( 0,'MP-LAST-IRT-13', 289, 'One IRT pooling sub left on account', sysdate, sysdate, user);


INSERT INTO application_message VALUES (290, 'IRT pooling enabled for this sub', sysdate, sysdate, user);
INSERT INTO ADAPTED_MESSAGE(APPLICATION_MESSAGE_ID,  ADAPTED_MESSAGE_SEQ, MESSAGE_TEXT, APPLICATION_ID, AUDIENCE_TYPE_ID, LANGUAGE_CD, MESSAGE_TYPE_ID, LOAD_DT, UPDATE_DT, USER_LAST_MODIFY, BRAND_ID)   VALUES ( 290, 1, 'Caribbean & Latin America Pool - International Roaming: Minute pooling has been enabled for this subscriber.', 5, null, 'EN', 1, sysdate, sysdate, user, null);
INSERT INTO ADAPTED_MESSAGE(APPLICATION_MESSAGE_ID,  ADAPTED_MESSAGE_SEQ, MESSAGE_TEXT, APPLICATION_ID, AUDIENCE_TYPE_ID, LANGUAGE_CD, MESSAGE_TYPE_ID, LOAD_DT, UPDATE_DT, USER_LAST_MODIFY, BRAND_ID)   VALUES ( 290, 2, 'Fusion Caraïbes & Amérique latine - Itinérance Internationale - La fusion de minutes a été activée pour cet abonné.', 5, null, 'FR', 1, sysdate, sysdate, user, null);
INSERT INTO ADAPTED_MESSAGE(APPLICATION_MESSAGE_ID,  ADAPTED_MESSAGE_SEQ, MESSAGE_TEXT, APPLICATION_ID, AUDIENCE_TYPE_ID, LANGUAGE_CD, MESSAGE_TYPE_ID, LOAD_DT, UPDATE_DT, USER_LAST_MODIFY, BRAND_ID)   VALUES ( 290, 3, 'Caribbean & Latin America Pool - International Roaming: Minute pooling has been enabled for this subscriber.', 2, null, 'EN', 1, sysdate, sysdate, user, null);
INSERT INTO ADAPTED_MESSAGE(APPLICATION_MESSAGE_ID,  ADAPTED_MESSAGE_SEQ, MESSAGE_TEXT, APPLICATION_ID, AUDIENCE_TYPE_ID, LANGUAGE_CD, MESSAGE_TYPE_ID, LOAD_DT, UPDATE_DT, USER_LAST_MODIFY, BRAND_ID)   VALUES ( 290, 4, 'Fusion Caraïbes & Amérique latine - Itinérance Internationale - La fusion de minutes a été activée pour cet abonné.', 2, null, 'FR', 1, sysdate, sysdate, user, null);
INSERT INTO ADAPTED_MESSAGE(APPLICATION_MESSAGE_ID,  ADAPTED_MESSAGE_SEQ, MESSAGE_TEXT, APPLICATION_ID, AUDIENCE_TYPE_ID, LANGUAGE_CD, MESSAGE_TYPE_ID, LOAD_DT, UPDATE_DT, USER_LAST_MODIFY, BRAND_ID)   VALUES ( 290, 5, 'Caribbean & Latin America Pool - International Roaming: Minute pooling has been enabled for this subscriber.', 18, null, 'EN', 1, sysdate, sysdate, user, null);
INSERT INTO ADAPTED_MESSAGE(APPLICATION_MESSAGE_ID,  ADAPTED_MESSAGE_SEQ, MESSAGE_TEXT, APPLICATION_ID, AUDIENCE_TYPE_ID, LANGUAGE_CD, MESSAGE_TYPE_ID, LOAD_DT, UPDATE_DT, USER_LAST_MODIFY, BRAND_ID)   VALUES ( 290, 6, 'Fusion Caraïbes & Amérique latine - Itinérance Internationale - La fusion de minutes a été activée pour cet abonné.', 18, null, 'FR', 1, sysdate, sysdate, user, null);
INSERT INTO ADAPTED_MESSAGE(APPLICATION_MESSAGE_ID,  ADAPTED_MESSAGE_SEQ, MESSAGE_TEXT, APPLICATION_ID, AUDIENCE_TYPE_ID, LANGUAGE_CD, MESSAGE_TYPE_ID, LOAD_DT, UPDATE_DT, USER_LAST_MODIFY, BRAND_ID)   VALUES ( 290, 7, 'Caribbean & Latin America Pool - International Roaming: Minute pooling has been enabled for this subscriber.', 1, null, 'EN', 1, sysdate, sysdate, user, null);
INSERT INTO ADAPTED_MESSAGE(APPLICATION_MESSAGE_ID,  ADAPTED_MESSAGE_SEQ, MESSAGE_TEXT, APPLICATION_ID, AUDIENCE_TYPE_ID, LANGUAGE_CD, MESSAGE_TYPE_ID, LOAD_DT, UPDATE_DT, USER_LAST_MODIFY, BRAND_ID)   VALUES ( 290, 8, 'Fusion Caraïbes & Amérique latine - Itinérance Internationale - La fusion de minutes a été activée pour cet abonné.', 1, null, 'FR', 1, sysdate, sysdate, user, null);
INSERT INTO ADAPTED_MESSAGE(APPLICATION_MESSAGE_ID,  ADAPTED_MESSAGE_SEQ, MESSAGE_TEXT, APPLICATION_ID, AUDIENCE_TYPE_ID, LANGUAGE_CD, MESSAGE_TYPE_ID, LOAD_DT, UPDATE_DT, USER_LAST_MODIFY, BRAND_ID)   VALUES ( 290, 9, 'Caribbean & Latin America Pool - International Roaming: Minute pooling has been enabled for this subscriber.', 3, null, 'EN', 1, sysdate, sysdate, user, null);
INSERT INTO ADAPTED_MESSAGE(APPLICATION_MESSAGE_ID,  ADAPTED_MESSAGE_SEQ, MESSAGE_TEXT, APPLICATION_ID, AUDIENCE_TYPE_ID, LANGUAGE_CD, MESSAGE_TYPE_ID, LOAD_DT, UPDATE_DT, USER_LAST_MODIFY, BRAND_ID)   VALUES ( 290, 10, 'Fusion Caraïbes & Amérique latine - Itinérance Internationale - La fusion de minutes a été activée pour cet abonné.', 3, null, 'FR', 1, sysdate, sysdate, user, null);
INSERT INTO ADAPTED_MESSAGE(APPLICATION_MESSAGE_ID,  ADAPTED_MESSAGE_SEQ, MESSAGE_TEXT, APPLICATION_ID, AUDIENCE_TYPE_ID, LANGUAGE_CD, MESSAGE_TYPE_ID, LOAD_DT, UPDATE_DT, USER_LAST_MODIFY, BRAND_ID)   VALUES ( 290, 11, 'Caribbean & Latin America Pool - International Roaming: Minute pooling has been enabled for your number.', 3, 3, 'EN', 1, sysdate, sysdate, user, null);
INSERT INTO ADAPTED_MESSAGE(APPLICATION_MESSAGE_ID,  ADAPTED_MESSAGE_SEQ, MESSAGE_TEXT, APPLICATION_ID, AUDIENCE_TYPE_ID, LANGUAGE_CD, MESSAGE_TYPE_ID, LOAD_DT, UPDATE_DT, USER_LAST_MODIFY, BRAND_ID)   VALUES ( 290, 12, 'Fusion Caraïbes & Amérique latine - Itinérance Internationale - La fusion de minutes a été activée pour votre numéro de téléphone.', 3, 3, 'FR', 1, sysdate, sysdate, user, null);
INSERT INTO application_error VALUES ( 0,'MP-EN-IRT-14', 290, 'IRT pooling enabled for this sub', sysdate, sysdate, user);


INSERT INTO application_message VALUES (291, 'Additional International Roaming Toll subs should be added', sysdate, sysdate, user);
INSERT INTO ADAPTED_MESSAGE(APPLICATION_MESSAGE_ID,  ADAPTED_MESSAGE_SEQ, MESSAGE_TEXT, APPLICATION_ID, AUDIENCE_TYPE_ID, LANGUAGE_CD, MESSAGE_TYPE_ID, LOAD_DT, UPDATE_DT, USER_LAST_MODIFY, BRAND_ID)   VALUES ( 291, 1, 'Caribbean & Latin America Pool - International Roaming: To benefit from pooling, you should add additional pool-enabled subscribers to this account.', 0, null, 'EN', 1, sysdate, sysdate, user, null);
INSERT INTO ADAPTED_MESSAGE(APPLICATION_MESSAGE_ID,  ADAPTED_MESSAGE_SEQ, MESSAGE_TEXT, APPLICATION_ID, AUDIENCE_TYPE_ID, LANGUAGE_CD, MESSAGE_TYPE_ID, LOAD_DT, UPDATE_DT, USER_LAST_MODIFY, BRAND_ID)   VALUES ( 291, 2, 'Fusion Caraïbes & Amérique latine - Itinérance Internationale - Pour bénéficier de la fusion de minutes, vous devez ajouter d''autres abonnés au compte qui pourront accéder au lot de minutes.', 0, null, 'FR', 1, sysdate, sysdate, user, null);
INSERT INTO ADAPTED_MESSAGE(APPLICATION_MESSAGE_ID,  ADAPTED_MESSAGE_SEQ, MESSAGE_TEXT, APPLICATION_ID, AUDIENCE_TYPE_ID, LANGUAGE_CD, MESSAGE_TYPE_ID, LOAD_DT, UPDATE_DT, USER_LAST_MODIFY, BRAND_ID)   VALUES ( 291, 3, 'Caribbean & Latin America Pool - International Roaming: To benefit from pooling, you should add additional pool-enabled subscribers to this account.', 1, null, 'EN', 3, sysdate, sysdate, user, null);
INSERT INTO ADAPTED_MESSAGE(APPLICATION_MESSAGE_ID,  ADAPTED_MESSAGE_SEQ, MESSAGE_TEXT, APPLICATION_ID, AUDIENCE_TYPE_ID, LANGUAGE_CD, MESSAGE_TYPE_ID, LOAD_DT, UPDATE_DT, USER_LAST_MODIFY, BRAND_ID)   VALUES ( 291, 4, 'Fusion Caraïbes & Amérique latine - Itinérance Internationale - Pour bénéficier de la fusion de minutes, vous devez ajouter d''autres abonnés au compte qui pourront accéder au lot de minutes.', 1, null, 'FR', 3, sysdate, sysdate, user, null);
INSERT INTO ADAPTED_MESSAGE(APPLICATION_MESSAGE_ID,  ADAPTED_MESSAGE_SEQ, MESSAGE_TEXT, APPLICATION_ID, AUDIENCE_TYPE_ID, LANGUAGE_CD, MESSAGE_TYPE_ID, LOAD_DT, UPDATE_DT, USER_LAST_MODIFY, BRAND_ID)   VALUES ( 291, 5, 'Caribbean & Latin America Pool - International Roaming: To benefit from pooling, you should add additional pool-enabled subscribers to this account.', 2, null, 'EN', 3, sysdate, sysdate, user, null);
INSERT INTO ADAPTED_MESSAGE(APPLICATION_MESSAGE_ID,  ADAPTED_MESSAGE_SEQ, MESSAGE_TEXT, APPLICATION_ID, AUDIENCE_TYPE_ID, LANGUAGE_CD, MESSAGE_TYPE_ID, LOAD_DT, UPDATE_DT, USER_LAST_MODIFY, BRAND_ID)   VALUES ( 291, 6, 'Fusion Caraïbes & Amérique latine - Itinérance Internationale - Pour bénéficier de la fusion de minutes, vous devez ajouter d''autres abonnés au compte qui pourront accéder au lot de minutes.', 2, null, 'FR', 3, sysdate, sysdate, user, null);
INSERT INTO ADAPTED_MESSAGE(APPLICATION_MESSAGE_ID,  ADAPTED_MESSAGE_SEQ, MESSAGE_TEXT, APPLICATION_ID, AUDIENCE_TYPE_ID, LANGUAGE_CD, MESSAGE_TYPE_ID, LOAD_DT, UPDATE_DT, USER_LAST_MODIFY, BRAND_ID)   VALUES ( 291, 7, 'Caribbean & Latin America Pool - International Roaming: To benefit from pooling, you should add additional pool-enabled subscribers to this account.', 3, null, 'EN', 3, sysdate, sysdate, user, null);
INSERT INTO ADAPTED_MESSAGE(APPLICATION_MESSAGE_ID,  ADAPTED_MESSAGE_SEQ, MESSAGE_TEXT, APPLICATION_ID, AUDIENCE_TYPE_ID, LANGUAGE_CD, MESSAGE_TYPE_ID, LOAD_DT, UPDATE_DT, USER_LAST_MODIFY, BRAND_ID)   VALUES ( 291, 8, 'Fusion Caraïbes & Amérique latine - Itinérance Internationale - Pour bénéficier de la fusion de minutes, vous devez ajouter d''autres abonnés au compte qui pourront accéder au lot de minutes.', 3, null, 'FR', 3, sysdate, sysdate, user, null);
INSERT INTO application_error VALUES ( 0,'MP-ADD-IRT-14', 291, 'Additional International Roaming Toll subs should be added', sysdate, sysdate, user);


INSERT INTO application_message VALUES (292, 'Additional IRT subs should be added to new account', sysdate, sysdate, user);
INSERT INTO ADAPTED_MESSAGE(APPLICATION_MESSAGE_ID,  ADAPTED_MESSAGE_SEQ, MESSAGE_TEXT, APPLICATION_ID, AUDIENCE_TYPE_ID, LANGUAGE_CD, MESSAGE_TYPE_ID, LOAD_DT, UPDATE_DT, USER_LAST_MODIFY, BRAND_ID)   VALUES ( 292, 1, 'Caribbean & Latin America Pool - International Roaming: To benefit from pooling, you should add additional pool-enabled subscribers to the target pool.', 0, null, 'EN', 5, sysdate, sysdate, user, null);
INSERT INTO ADAPTED_MESSAGE(APPLICATION_MESSAGE_ID,  ADAPTED_MESSAGE_SEQ, MESSAGE_TEXT, APPLICATION_ID, AUDIENCE_TYPE_ID, LANGUAGE_CD, MESSAGE_TYPE_ID, LOAD_DT, UPDATE_DT, USER_LAST_MODIFY, BRAND_ID)   VALUES ( 292, 2, 'Fusion Caraïbes & Amérique latine - Itinérance Internationale - Pour bénéficier de la fusion de minutes, vous devez ajouter d''autres abonnés qui pourront accéder au lot de minutes.', 0, null, 'FR', 5, sysdate, sysdate, user, null);
INSERT INTO ADAPTED_MESSAGE(APPLICATION_MESSAGE_ID,  ADAPTED_MESSAGE_SEQ, MESSAGE_TEXT, APPLICATION_ID, AUDIENCE_TYPE_ID, LANGUAGE_CD, MESSAGE_TYPE_ID, LOAD_DT, UPDATE_DT, USER_LAST_MODIFY, BRAND_ID)   VALUES ( 292, 3, 'Caribbean & Latin America Pool - International Roaming: To benefit from pooling, you should add additional pool-enabled subscribers to the target pool.', 1, null, 'EN', 3, sysdate, sysdate, user, null);
INSERT INTO ADAPTED_MESSAGE(APPLICATION_MESSAGE_ID,  ADAPTED_MESSAGE_SEQ, MESSAGE_TEXT, APPLICATION_ID, AUDIENCE_TYPE_ID, LANGUAGE_CD, MESSAGE_TYPE_ID, LOAD_DT, UPDATE_DT, USER_LAST_MODIFY, BRAND_ID)   VALUES ( 292, 4, 'Fusion Caraïbes & Amérique latine - Itinérance Internationale - Pour bénéficier de la fusion de minutes, vous devez ajouter d''autres abonnés qui pourront accéder au lot de minutes.', 1, null, 'FR', 3, sysdate, sysdate, user, null);
INSERT INTO application_error VALUES ( 0,'MP-ADDTOWN-IRT-14', 292, 'Additional IRT subs should be added to new account', sysdate, sysdate, user);


INSERT INTO application_message VALUES (293, 'Now you can pool with others (International Roaming Toll)', sysdate, sysdate, user);
INSERT INTO ADAPTED_MESSAGE(APPLICATION_MESSAGE_ID,  ADAPTED_MESSAGE_SEQ, MESSAGE_TEXT, APPLICATION_ID, AUDIENCE_TYPE_ID, LANGUAGE_CD, MESSAGE_TYPE_ID, LOAD_DT, UPDATE_DT, USER_LAST_MODIFY, BRAND_ID)   VALUES ( 293, 1, 'Caribbean & Latin America Pool - International Roaming: This subscriber will now pool minutes with other pool-enabled subscribers.', 0, null, 'EN', 1, sysdate, sysdate, user, null);
INSERT INTO ADAPTED_MESSAGE(APPLICATION_MESSAGE_ID,  ADAPTED_MESSAGE_SEQ, MESSAGE_TEXT, APPLICATION_ID, AUDIENCE_TYPE_ID, LANGUAGE_CD, MESSAGE_TYPE_ID, LOAD_DT, UPDATE_DT, USER_LAST_MODIFY, BRAND_ID)   VALUES ( 293, 2, 'Fusion Caraïbes & Amérique latine - Itinérance Internationale - La fusion de minutes a été activée. Cet abonné peut maintenant accéder au lot de minutes.', 0, null, 'FR', 1, sysdate, sysdate, user, null);
INSERT INTO ADAPTED_MESSAGE(APPLICATION_MESSAGE_ID,  ADAPTED_MESSAGE_SEQ, MESSAGE_TEXT, APPLICATION_ID, AUDIENCE_TYPE_ID, LANGUAGE_CD, MESSAGE_TYPE_ID, LOAD_DT, UPDATE_DT, USER_LAST_MODIFY, BRAND_ID)   VALUES ( 293, 3, 'Caribbean & Latin America Pool - International Roaming: You will now pool minutes with other pool-enabled subscribers in this pool.', 9, null, 'EN', 1, sysdate, sysdate, user, null);
INSERT INTO ADAPTED_MESSAGE(APPLICATION_MESSAGE_ID,  ADAPTED_MESSAGE_SEQ, MESSAGE_TEXT, APPLICATION_ID, AUDIENCE_TYPE_ID, LANGUAGE_CD, MESSAGE_TYPE_ID, LOAD_DT, UPDATE_DT, USER_LAST_MODIFY, BRAND_ID)   VALUES ( 293, 4, 'Fusion Caraïbes & Amérique latine - Itinérance Internationale - La fusion de minutes a été activée. Vous pouvez maintenant accéder au lot de minutes.', 9, null, 'FR', 1, sysdate, sysdate, user, null);
INSERT INTO ADAPTED_MESSAGE(APPLICATION_MESSAGE_ID,  ADAPTED_MESSAGE_SEQ, MESSAGE_TEXT, APPLICATION_ID, AUDIENCE_TYPE_ID, LANGUAGE_CD, MESSAGE_TYPE_ID, LOAD_DT, UPDATE_DT, USER_LAST_MODIFY, BRAND_ID)   VALUES ( 293, 5, 'Caribbean & Latin America Pool - International Roaming: This subscriber will now pool minutes with other pool-enabled subscribers.', 3, null, 'EN', 1, sysdate, sysdate, user, null);
INSERT INTO ADAPTED_MESSAGE(APPLICATION_MESSAGE_ID,  ADAPTED_MESSAGE_SEQ, MESSAGE_TEXT, APPLICATION_ID, AUDIENCE_TYPE_ID, LANGUAGE_CD, MESSAGE_TYPE_ID, LOAD_DT, UPDATE_DT, USER_LAST_MODIFY, BRAND_ID)   VALUES ( 293, 6, 'Fusion Caraïbes & Amérique latine - Itinérance Internationale - La fusion de minutes a été activée. Cet abonné peut maintenant accéder au lot de minutes.', 3, null, 'FR', 1, sysdate, sysdate, user, null);
INSERT INTO ADAPTED_MESSAGE(APPLICATION_MESSAGE_ID,  ADAPTED_MESSAGE_SEQ, MESSAGE_TEXT, APPLICATION_ID, AUDIENCE_TYPE_ID, LANGUAGE_CD, MESSAGE_TYPE_ID, LOAD_DT, UPDATE_DT, USER_LAST_MODIFY, BRAND_ID)   VALUES ( 293, 7, 'Caribbean & Latin America Pool - International Roaming: You will now pool minutes with other pool-enabled subscribers in this pool.', 3, 3, 'EN', 1, sysdate, sysdate, user, null);
INSERT INTO ADAPTED_MESSAGE(APPLICATION_MESSAGE_ID,  ADAPTED_MESSAGE_SEQ, MESSAGE_TEXT, APPLICATION_ID, AUDIENCE_TYPE_ID, LANGUAGE_CD, MESSAGE_TYPE_ID, LOAD_DT, UPDATE_DT, USER_LAST_MODIFY, BRAND_ID)   VALUES ( 293, 8, 'Fusion Caraïbes & Amérique latine - Itinérance Internationale - La fusion de minutes a été activée. Vous pouvez maintenant accéder au lot de minutes.', 3, 3, 'FR', 1, sysdate, sysdate, user, null);
INSERT INTO application_error VALUES ( 0,'MP-PWO-IRT-14', 293, 'Now you can pool with others (International Roaming Toll)', sysdate, sysdate, user);


INSERT INTO application_message VALUES (294, 'Disable IRT pooling on this sub', sysdate, sysdate, user);
INSERT INTO ADAPTED_MESSAGE(APPLICATION_MESSAGE_ID,  ADAPTED_MESSAGE_SEQ, MESSAGE_TEXT, APPLICATION_ID, AUDIENCE_TYPE_ID, LANGUAGE_CD, MESSAGE_TYPE_ID, LOAD_DT, UPDATE_DT, USER_LAST_MODIFY, BRAND_ID)   VALUES ( 294, 1, 'Caribbean & Latin America Pool - International Roaming: Minute pooling will be disabled. This subscriber will no longer pool minutes with other pool-enabled subscribers in this pool.', 0, null, 'EN', 1, sysdate, sysdate, user, null);
INSERT INTO ADAPTED_MESSAGE(APPLICATION_MESSAGE_ID,  ADAPTED_MESSAGE_SEQ, MESSAGE_TEXT, APPLICATION_ID, AUDIENCE_TYPE_ID, LANGUAGE_CD, MESSAGE_TYPE_ID, LOAD_DT, UPDATE_DT, USER_LAST_MODIFY, BRAND_ID)   VALUES ( 294, 2, 'Fusion Caraïbes & Amérique latine - Itinérance Internationale - La fusion de minutes sera désactivée. Cet abonné ne pourra plus accéder au lot de minutes.', 0, null, 'FR', 1, sysdate, sysdate, user, null);
INSERT INTO ADAPTED_MESSAGE(APPLICATION_MESSAGE_ID,  ADAPTED_MESSAGE_SEQ, MESSAGE_TEXT, APPLICATION_ID, AUDIENCE_TYPE_ID, LANGUAGE_CD, MESSAGE_TYPE_ID, LOAD_DT, UPDATE_DT, USER_LAST_MODIFY, BRAND_ID)   VALUES ( 294, 3, 'Caribbean & Latin America Pool - International Roaming: Minute pooling will be disabled. This subscriber will no longer pool minutes with other pool-enabled subscribers in this pool.', 3, null, 'EN', 1, sysdate, sysdate, user, null);
INSERT INTO ADAPTED_MESSAGE(APPLICATION_MESSAGE_ID,  ADAPTED_MESSAGE_SEQ, MESSAGE_TEXT, APPLICATION_ID, AUDIENCE_TYPE_ID, LANGUAGE_CD, MESSAGE_TYPE_ID, LOAD_DT, UPDATE_DT, USER_LAST_MODIFY, BRAND_ID)   VALUES ( 294, 4, 'Fusion Caraïbes & Amérique latine - Itinérance Internationale - La fusion de minutes sera désactivée. Cet abonné ne pourra plus accéder au lot de minutes.', 3, null, 'FR', 1, sysdate, sysdate, user, null);
INSERT INTO ADAPTED_MESSAGE(APPLICATION_MESSAGE_ID,  ADAPTED_MESSAGE_SEQ, MESSAGE_TEXT, APPLICATION_ID, AUDIENCE_TYPE_ID, LANGUAGE_CD, MESSAGE_TYPE_ID, LOAD_DT, UPDATE_DT, USER_LAST_MODIFY, BRAND_ID)   VALUES ( 294, 5, 'Caribbean & Latin America Pool - International Roaming: Minute pooling will be disabled. You will no longer pool minutes with other pool-enabled subscribers in this pool.', 3, 3, 'EN', 1, sysdate, sysdate, user, null);
INSERT INTO ADAPTED_MESSAGE(APPLICATION_MESSAGE_ID,  ADAPTED_MESSAGE_SEQ, MESSAGE_TEXT, APPLICATION_ID, AUDIENCE_TYPE_ID, LANGUAGE_CD, MESSAGE_TYPE_ID, LOAD_DT, UPDATE_DT, USER_LAST_MODIFY, BRAND_ID)   VALUES ( 294, 6, 'Fusion Caraïbes & Amérique latine - Itinérance Internationale - La fusion de minutes sera désactivée. Vous ne pourrez plus accéder au lot de minutes.', 3, 3, 'FR', 1, sysdate, sysdate, user, null);
INSERT INTO application_error VALUES ( 0,'MP-DIS-IRT-14', 294, 'Disable IRT pooling on this sub', sysdate, sysdate, user);


INSERT INTO application_message VALUES (295, 'One IRT pooling sub left on account', sysdate, sysdate, user);
INSERT INTO ADAPTED_MESSAGE(APPLICATION_MESSAGE_ID,  ADAPTED_MESSAGE_SEQ, MESSAGE_TEXT, APPLICATION_ID, AUDIENCE_TYPE_ID, LANGUAGE_CD, MESSAGE_TYPE_ID, LOAD_DT, UPDATE_DT, USER_LAST_MODIFY, BRAND_ID)   VALUES ( 295, 1, 'Caribbean & Latin America Pool - International Roaming: This change will leave only one pool-enabled subscriber in this pool with no other subscribers to pool with.', 0, null, 'EN', 3, sysdate, sysdate, user, null);
INSERT INTO ADAPTED_MESSAGE(APPLICATION_MESSAGE_ID,  ADAPTED_MESSAGE_SEQ, MESSAGE_TEXT, APPLICATION_ID, AUDIENCE_TYPE_ID, LANGUAGE_CD, MESSAGE_TYPE_ID, LOAD_DT, UPDATE_DT, USER_LAST_MODIFY, BRAND_ID)   VALUES ( 295, 2, 'Fusion Caraïbes & Amérique latine - Itinérance Internationale - En raison de ce changement, il ne reste qu''un seul abonné qui peut accéder au lot de minutes dans ce compte.', 0, null, 'FR', 3, sysdate, sysdate, user, null);
INSERT INTO application_error VALUES ( 0,'MP-LAST-IRT-14', 295, 'One IRT pooling sub left on account', sysdate, sysdate, user);


INSERT INTO application_message VALUES (296, 'IRT pooling enabled for this sub', sysdate, sysdate, user);
INSERT INTO ADAPTED_MESSAGE(APPLICATION_MESSAGE_ID,  ADAPTED_MESSAGE_SEQ, MESSAGE_TEXT, APPLICATION_ID, AUDIENCE_TYPE_ID, LANGUAGE_CD, MESSAGE_TYPE_ID, LOAD_DT, UPDATE_DT, USER_LAST_MODIFY, BRAND_ID)   VALUES ( 296, 1, 'Top 5 Countries Pool - International Roaming: Minute pooling has been enabled for this subscriber.', 5, null, 'EN', 1, sysdate, sysdate, user, null);
INSERT INTO ADAPTED_MESSAGE(APPLICATION_MESSAGE_ID,  ADAPTED_MESSAGE_SEQ, MESSAGE_TEXT, APPLICATION_ID, AUDIENCE_TYPE_ID, LANGUAGE_CD, MESSAGE_TYPE_ID, LOAD_DT, UPDATE_DT, USER_LAST_MODIFY, BRAND_ID)   VALUES ( 296, 2, 'Fusion 5 premiers pays - Itinérance Internationale - La fusion de minutes a été activée pour cet abonné.', 5, null, 'FR', 1, sysdate, sysdate, user, null);
INSERT INTO ADAPTED_MESSAGE(APPLICATION_MESSAGE_ID,  ADAPTED_MESSAGE_SEQ, MESSAGE_TEXT, APPLICATION_ID, AUDIENCE_TYPE_ID, LANGUAGE_CD, MESSAGE_TYPE_ID, LOAD_DT, UPDATE_DT, USER_LAST_MODIFY, BRAND_ID)   VALUES ( 296, 3, 'Top 5 Countries Pool - International Roaming: Minute pooling has been enabled for this subscriber.', 2, null, 'EN', 1, sysdate, sysdate, user, null);
INSERT INTO ADAPTED_MESSAGE(APPLICATION_MESSAGE_ID,  ADAPTED_MESSAGE_SEQ, MESSAGE_TEXT, APPLICATION_ID, AUDIENCE_TYPE_ID, LANGUAGE_CD, MESSAGE_TYPE_ID, LOAD_DT, UPDATE_DT, USER_LAST_MODIFY, BRAND_ID)   VALUES ( 296, 4, 'Fusion 5 premiers pays - Itinérance Internationale - La fusion de minutes a été activée pour cet abonné.', 2, null, 'FR', 1, sysdate, sysdate, user, null);
INSERT INTO ADAPTED_MESSAGE(APPLICATION_MESSAGE_ID,  ADAPTED_MESSAGE_SEQ, MESSAGE_TEXT, APPLICATION_ID, AUDIENCE_TYPE_ID, LANGUAGE_CD, MESSAGE_TYPE_ID, LOAD_DT, UPDATE_DT, USER_LAST_MODIFY, BRAND_ID)   VALUES ( 296, 5, 'Top 5 Countries Pool - International Roaming: Minute pooling has been enabled for this subscriber.', 18, null, 'EN', 1, sysdate, sysdate, user, null);
INSERT INTO ADAPTED_MESSAGE(APPLICATION_MESSAGE_ID,  ADAPTED_MESSAGE_SEQ, MESSAGE_TEXT, APPLICATION_ID, AUDIENCE_TYPE_ID, LANGUAGE_CD, MESSAGE_TYPE_ID, LOAD_DT, UPDATE_DT, USER_LAST_MODIFY, BRAND_ID)   VALUES ( 296, 6, 'Fusion 5 premiers pays - Itinérance Internationale - La fusion de minutes a été activée pour cet abonné.', 18, null, 'FR', 1, sysdate, sysdate, user, null);
INSERT INTO ADAPTED_MESSAGE(APPLICATION_MESSAGE_ID,  ADAPTED_MESSAGE_SEQ, MESSAGE_TEXT, APPLICATION_ID, AUDIENCE_TYPE_ID, LANGUAGE_CD, MESSAGE_TYPE_ID, LOAD_DT, UPDATE_DT, USER_LAST_MODIFY, BRAND_ID)   VALUES ( 296, 7, 'Top 5 Countries Pool - International Roaming: Minute pooling has been enabled for this subscriber.', 1, null, 'EN', 1, sysdate, sysdate, user, null);
INSERT INTO ADAPTED_MESSAGE(APPLICATION_MESSAGE_ID,  ADAPTED_MESSAGE_SEQ, MESSAGE_TEXT, APPLICATION_ID, AUDIENCE_TYPE_ID, LANGUAGE_CD, MESSAGE_TYPE_ID, LOAD_DT, UPDATE_DT, USER_LAST_MODIFY, BRAND_ID)   VALUES ( 296, 8, 'Fusion 5 premiers pays - Itinérance Internationale - La fusion de minutes a été activée pour cet abonné.', 1, null, 'FR', 1, sysdate, sysdate, user, null);
INSERT INTO ADAPTED_MESSAGE(APPLICATION_MESSAGE_ID,  ADAPTED_MESSAGE_SEQ, MESSAGE_TEXT, APPLICATION_ID, AUDIENCE_TYPE_ID, LANGUAGE_CD, MESSAGE_TYPE_ID, LOAD_DT, UPDATE_DT, USER_LAST_MODIFY, BRAND_ID)   VALUES ( 296, 9, 'Top 5 Countries Pool - International Roaming: Minute pooling has been enabled for this subscriber.', 3, null, 'EN', 1, sysdate, sysdate, user, null);
INSERT INTO ADAPTED_MESSAGE(APPLICATION_MESSAGE_ID,  ADAPTED_MESSAGE_SEQ, MESSAGE_TEXT, APPLICATION_ID, AUDIENCE_TYPE_ID, LANGUAGE_CD, MESSAGE_TYPE_ID, LOAD_DT, UPDATE_DT, USER_LAST_MODIFY, BRAND_ID)   VALUES ( 296, 10, 'Fusion 5 premiers pays - Itinérance Internationale - La fusion de minutes a été activée pour cet abonné.', 3, null, 'FR', 1, sysdate, sysdate, user, null);
INSERT INTO ADAPTED_MESSAGE(APPLICATION_MESSAGE_ID,  ADAPTED_MESSAGE_SEQ, MESSAGE_TEXT, APPLICATION_ID, AUDIENCE_TYPE_ID, LANGUAGE_CD, MESSAGE_TYPE_ID, LOAD_DT, UPDATE_DT, USER_LAST_MODIFY, BRAND_ID)   VALUES ( 296, 11, 'Top 5 Countries Pool - International Roaming: Minute pooling has been enabled for your number.', 3, 3, 'EN', 1, sysdate, sysdate, user, null);
INSERT INTO ADAPTED_MESSAGE(APPLICATION_MESSAGE_ID,  ADAPTED_MESSAGE_SEQ, MESSAGE_TEXT, APPLICATION_ID, AUDIENCE_TYPE_ID, LANGUAGE_CD, MESSAGE_TYPE_ID, LOAD_DT, UPDATE_DT, USER_LAST_MODIFY, BRAND_ID)   VALUES ( 296, 12, 'Fusion 5 premiers pays - Itinérance Internationale - La fusion de minutes a été activée pour votre numéro de téléphone.', 3, 3, 'FR', 1, sysdate, sysdate, user, null);
INSERT INTO application_error VALUES ( 0,'MP-EN-IRT-15', 296, 'IRT pooling enabled for this sub', sysdate, sysdate, user);


INSERT INTO application_message VALUES (297, 'Additional International Roaming Toll subs should be added', sysdate, sysdate, user);
INSERT INTO ADAPTED_MESSAGE(APPLICATION_MESSAGE_ID,  ADAPTED_MESSAGE_SEQ, MESSAGE_TEXT, APPLICATION_ID, AUDIENCE_TYPE_ID, LANGUAGE_CD, MESSAGE_TYPE_ID, LOAD_DT, UPDATE_DT, USER_LAST_MODIFY, BRAND_ID)   VALUES ( 297, 1, 'Top 5 Countries Pool - International Roaming: To benefit from pooling, you should add additional pool-enabled subscribers to this account.', 0, null, 'EN', 1, sysdate, sysdate, user, null);
INSERT INTO ADAPTED_MESSAGE(APPLICATION_MESSAGE_ID,  ADAPTED_MESSAGE_SEQ, MESSAGE_TEXT, APPLICATION_ID, AUDIENCE_TYPE_ID, LANGUAGE_CD, MESSAGE_TYPE_ID, LOAD_DT, UPDATE_DT, USER_LAST_MODIFY, BRAND_ID)   VALUES ( 297, 2, 'Fusion 5 premiers pays - Itinérance Internationale - Pour bénéficier de la fusion de minutes, vous devez ajouter d''autres abonnés au compte qui pourront accéder au lot de minutes.', 0, null, 'FR', 1, sysdate, sysdate, user, null);
INSERT INTO ADAPTED_MESSAGE(APPLICATION_MESSAGE_ID,  ADAPTED_MESSAGE_SEQ, MESSAGE_TEXT, APPLICATION_ID, AUDIENCE_TYPE_ID, LANGUAGE_CD, MESSAGE_TYPE_ID, LOAD_DT, UPDATE_DT, USER_LAST_MODIFY, BRAND_ID)   VALUES ( 297, 3, 'Top 5 Countries Pool - International Roaming: To benefit from pooling, you should add additional pool-enabled subscribers to this account.', 1, null, 'EN', 3, sysdate, sysdate, user, null);
INSERT INTO ADAPTED_MESSAGE(APPLICATION_MESSAGE_ID,  ADAPTED_MESSAGE_SEQ, MESSAGE_TEXT, APPLICATION_ID, AUDIENCE_TYPE_ID, LANGUAGE_CD, MESSAGE_TYPE_ID, LOAD_DT, UPDATE_DT, USER_LAST_MODIFY, BRAND_ID)   VALUES ( 297, 4, 'Fusion 5 premiers pays - Itinérance Internationale - Pour bénéficier de la fusion de minutes, vous devez ajouter d''autres abonnés au compte qui pourront accéder au lot de minutes.', 1, null, 'FR', 3, sysdate, sysdate, user, null);
INSERT INTO ADAPTED_MESSAGE(APPLICATION_MESSAGE_ID,  ADAPTED_MESSAGE_SEQ, MESSAGE_TEXT, APPLICATION_ID, AUDIENCE_TYPE_ID, LANGUAGE_CD, MESSAGE_TYPE_ID, LOAD_DT, UPDATE_DT, USER_LAST_MODIFY, BRAND_ID)   VALUES ( 297, 5, 'Top 5 Countries Pool - International Roaming: To benefit from pooling, you should add additional pool-enabled subscribers to this account.', 2, null, 'EN', 3, sysdate, sysdate, user, null);
INSERT INTO ADAPTED_MESSAGE(APPLICATION_MESSAGE_ID,  ADAPTED_MESSAGE_SEQ, MESSAGE_TEXT, APPLICATION_ID, AUDIENCE_TYPE_ID, LANGUAGE_CD, MESSAGE_TYPE_ID, LOAD_DT, UPDATE_DT, USER_LAST_MODIFY, BRAND_ID)   VALUES ( 297, 6, 'Fusion 5 premiers pays - Itinérance Internationale - Pour bénéficier de la fusion de minutes, vous devez ajouter d''autres abonnés au compte qui pourront accéder au lot de minutes.', 2, null, 'FR', 3, sysdate, sysdate, user, null);
INSERT INTO ADAPTED_MESSAGE(APPLICATION_MESSAGE_ID,  ADAPTED_MESSAGE_SEQ, MESSAGE_TEXT, APPLICATION_ID, AUDIENCE_TYPE_ID, LANGUAGE_CD, MESSAGE_TYPE_ID, LOAD_DT, UPDATE_DT, USER_LAST_MODIFY, BRAND_ID)   VALUES ( 297, 7, 'Top 5 Countries Pool - International Roaming: To benefit from pooling, you should add additional pool-enabled subscribers to this account.', 3, null, 'EN', 3, sysdate, sysdate, user, null);
INSERT INTO ADAPTED_MESSAGE(APPLICATION_MESSAGE_ID,  ADAPTED_MESSAGE_SEQ, MESSAGE_TEXT, APPLICATION_ID, AUDIENCE_TYPE_ID, LANGUAGE_CD, MESSAGE_TYPE_ID, LOAD_DT, UPDATE_DT, USER_LAST_MODIFY, BRAND_ID)   VALUES ( 297, 8, 'Fusion 5 premiers pays - Itinérance Internationale - Pour bénéficier de la fusion de minutes, vous devez ajouter d''autres abonnés au compte qui pourront accéder au lot de minutes.', 3, null, 'FR', 3, sysdate, sysdate, user, null);
INSERT INTO application_error VALUES ( 0,'MP-ADD-IRT-15', 297, 'Additional International Roaming Toll subs should be added', sysdate, sysdate, user);


INSERT INTO application_message VALUES (298, 'Additional IRT subs should be added to new account', sysdate, sysdate, user);
INSERT INTO ADAPTED_MESSAGE(APPLICATION_MESSAGE_ID,  ADAPTED_MESSAGE_SEQ, MESSAGE_TEXT, APPLICATION_ID, AUDIENCE_TYPE_ID, LANGUAGE_CD, MESSAGE_TYPE_ID, LOAD_DT, UPDATE_DT, USER_LAST_MODIFY, BRAND_ID)   VALUES ( 298, 1, 'Top 5 Countries Pool - International Roaming: To benefit from pooling, you should add additional pool-enabled subscribers to the target pool.', 0, null, 'EN', 5, sysdate, sysdate, user, null);
INSERT INTO ADAPTED_MESSAGE(APPLICATION_MESSAGE_ID,  ADAPTED_MESSAGE_SEQ, MESSAGE_TEXT, APPLICATION_ID, AUDIENCE_TYPE_ID, LANGUAGE_CD, MESSAGE_TYPE_ID, LOAD_DT, UPDATE_DT, USER_LAST_MODIFY, BRAND_ID)   VALUES ( 298, 2, 'Fusion 5 premiers pays - Itinérance Internationale - Pour bénéficier de la fusion de minutes, vous devez ajouter d''autres abonnés qui pourront accéder au lot de minutes.', 0, null, 'FR', 5, sysdate, sysdate, user, null);
INSERT INTO ADAPTED_MESSAGE(APPLICATION_MESSAGE_ID,  ADAPTED_MESSAGE_SEQ, MESSAGE_TEXT, APPLICATION_ID, AUDIENCE_TYPE_ID, LANGUAGE_CD, MESSAGE_TYPE_ID, LOAD_DT, UPDATE_DT, USER_LAST_MODIFY, BRAND_ID)   VALUES ( 298, 3, 'Top 5 Countries Pool - International Roaming: To benefit from pooling, you should add additional pool-enabled subscribers to the target pool.', 1, null, 'EN', 3, sysdate, sysdate, user, null);
INSERT INTO ADAPTED_MESSAGE(APPLICATION_MESSAGE_ID,  ADAPTED_MESSAGE_SEQ, MESSAGE_TEXT, APPLICATION_ID, AUDIENCE_TYPE_ID, LANGUAGE_CD, MESSAGE_TYPE_ID, LOAD_DT, UPDATE_DT, USER_LAST_MODIFY, BRAND_ID)   VALUES ( 298, 4, 'Fusion 5 premiers pays - Itinérance Internationale - Pour bénéficier de la fusion de minutes, vous devez ajouter d''autres abonnés qui pourront accéder au lot de minutes.', 1, null, 'FR', 3, sysdate, sysdate, user, null);
INSERT INTO application_error VALUES ( 0,'MP-ADDTOWN-IRT-15', 298, 'Additional IRT subs should be added to new account', sysdate, sysdate, user);


INSERT INTO application_message VALUES (299, 'Now you can pool with others (International Roaming Toll)', sysdate, sysdate, user);
INSERT INTO ADAPTED_MESSAGE(APPLICATION_MESSAGE_ID,  ADAPTED_MESSAGE_SEQ, MESSAGE_TEXT, APPLICATION_ID, AUDIENCE_TYPE_ID, LANGUAGE_CD, MESSAGE_TYPE_ID, LOAD_DT, UPDATE_DT, USER_LAST_MODIFY, BRAND_ID)   VALUES ( 299, 1, 'Top 5 Countries Pool - International Roaming: This subscriber will now pool minutes with other pool-enabled subscribers.', 0, null, 'EN', 1, sysdate, sysdate, user, null);
INSERT INTO ADAPTED_MESSAGE(APPLICATION_MESSAGE_ID,  ADAPTED_MESSAGE_SEQ, MESSAGE_TEXT, APPLICATION_ID, AUDIENCE_TYPE_ID, LANGUAGE_CD, MESSAGE_TYPE_ID, LOAD_DT, UPDATE_DT, USER_LAST_MODIFY, BRAND_ID)   VALUES ( 299, 2, 'Fusion 5 premiers pays - Itinérance Internationale - La fusion de minutes a été activée. Cet abonné peut maintenant accéder au lot de minutes.', 0, null, 'FR', 1, sysdate, sysdate, user, null);
INSERT INTO ADAPTED_MESSAGE(APPLICATION_MESSAGE_ID,  ADAPTED_MESSAGE_SEQ, MESSAGE_TEXT, APPLICATION_ID, AUDIENCE_TYPE_ID, LANGUAGE_CD, MESSAGE_TYPE_ID, LOAD_DT, UPDATE_DT, USER_LAST_MODIFY, BRAND_ID)   VALUES ( 299, 3, 'Top 5 Countries Pool - International Roaming: You will now pool minutes with other pool-enabled subscribers in this pool.', 9, null, 'EN', 1, sysdate, sysdate, user, null);
INSERT INTO ADAPTED_MESSAGE(APPLICATION_MESSAGE_ID,  ADAPTED_MESSAGE_SEQ, MESSAGE_TEXT, APPLICATION_ID, AUDIENCE_TYPE_ID, LANGUAGE_CD, MESSAGE_TYPE_ID, LOAD_DT, UPDATE_DT, USER_LAST_MODIFY, BRAND_ID)   VALUES ( 299, 4, 'Fusion 5 premiers pays - Itinérance Internationale - La fusion de minutes a été activée. Vous pouvez maintenant accéder au lot de minutes.', 9, null, 'FR', 1, sysdate, sysdate, user, null);
INSERT INTO ADAPTED_MESSAGE(APPLICATION_MESSAGE_ID,  ADAPTED_MESSAGE_SEQ, MESSAGE_TEXT, APPLICATION_ID, AUDIENCE_TYPE_ID, LANGUAGE_CD, MESSAGE_TYPE_ID, LOAD_DT, UPDATE_DT, USER_LAST_MODIFY, BRAND_ID)   VALUES ( 299, 5, 'Top 5 Countries Pool - International Roaming: This subscriber will now pool minutes with other pool-enabled subscribers.', 3, null, 'EN', 1, sysdate, sysdate, user, null);
INSERT INTO ADAPTED_MESSAGE(APPLICATION_MESSAGE_ID,  ADAPTED_MESSAGE_SEQ, MESSAGE_TEXT, APPLICATION_ID, AUDIENCE_TYPE_ID, LANGUAGE_CD, MESSAGE_TYPE_ID, LOAD_DT, UPDATE_DT, USER_LAST_MODIFY, BRAND_ID)   VALUES ( 299, 6, 'Fusion 5 premiers pays - Itinérance Internationale - La fusion de minutes a été activée. Cet abonné peut maintenant accéder au lot de minutes.', 3, null, 'FR', 1, sysdate, sysdate, user, null);
INSERT INTO ADAPTED_MESSAGE(APPLICATION_MESSAGE_ID,  ADAPTED_MESSAGE_SEQ, MESSAGE_TEXT, APPLICATION_ID, AUDIENCE_TYPE_ID, LANGUAGE_CD, MESSAGE_TYPE_ID, LOAD_DT, UPDATE_DT, USER_LAST_MODIFY, BRAND_ID)   VALUES ( 299, 7, 'Top 5 Countries Pool - International Roaming: You will now pool minutes with other pool-enabled subscribers in this pool.', 3, 3, 'EN', 1, sysdate, sysdate, user, null);
INSERT INTO ADAPTED_MESSAGE(APPLICATION_MESSAGE_ID,  ADAPTED_MESSAGE_SEQ, MESSAGE_TEXT, APPLICATION_ID, AUDIENCE_TYPE_ID, LANGUAGE_CD, MESSAGE_TYPE_ID, LOAD_DT, UPDATE_DT, USER_LAST_MODIFY, BRAND_ID)   VALUES ( 299, 8, 'Fusion 5 premiers pays - Itinérance Internationale - La fusion de minutes a été activée. Vous pouvez maintenant accéder au lot de minutes.', 3, 3, 'FR', 1, sysdate, sysdate, user, null);
INSERT INTO application_error VALUES ( 0,'MP-PWO-IRT-15', 299, 'Now you can pool with others (International Roaming Toll)', sysdate, sysdate, user);


INSERT INTO application_message VALUES (300, 'Disable IRT pooling on this sub', sysdate, sysdate, user);
INSERT INTO ADAPTED_MESSAGE(APPLICATION_MESSAGE_ID,  ADAPTED_MESSAGE_SEQ, MESSAGE_TEXT, APPLICATION_ID, AUDIENCE_TYPE_ID, LANGUAGE_CD, MESSAGE_TYPE_ID, LOAD_DT, UPDATE_DT, USER_LAST_MODIFY, BRAND_ID)   VALUES ( 300, 1, 'Top 5 Countries Pool - International Roaming: Minute pooling will be disabled. This subscriber will no longer pool minutes with other pool-enabled subscribers in this pool.', 0, null, 'EN', 1, sysdate, sysdate, user, null);
INSERT INTO ADAPTED_MESSAGE(APPLICATION_MESSAGE_ID,  ADAPTED_MESSAGE_SEQ, MESSAGE_TEXT, APPLICATION_ID, AUDIENCE_TYPE_ID, LANGUAGE_CD, MESSAGE_TYPE_ID, LOAD_DT, UPDATE_DT, USER_LAST_MODIFY, BRAND_ID)   VALUES ( 300, 2, 'Fusion 5 premiers pays - Itinérance Internationale - La fusion de minutes sera désactivée. Cet abonné ne pourra plus accéder au lot de minutes.', 0, null, 'FR', 1, sysdate, sysdate, user, null);
INSERT INTO ADAPTED_MESSAGE(APPLICATION_MESSAGE_ID,  ADAPTED_MESSAGE_SEQ, MESSAGE_TEXT, APPLICATION_ID, AUDIENCE_TYPE_ID, LANGUAGE_CD, MESSAGE_TYPE_ID, LOAD_DT, UPDATE_DT, USER_LAST_MODIFY, BRAND_ID)   VALUES ( 300, 3, 'Top 5 Countries Pool - International Roaming: Minute pooling will be disabled. This subscriber will no longer pool minutes with other pool-enabled subscribers in this pool.', 3, null, 'EN', 1, sysdate, sysdate, user, null);
INSERT INTO ADAPTED_MESSAGE(APPLICATION_MESSAGE_ID,  ADAPTED_MESSAGE_SEQ, MESSAGE_TEXT, APPLICATION_ID, AUDIENCE_TYPE_ID, LANGUAGE_CD, MESSAGE_TYPE_ID, LOAD_DT, UPDATE_DT, USER_LAST_MODIFY, BRAND_ID)   VALUES ( 300, 4, 'Fusion 5 premiers pays - Itinérance Internationale - La fusion de minutes sera désactivée. Cet abonné ne pourra plus accéder au lot de minutes.', 3, null, 'FR', 1, sysdate, sysdate, user, null);
INSERT INTO ADAPTED_MESSAGE(APPLICATION_MESSAGE_ID,  ADAPTED_MESSAGE_SEQ, MESSAGE_TEXT, APPLICATION_ID, AUDIENCE_TYPE_ID, LANGUAGE_CD, MESSAGE_TYPE_ID, LOAD_DT, UPDATE_DT, USER_LAST_MODIFY, BRAND_ID)   VALUES ( 300, 5, 'Top 5 Countries Pool - International Roaming: Minute pooling will be disabled. You will no longer pool minutes with other pool-enabled subscribers in this pool.', 3, 3, 'EN', 1, sysdate, sysdate, user, null);
INSERT INTO ADAPTED_MESSAGE(APPLICATION_MESSAGE_ID,  ADAPTED_MESSAGE_SEQ, MESSAGE_TEXT, APPLICATION_ID, AUDIENCE_TYPE_ID, LANGUAGE_CD, MESSAGE_TYPE_ID, LOAD_DT, UPDATE_DT, USER_LAST_MODIFY, BRAND_ID)   VALUES ( 300, 6, 'Fusion 5 premiers pays - Itinérance Internationale - La fusion de minutes sera désactivée. Vous ne pourrez plus accéder au lot de minutes.', 3, 3, 'FR', 1, sysdate, sysdate, user, null);
INSERT INTO application_error VALUES ( 0,'MP-DIS-IRT-15', 300, 'Disable IRT pooling on this sub', sysdate, sysdate, user);


INSERT INTO application_message VALUES (301, 'One IRT pooling sub left on account', sysdate, sysdate, user);
INSERT INTO ADAPTED_MESSAGE(APPLICATION_MESSAGE_ID,  ADAPTED_MESSAGE_SEQ, MESSAGE_TEXT, APPLICATION_ID, AUDIENCE_TYPE_ID, LANGUAGE_CD, MESSAGE_TYPE_ID, LOAD_DT, UPDATE_DT, USER_LAST_MODIFY, BRAND_ID)   VALUES ( 301, 1, 'Top 5 Countries Pool - International Roaming: This change will leave only one pool-enabled subscriber in this pool with no other subscribers to pool with.', 0, null, 'EN', 3, sysdate, sysdate, user, null);
INSERT INTO ADAPTED_MESSAGE(APPLICATION_MESSAGE_ID,  ADAPTED_MESSAGE_SEQ, MESSAGE_TEXT, APPLICATION_ID, AUDIENCE_TYPE_ID, LANGUAGE_CD, MESSAGE_TYPE_ID, LOAD_DT, UPDATE_DT, USER_LAST_MODIFY, BRAND_ID)   VALUES ( 301, 2, 'Fusion 5 premiers pays - Itinérance Internationale - En raison de ce changement, il ne reste qu''un seul abonné qui peut accéder au lot de minutes dans ce compte.', 0, null, 'FR', 3, sysdate, sysdate, user, null);
INSERT INTO application_error VALUES ( 0,'MP-LAST-IRT-15', 301, 'One IRT pooling sub left on account', sysdate, sysdate, user);


INSERT INTO application_message VALUES (302, 'IRT pooling enabled for this sub', sysdate, sysdate, user);
INSERT INTO ADAPTED_MESSAGE(APPLICATION_MESSAGE_ID,  ADAPTED_MESSAGE_SEQ, MESSAGE_TEXT, APPLICATION_ID, AUDIENCE_TYPE_ID, LANGUAGE_CD, MESSAGE_TYPE_ID, LOAD_DT, UPDATE_DT, USER_LAST_MODIFY, BRAND_ID)   VALUES ( 302, 1, 'Top 10 Countries Pool - International Roaming: Minute pooling has been enabled for this subscriber.', 5, null, 'EN', 1, sysdate, sysdate, user, null);
INSERT INTO ADAPTED_MESSAGE(APPLICATION_MESSAGE_ID,  ADAPTED_MESSAGE_SEQ, MESSAGE_TEXT, APPLICATION_ID, AUDIENCE_TYPE_ID, LANGUAGE_CD, MESSAGE_TYPE_ID, LOAD_DT, UPDATE_DT, USER_LAST_MODIFY, BRAND_ID)   VALUES ( 302, 2, 'Fusion 10 premiers pays - Itinérance Internationale - La fusion de minutes a été activée pour cet abonné.', 5, null, 'FR', 1, sysdate, sysdate, user, null);
INSERT INTO ADAPTED_MESSAGE(APPLICATION_MESSAGE_ID,  ADAPTED_MESSAGE_SEQ, MESSAGE_TEXT, APPLICATION_ID, AUDIENCE_TYPE_ID, LANGUAGE_CD, MESSAGE_TYPE_ID, LOAD_DT, UPDATE_DT, USER_LAST_MODIFY, BRAND_ID)   VALUES ( 302, 3, 'Top 10 Countries Pool - International Roaming: Minute pooling has been enabled for this subscriber.', 2, null, 'EN', 1, sysdate, sysdate, user, null);
INSERT INTO ADAPTED_MESSAGE(APPLICATION_MESSAGE_ID,  ADAPTED_MESSAGE_SEQ, MESSAGE_TEXT, APPLICATION_ID, AUDIENCE_TYPE_ID, LANGUAGE_CD, MESSAGE_TYPE_ID, LOAD_DT, UPDATE_DT, USER_LAST_MODIFY, BRAND_ID)   VALUES ( 302, 4, 'Fusion 10 premiers pays - Itinérance Internationale - La fusion de minutes a été activée pour cet abonné.', 2, null, 'FR', 1, sysdate, sysdate, user, null);
INSERT INTO ADAPTED_MESSAGE(APPLICATION_MESSAGE_ID,  ADAPTED_MESSAGE_SEQ, MESSAGE_TEXT, APPLICATION_ID, AUDIENCE_TYPE_ID, LANGUAGE_CD, MESSAGE_TYPE_ID, LOAD_DT, UPDATE_DT, USER_LAST_MODIFY, BRAND_ID)   VALUES ( 302, 5, 'Top 10 Countries Pool - International Roaming: Minute pooling has been enabled for this subscriber.', 18, null, 'EN', 1, sysdate, sysdate, user, null);
INSERT INTO ADAPTED_MESSAGE(APPLICATION_MESSAGE_ID,  ADAPTED_MESSAGE_SEQ, MESSAGE_TEXT, APPLICATION_ID, AUDIENCE_TYPE_ID, LANGUAGE_CD, MESSAGE_TYPE_ID, LOAD_DT, UPDATE_DT, USER_LAST_MODIFY, BRAND_ID)   VALUES ( 302, 6, 'Fusion 10 premiers pays - Itinérance Internationale - La fusion de minutes a été activée pour cet abonné.', 18, null, 'FR', 1, sysdate, sysdate, user, null);
INSERT INTO ADAPTED_MESSAGE(APPLICATION_MESSAGE_ID,  ADAPTED_MESSAGE_SEQ, MESSAGE_TEXT, APPLICATION_ID, AUDIENCE_TYPE_ID, LANGUAGE_CD, MESSAGE_TYPE_ID, LOAD_DT, UPDATE_DT, USER_LAST_MODIFY, BRAND_ID)   VALUES ( 302, 7, 'Top 10 Countries Pool - International Roaming: Minute pooling has been enabled for this subscriber.', 1, null, 'EN', 1, sysdate, sysdate, user, null);
INSERT INTO ADAPTED_MESSAGE(APPLICATION_MESSAGE_ID,  ADAPTED_MESSAGE_SEQ, MESSAGE_TEXT, APPLICATION_ID, AUDIENCE_TYPE_ID, LANGUAGE_CD, MESSAGE_TYPE_ID, LOAD_DT, UPDATE_DT, USER_LAST_MODIFY, BRAND_ID)   VALUES ( 302, 8, 'Fusion 10 premiers pays - Itinérance Internationale - La fusion de minutes a été activée pour cet abonné.', 1, null, 'FR', 1, sysdate, sysdate, user, null);
INSERT INTO ADAPTED_MESSAGE(APPLICATION_MESSAGE_ID,  ADAPTED_MESSAGE_SEQ, MESSAGE_TEXT, APPLICATION_ID, AUDIENCE_TYPE_ID, LANGUAGE_CD, MESSAGE_TYPE_ID, LOAD_DT, UPDATE_DT, USER_LAST_MODIFY, BRAND_ID)   VALUES ( 302, 9, 'Top 10 Countries Pool - International Roaming: Minute pooling has been enabled for this subscriber.', 3, null, 'EN', 1, sysdate, sysdate, user, null);
INSERT INTO ADAPTED_MESSAGE(APPLICATION_MESSAGE_ID,  ADAPTED_MESSAGE_SEQ, MESSAGE_TEXT, APPLICATION_ID, AUDIENCE_TYPE_ID, LANGUAGE_CD, MESSAGE_TYPE_ID, LOAD_DT, UPDATE_DT, USER_LAST_MODIFY, BRAND_ID)   VALUES ( 302, 10, 'Fusion 10 premiers pays - Itinérance Internationale - La fusion de minutes a été activée pour cet abonné.', 3, null, 'FR', 1, sysdate, sysdate, user, null);
INSERT INTO ADAPTED_MESSAGE(APPLICATION_MESSAGE_ID,  ADAPTED_MESSAGE_SEQ, MESSAGE_TEXT, APPLICATION_ID, AUDIENCE_TYPE_ID, LANGUAGE_CD, MESSAGE_TYPE_ID, LOAD_DT, UPDATE_DT, USER_LAST_MODIFY, BRAND_ID)   VALUES ( 302, 11, 'Top 10 Countries Pool - International Roaming: Minute pooling has been enabled for your number.', 3, 3, 'EN', 1, sysdate, sysdate, user, null);
INSERT INTO ADAPTED_MESSAGE(APPLICATION_MESSAGE_ID,  ADAPTED_MESSAGE_SEQ, MESSAGE_TEXT, APPLICATION_ID, AUDIENCE_TYPE_ID, LANGUAGE_CD, MESSAGE_TYPE_ID, LOAD_DT, UPDATE_DT, USER_LAST_MODIFY, BRAND_ID)   VALUES ( 302, 12, 'Fusion 10 premiers pays - Itinérance Internationale - La fusion de minutes a été activée pour votre numéro de téléphone.', 3, 3, 'FR', 1, sysdate, sysdate, user, null);
INSERT INTO application_error VALUES ( 0,'MP-EN-IRT-16', 302, 'IRT pooling enabled for this sub', sysdate, sysdate, user);


INSERT INTO application_message VALUES (303, 'Additional International Roaming Toll subs should be added', sysdate, sysdate, user);
INSERT INTO ADAPTED_MESSAGE(APPLICATION_MESSAGE_ID,  ADAPTED_MESSAGE_SEQ, MESSAGE_TEXT, APPLICATION_ID, AUDIENCE_TYPE_ID, LANGUAGE_CD, MESSAGE_TYPE_ID, LOAD_DT, UPDATE_DT, USER_LAST_MODIFY, BRAND_ID)   VALUES ( 303, 1, 'Top 10 Countries Pool - International Roaming: To benefit from pooling, you should add additional pool-enabled subscribers to this account.', 0, null, 'EN', 1, sysdate, sysdate, user, null);
INSERT INTO ADAPTED_MESSAGE(APPLICATION_MESSAGE_ID,  ADAPTED_MESSAGE_SEQ, MESSAGE_TEXT, APPLICATION_ID, AUDIENCE_TYPE_ID, LANGUAGE_CD, MESSAGE_TYPE_ID, LOAD_DT, UPDATE_DT, USER_LAST_MODIFY, BRAND_ID)   VALUES ( 303, 2, 'Fusion 10 premiers pays - Itinérance Internationale - Pour bénéficier de la fusion de minutes, vous devez ajouter d''autres abonnés au compte qui pourront accéder au lot de minutes.', 0, null, 'FR', 1, sysdate, sysdate, user, null);
INSERT INTO ADAPTED_MESSAGE(APPLICATION_MESSAGE_ID,  ADAPTED_MESSAGE_SEQ, MESSAGE_TEXT, APPLICATION_ID, AUDIENCE_TYPE_ID, LANGUAGE_CD, MESSAGE_TYPE_ID, LOAD_DT, UPDATE_DT, USER_LAST_MODIFY, BRAND_ID)   VALUES ( 303, 3, 'Top 10 Countries Pool - International Roaming: To benefit from pooling, you should add additional pool-enabled subscribers to this account.', 1, null, 'EN', 3, sysdate, sysdate, user, null);
INSERT INTO ADAPTED_MESSAGE(APPLICATION_MESSAGE_ID,  ADAPTED_MESSAGE_SEQ, MESSAGE_TEXT, APPLICATION_ID, AUDIENCE_TYPE_ID, LANGUAGE_CD, MESSAGE_TYPE_ID, LOAD_DT, UPDATE_DT, USER_LAST_MODIFY, BRAND_ID)   VALUES ( 303, 4, 'Fusion 10 premiers pays - Itinérance Internationale - Pour bénéficier de la fusion de minutes, vous devez ajouter d''autres abonnés au compte qui pourront accéder au lot de minutes.', 1, null, 'FR', 3, sysdate, sysdate, user, null);
INSERT INTO ADAPTED_MESSAGE(APPLICATION_MESSAGE_ID,  ADAPTED_MESSAGE_SEQ, MESSAGE_TEXT, APPLICATION_ID, AUDIENCE_TYPE_ID, LANGUAGE_CD, MESSAGE_TYPE_ID, LOAD_DT, UPDATE_DT, USER_LAST_MODIFY, BRAND_ID)   VALUES ( 303, 5, 'Top 10 Countries Pool - International Roaming: To benefit from pooling, you should add additional pool-enabled subscribers to this account.', 2, null, 'EN', 3, sysdate, sysdate, user, null);
INSERT INTO ADAPTED_MESSAGE(APPLICATION_MESSAGE_ID,  ADAPTED_MESSAGE_SEQ, MESSAGE_TEXT, APPLICATION_ID, AUDIENCE_TYPE_ID, LANGUAGE_CD, MESSAGE_TYPE_ID, LOAD_DT, UPDATE_DT, USER_LAST_MODIFY, BRAND_ID)   VALUES ( 303, 6, 'Fusion 10 premiers pays - Itinérance Internationale - Pour bénéficier de la fusion de minutes, vous devez ajouter d''autres abonnés au compte qui pourront accéder au lot de minutes.', 2, null, 'FR', 3, sysdate, sysdate, user, null);
INSERT INTO ADAPTED_MESSAGE(APPLICATION_MESSAGE_ID,  ADAPTED_MESSAGE_SEQ, MESSAGE_TEXT, APPLICATION_ID, AUDIENCE_TYPE_ID, LANGUAGE_CD, MESSAGE_TYPE_ID, LOAD_DT, UPDATE_DT, USER_LAST_MODIFY, BRAND_ID)   VALUES ( 303, 7, 'Top 10 Countries Pool - International Roaming: To benefit from pooling, you should add additional pool-enabled subscribers to this account.', 3, null, 'EN', 3, sysdate, sysdate, user, null);
INSERT INTO ADAPTED_MESSAGE(APPLICATION_MESSAGE_ID,  ADAPTED_MESSAGE_SEQ, MESSAGE_TEXT, APPLICATION_ID, AUDIENCE_TYPE_ID, LANGUAGE_CD, MESSAGE_TYPE_ID, LOAD_DT, UPDATE_DT, USER_LAST_MODIFY, BRAND_ID)   VALUES ( 303, 8, 'Fusion 10 premiers pays - Itinérance Internationale - Pour bénéficier de la fusion de minutes, vous devez ajouter d''autres abonnés au compte qui pourront accéder au lot de minutes.', 3, null, 'FR', 3, sysdate, sysdate, user, null);
INSERT INTO application_error VALUES ( 0,'MP-ADD-IRT-16', 303, 'Additional International Roaming Toll subs should be added', sysdate, sysdate, user);


INSERT INTO application_message VALUES (304, 'Additional IRT subs should be added to new account', sysdate, sysdate, user);
INSERT INTO ADAPTED_MESSAGE(APPLICATION_MESSAGE_ID,  ADAPTED_MESSAGE_SEQ, MESSAGE_TEXT, APPLICATION_ID, AUDIENCE_TYPE_ID, LANGUAGE_CD, MESSAGE_TYPE_ID, LOAD_DT, UPDATE_DT, USER_LAST_MODIFY, BRAND_ID)   VALUES ( 304, 1, 'Top 10 Countries Pool - International Roaming: To benefit from pooling, you should add additional pool-enabled subscribers to the target pool.', 0, null, 'EN', 5, sysdate, sysdate, user, null);
INSERT INTO ADAPTED_MESSAGE(APPLICATION_MESSAGE_ID,  ADAPTED_MESSAGE_SEQ, MESSAGE_TEXT, APPLICATION_ID, AUDIENCE_TYPE_ID, LANGUAGE_CD, MESSAGE_TYPE_ID, LOAD_DT, UPDATE_DT, USER_LAST_MODIFY, BRAND_ID)   VALUES ( 304, 2, 'Fusion 10 premiers pays - Itinérance Internationale - Pour bénéficier de la fusion de minutes, vous devez ajouter d''autres abonnés qui pourront accéder au lot de minutes.', 0, null, 'FR', 5, sysdate, sysdate, user, null);
INSERT INTO ADAPTED_MESSAGE(APPLICATION_MESSAGE_ID,  ADAPTED_MESSAGE_SEQ, MESSAGE_TEXT, APPLICATION_ID, AUDIENCE_TYPE_ID, LANGUAGE_CD, MESSAGE_TYPE_ID, LOAD_DT, UPDATE_DT, USER_LAST_MODIFY, BRAND_ID)   VALUES ( 304, 3, 'Top 10 Countries Pool - International Roaming: To benefit from pooling, you should add additional pool-enabled subscribers to the target pool.', 1, null, 'EN', 3, sysdate, sysdate, user, null);
INSERT INTO ADAPTED_MESSAGE(APPLICATION_MESSAGE_ID,  ADAPTED_MESSAGE_SEQ, MESSAGE_TEXT, APPLICATION_ID, AUDIENCE_TYPE_ID, LANGUAGE_CD, MESSAGE_TYPE_ID, LOAD_DT, UPDATE_DT, USER_LAST_MODIFY, BRAND_ID)   VALUES ( 304, 4, 'Fusion 10 premiers pays - Itinérance Internationale - Pour bénéficier de la fusion de minutes, vous devez ajouter d''autres abonnés qui pourront accéder au lot de minutes.', 1, null, 'FR', 3, sysdate, sysdate, user, null);
INSERT INTO application_error VALUES ( 0,'MP-ADDTOWN-IRT-16', 304, 'Additional IRT subs should be added to new account', sysdate, sysdate, user);


INSERT INTO application_message VALUES (305, 'Now you can pool with others (International Roaming Toll)', sysdate, sysdate, user);
INSERT INTO ADAPTED_MESSAGE(APPLICATION_MESSAGE_ID,  ADAPTED_MESSAGE_SEQ, MESSAGE_TEXT, APPLICATION_ID, AUDIENCE_TYPE_ID, LANGUAGE_CD, MESSAGE_TYPE_ID, LOAD_DT, UPDATE_DT, USER_LAST_MODIFY, BRAND_ID)   VALUES ( 305, 1, 'Top 10 Countries Pool - International Roaming: This subscriber will now pool minutes with other pool-enabled subscribers.', 0, null, 'EN', 1, sysdate, sysdate, user, null);
INSERT INTO ADAPTED_MESSAGE(APPLICATION_MESSAGE_ID,  ADAPTED_MESSAGE_SEQ, MESSAGE_TEXT, APPLICATION_ID, AUDIENCE_TYPE_ID, LANGUAGE_CD, MESSAGE_TYPE_ID, LOAD_DT, UPDATE_DT, USER_LAST_MODIFY, BRAND_ID)   VALUES ( 305, 2, 'Fusion 10 premiers pays - Itinérance Internationale - La fusion de minutes a été activée. Cet abonné peut maintenant accéder au lot de minutes.', 0, null, 'FR', 1, sysdate, sysdate, user, null);
INSERT INTO ADAPTED_MESSAGE(APPLICATION_MESSAGE_ID,  ADAPTED_MESSAGE_SEQ, MESSAGE_TEXT, APPLICATION_ID, AUDIENCE_TYPE_ID, LANGUAGE_CD, MESSAGE_TYPE_ID, LOAD_DT, UPDATE_DT, USER_LAST_MODIFY, BRAND_ID)   VALUES ( 305, 3, 'Top 10 Countries Pool - International Roaming: You will now pool minutes with other pool-enabled subscribers in this pool.', 9, null, 'EN', 1, sysdate, sysdate, user, null);
INSERT INTO ADAPTED_MESSAGE(APPLICATION_MESSAGE_ID,  ADAPTED_MESSAGE_SEQ, MESSAGE_TEXT, APPLICATION_ID, AUDIENCE_TYPE_ID, LANGUAGE_CD, MESSAGE_TYPE_ID, LOAD_DT, UPDATE_DT, USER_LAST_MODIFY, BRAND_ID)   VALUES ( 305, 4, 'Fusion 10 premiers pays - Itinérance Internationale - La fusion de minutes a été activée. Vous pouvez maintenant accéder au lot de minutes.', 9, null, 'FR', 1, sysdate, sysdate, user, null);
INSERT INTO ADAPTED_MESSAGE(APPLICATION_MESSAGE_ID,  ADAPTED_MESSAGE_SEQ, MESSAGE_TEXT, APPLICATION_ID, AUDIENCE_TYPE_ID, LANGUAGE_CD, MESSAGE_TYPE_ID, LOAD_DT, UPDATE_DT, USER_LAST_MODIFY, BRAND_ID)   VALUES ( 305, 5, 'Top 10 Countries Pool - International Roaming: This subscriber will now pool minutes with other pool-enabled subscribers.', 3, null, 'EN', 1, sysdate, sysdate, user, null);
INSERT INTO ADAPTED_MESSAGE(APPLICATION_MESSAGE_ID,  ADAPTED_MESSAGE_SEQ, MESSAGE_TEXT, APPLICATION_ID, AUDIENCE_TYPE_ID, LANGUAGE_CD, MESSAGE_TYPE_ID, LOAD_DT, UPDATE_DT, USER_LAST_MODIFY, BRAND_ID)   VALUES ( 305, 6, 'Fusion 10 premiers pays - Itinérance Internationale - La fusion de minutes a été activée. Cet abonné peut maintenant accéder au lot de minutes.', 3, null, 'FR', 1, sysdate, sysdate, user, null);
INSERT INTO ADAPTED_MESSAGE(APPLICATION_MESSAGE_ID,  ADAPTED_MESSAGE_SEQ, MESSAGE_TEXT, APPLICATION_ID, AUDIENCE_TYPE_ID, LANGUAGE_CD, MESSAGE_TYPE_ID, LOAD_DT, UPDATE_DT, USER_LAST_MODIFY, BRAND_ID)   VALUES ( 305, 7, 'Top 10 Countries Pool - International Roaming: You will now pool minutes with other pool-enabled subscribers in this pool.', 3, 3, 'EN', 1, sysdate, sysdate, user, null);
INSERT INTO ADAPTED_MESSAGE(APPLICATION_MESSAGE_ID,  ADAPTED_MESSAGE_SEQ, MESSAGE_TEXT, APPLICATION_ID, AUDIENCE_TYPE_ID, LANGUAGE_CD, MESSAGE_TYPE_ID, LOAD_DT, UPDATE_DT, USER_LAST_MODIFY, BRAND_ID)   VALUES ( 305, 8, 'Fusion 10 premiers pays - Itinérance Internationale - La fusion de minutes a été activée. Vous pouvez maintenant accéder au lot de minutes.', 3, 3, 'FR', 1, sysdate, sysdate, user, null);
INSERT INTO application_error VALUES ( 0,'MP-PWO-IRT-16', 305, 'Now you can pool with others (International Roaming Toll)', sysdate, sysdate, user);


INSERT INTO application_message VALUES (306, 'Disable IRT pooling on this sub', sysdate, sysdate, user);
INSERT INTO ADAPTED_MESSAGE(APPLICATION_MESSAGE_ID,  ADAPTED_MESSAGE_SEQ, MESSAGE_TEXT, APPLICATION_ID, AUDIENCE_TYPE_ID, LANGUAGE_CD, MESSAGE_TYPE_ID, LOAD_DT, UPDATE_DT, USER_LAST_MODIFY, BRAND_ID)   VALUES ( 306, 1, 'Top 10 Countries Pool - International Roaming: Minute pooling will be disabled. This subscriber will no longer pool minutes with other pool-enabled subscribers in this pool.', 0, null, 'EN', 1, sysdate, sysdate, user, null);
INSERT INTO ADAPTED_MESSAGE(APPLICATION_MESSAGE_ID,  ADAPTED_MESSAGE_SEQ, MESSAGE_TEXT, APPLICATION_ID, AUDIENCE_TYPE_ID, LANGUAGE_CD, MESSAGE_TYPE_ID, LOAD_DT, UPDATE_DT, USER_LAST_MODIFY, BRAND_ID)   VALUES ( 306, 2, 'Fusion 10 premiers pays - Itinérance Internationale - La fusion de minutes sera désactivée. Cet abonné ne pourra plus accéder au lot de minutes.', 0, null, 'FR', 1, sysdate, sysdate, user, null);
INSERT INTO ADAPTED_MESSAGE(APPLICATION_MESSAGE_ID,  ADAPTED_MESSAGE_SEQ, MESSAGE_TEXT, APPLICATION_ID, AUDIENCE_TYPE_ID, LANGUAGE_CD, MESSAGE_TYPE_ID, LOAD_DT, UPDATE_DT, USER_LAST_MODIFY, BRAND_ID)   VALUES ( 306, 3, 'Top 10 Countries Pool - International Roaming: Minute pooling will be disabled. This subscriber will no longer pool minutes with other pool-enabled subscribers in this pool.', 3, null, 'EN', 1, sysdate, sysdate, user, null);
INSERT INTO ADAPTED_MESSAGE(APPLICATION_MESSAGE_ID,  ADAPTED_MESSAGE_SEQ, MESSAGE_TEXT, APPLICATION_ID, AUDIENCE_TYPE_ID, LANGUAGE_CD, MESSAGE_TYPE_ID, LOAD_DT, UPDATE_DT, USER_LAST_MODIFY, BRAND_ID)   VALUES ( 306, 4, 'Fusion 10 premiers pays - Itinérance Internationale - La fusion de minutes sera désactivée. Cet abonné ne pourra plus accéder au lot de minutes.', 3, null, 'FR', 1, sysdate, sysdate, user, null);
INSERT INTO ADAPTED_MESSAGE(APPLICATION_MESSAGE_ID,  ADAPTED_MESSAGE_SEQ, MESSAGE_TEXT, APPLICATION_ID, AUDIENCE_TYPE_ID, LANGUAGE_CD, MESSAGE_TYPE_ID, LOAD_DT, UPDATE_DT, USER_LAST_MODIFY, BRAND_ID)   VALUES ( 306, 5, 'Top 10 Countries Pool - International Roaming: Minute pooling will be disabled. You will no longer pool minutes with other pool-enabled subscribers in this pool.', 3, 3, 'EN', 1, sysdate, sysdate, user, null);
INSERT INTO ADAPTED_MESSAGE(APPLICATION_MESSAGE_ID,  ADAPTED_MESSAGE_SEQ, MESSAGE_TEXT, APPLICATION_ID, AUDIENCE_TYPE_ID, LANGUAGE_CD, MESSAGE_TYPE_ID, LOAD_DT, UPDATE_DT, USER_LAST_MODIFY, BRAND_ID)   VALUES ( 306, 6, 'Fusion 10 premiers pays - Itinérance Internationale - La fusion de minutes sera désactivée. Vous ne pourrez plus accéder au lot de minutes.', 3, 3, 'FR', 1, sysdate, sysdate, user, null);
INSERT INTO application_error VALUES ( 0,'MP-DIS-IRT-16', 306, 'Disable IRT pooling on this sub', sysdate, sysdate, user);


INSERT INTO application_message VALUES (307, 'One IRT pooling sub left on account', sysdate, sysdate, user);
INSERT INTO ADAPTED_MESSAGE(APPLICATION_MESSAGE_ID,  ADAPTED_MESSAGE_SEQ, MESSAGE_TEXT, APPLICATION_ID, AUDIENCE_TYPE_ID, LANGUAGE_CD, MESSAGE_TYPE_ID, LOAD_DT, UPDATE_DT, USER_LAST_MODIFY, BRAND_ID)   VALUES ( 307, 1, 'Top 10 Countries Pool - International Roaming: This change will leave only one pool-enabled subscriber in this pool with no other subscribers to pool with.', 0, null, 'EN', 3, sysdate, sysdate, user, null);
INSERT INTO ADAPTED_MESSAGE(APPLICATION_MESSAGE_ID,  ADAPTED_MESSAGE_SEQ, MESSAGE_TEXT, APPLICATION_ID, AUDIENCE_TYPE_ID, LANGUAGE_CD, MESSAGE_TYPE_ID, LOAD_DT, UPDATE_DT, USER_LAST_MODIFY, BRAND_ID)   VALUES ( 307, 2, 'Fusion 10 premiers pays - Itinérance Internationale - En raison de ce changement, il ne reste qu''un seul abonné qui peut accéder au lot de minutes dans ce compte.', 0, null, 'FR', 3, sysdate, sysdate, user, null);
INSERT INTO application_error VALUES ( 0,'MP-LAST-IRT-16', 307, 'One IRT pooling sub left on account', sysdate, sysdate, user);


INSERT INTO application_message VALUES (308, 'IRT pooling enabled for this sub', sysdate, sysdate, user);
INSERT INTO ADAPTED_MESSAGE(APPLICATION_MESSAGE_ID,  ADAPTED_MESSAGE_SEQ, MESSAGE_TEXT, APPLICATION_ID, AUDIENCE_TYPE_ID, LANGUAGE_CD, MESSAGE_TYPE_ID, LOAD_DT, UPDATE_DT, USER_LAST_MODIFY, BRAND_ID)   VALUES ( 308, 1, 'Top 20 Countries Pool - International Roaming: Minute pooling has been enabled for this subscriber.', 5, null, 'EN', 1, sysdate, sysdate, user, null);
INSERT INTO ADAPTED_MESSAGE(APPLICATION_MESSAGE_ID,  ADAPTED_MESSAGE_SEQ, MESSAGE_TEXT, APPLICATION_ID, AUDIENCE_TYPE_ID, LANGUAGE_CD, MESSAGE_TYPE_ID, LOAD_DT, UPDATE_DT, USER_LAST_MODIFY, BRAND_ID)   VALUES ( 308, 2, 'Fusion 20 premiers pays - Itinérance Internationale - La fusion de minutes a été activée pour cet abonné.', 5, null, 'FR', 1, sysdate, sysdate, user, null);
INSERT INTO ADAPTED_MESSAGE(APPLICATION_MESSAGE_ID,  ADAPTED_MESSAGE_SEQ, MESSAGE_TEXT, APPLICATION_ID, AUDIENCE_TYPE_ID, LANGUAGE_CD, MESSAGE_TYPE_ID, LOAD_DT, UPDATE_DT, USER_LAST_MODIFY, BRAND_ID)   VALUES ( 308, 3, 'Top 20 Countries Pool - International Roaming: Minute pooling has been enabled for this subscriber.', 2, null, 'EN', 1, sysdate, sysdate, user, null);
INSERT INTO ADAPTED_MESSAGE(APPLICATION_MESSAGE_ID,  ADAPTED_MESSAGE_SEQ, MESSAGE_TEXT, APPLICATION_ID, AUDIENCE_TYPE_ID, LANGUAGE_CD, MESSAGE_TYPE_ID, LOAD_DT, UPDATE_DT, USER_LAST_MODIFY, BRAND_ID)   VALUES ( 308, 4, 'Fusion 20 premiers pays - Itinérance Internationale - La fusion de minutes a été activée pour cet abonné.', 2, null, 'FR', 1, sysdate, sysdate, user, null);
INSERT INTO ADAPTED_MESSAGE(APPLICATION_MESSAGE_ID,  ADAPTED_MESSAGE_SEQ, MESSAGE_TEXT, APPLICATION_ID, AUDIENCE_TYPE_ID, LANGUAGE_CD, MESSAGE_TYPE_ID, LOAD_DT, UPDATE_DT, USER_LAST_MODIFY, BRAND_ID)   VALUES ( 308, 5, 'Top 20 Countries Pool - International Roaming: Minute pooling has been enabled for this subscriber.', 18, null, 'EN', 1, sysdate, sysdate, user, null);
INSERT INTO ADAPTED_MESSAGE(APPLICATION_MESSAGE_ID,  ADAPTED_MESSAGE_SEQ, MESSAGE_TEXT, APPLICATION_ID, AUDIENCE_TYPE_ID, LANGUAGE_CD, MESSAGE_TYPE_ID, LOAD_DT, UPDATE_DT, USER_LAST_MODIFY, BRAND_ID)   VALUES ( 308, 6, 'Fusion 20 premiers pays - Itinérance Internationale - La fusion de minutes a été activée pour cet abonné.', 18, null, 'FR', 1, sysdate, sysdate, user, null);
INSERT INTO ADAPTED_MESSAGE(APPLICATION_MESSAGE_ID,  ADAPTED_MESSAGE_SEQ, MESSAGE_TEXT, APPLICATION_ID, AUDIENCE_TYPE_ID, LANGUAGE_CD, MESSAGE_TYPE_ID, LOAD_DT, UPDATE_DT, USER_LAST_MODIFY, BRAND_ID)   VALUES ( 308, 7, 'Top 20 Countries Pool - International Roaming: Minute pooling has been enabled for this subscriber.', 1, null, 'EN', 1, sysdate, sysdate, user, null);
INSERT INTO ADAPTED_MESSAGE(APPLICATION_MESSAGE_ID,  ADAPTED_MESSAGE_SEQ, MESSAGE_TEXT, APPLICATION_ID, AUDIENCE_TYPE_ID, LANGUAGE_CD, MESSAGE_TYPE_ID, LOAD_DT, UPDATE_DT, USER_LAST_MODIFY, BRAND_ID)   VALUES ( 308, 8, 'Fusion 20 premiers pays - Itinérance Internationale - La fusion de minutes a été activée pour cet abonné.', 1, null, 'FR', 1, sysdate, sysdate, user, null);
INSERT INTO ADAPTED_MESSAGE(APPLICATION_MESSAGE_ID,  ADAPTED_MESSAGE_SEQ, MESSAGE_TEXT, APPLICATION_ID, AUDIENCE_TYPE_ID, LANGUAGE_CD, MESSAGE_TYPE_ID, LOAD_DT, UPDATE_DT, USER_LAST_MODIFY, BRAND_ID)   VALUES ( 308, 9, 'Top 20 Countries Pool - International Roaming: Minute pooling has been enabled for this subscriber.', 3, null, 'EN', 1, sysdate, sysdate, user, null);
INSERT INTO ADAPTED_MESSAGE(APPLICATION_MESSAGE_ID,  ADAPTED_MESSAGE_SEQ, MESSAGE_TEXT, APPLICATION_ID, AUDIENCE_TYPE_ID, LANGUAGE_CD, MESSAGE_TYPE_ID, LOAD_DT, UPDATE_DT, USER_LAST_MODIFY, BRAND_ID)   VALUES ( 308, 10, 'Fusion 20 premiers pays - Itinérance Internationale - La fusion de minutes a été activée pour cet abonné.', 3, null, 'FR', 1, sysdate, sysdate, user, null);
INSERT INTO ADAPTED_MESSAGE(APPLICATION_MESSAGE_ID,  ADAPTED_MESSAGE_SEQ, MESSAGE_TEXT, APPLICATION_ID, AUDIENCE_TYPE_ID, LANGUAGE_CD, MESSAGE_TYPE_ID, LOAD_DT, UPDATE_DT, USER_LAST_MODIFY, BRAND_ID)   VALUES ( 308, 11, 'Top 20 Countries Pool - International Roaming: Minute pooling has been enabled for your number.', 3, 3, 'EN', 1, sysdate, sysdate, user, null);
INSERT INTO ADAPTED_MESSAGE(APPLICATION_MESSAGE_ID,  ADAPTED_MESSAGE_SEQ, MESSAGE_TEXT, APPLICATION_ID, AUDIENCE_TYPE_ID, LANGUAGE_CD, MESSAGE_TYPE_ID, LOAD_DT, UPDATE_DT, USER_LAST_MODIFY, BRAND_ID)   VALUES ( 308, 12, 'Fusion 20 premiers pays - Itinérance Internationale - La fusion de minutes a été activée pour votre numéro de téléphone.', 3, 3, 'FR', 1, sysdate, sysdate, user, null);
INSERT INTO application_error VALUES ( 0,'MP-EN-IRT-17', 308, 'IRT pooling enabled for this sub', sysdate, sysdate, user);


INSERT INTO application_message VALUES (309, 'Additional International Roaming Toll subs should be added', sysdate, sysdate, user);
INSERT INTO ADAPTED_MESSAGE(APPLICATION_MESSAGE_ID,  ADAPTED_MESSAGE_SEQ, MESSAGE_TEXT, APPLICATION_ID, AUDIENCE_TYPE_ID, LANGUAGE_CD, MESSAGE_TYPE_ID, LOAD_DT, UPDATE_DT, USER_LAST_MODIFY, BRAND_ID)   VALUES ( 309, 1, 'Top 20 Countries Pool - International Roaming: To benefit from pooling, you should add additional pool-enabled subscribers to this account.', 0, null, 'EN', 1, sysdate, sysdate, user, null);
INSERT INTO ADAPTED_MESSAGE(APPLICATION_MESSAGE_ID,  ADAPTED_MESSAGE_SEQ, MESSAGE_TEXT, APPLICATION_ID, AUDIENCE_TYPE_ID, LANGUAGE_CD, MESSAGE_TYPE_ID, LOAD_DT, UPDATE_DT, USER_LAST_MODIFY, BRAND_ID)   VALUES ( 309, 2, 'Fusion 20 premiers pays - Itinérance Internationale - Pour bénéficier de la fusion de minutes, vous devez ajouter d''autres abonnés au compte qui pourront accéder au lot de minutes.', 0, null, 'FR', 1, sysdate, sysdate, user, null);
INSERT INTO ADAPTED_MESSAGE(APPLICATION_MESSAGE_ID,  ADAPTED_MESSAGE_SEQ, MESSAGE_TEXT, APPLICATION_ID, AUDIENCE_TYPE_ID, LANGUAGE_CD, MESSAGE_TYPE_ID, LOAD_DT, UPDATE_DT, USER_LAST_MODIFY, BRAND_ID)   VALUES ( 309, 3, 'Top 20 Countries Pool - International Roaming: To benefit from pooling, you should add additional pool-enabled subscribers to this account.', 1, null, 'EN', 3, sysdate, sysdate, user, null);
INSERT INTO ADAPTED_MESSAGE(APPLICATION_MESSAGE_ID,  ADAPTED_MESSAGE_SEQ, MESSAGE_TEXT, APPLICATION_ID, AUDIENCE_TYPE_ID, LANGUAGE_CD, MESSAGE_TYPE_ID, LOAD_DT, UPDATE_DT, USER_LAST_MODIFY, BRAND_ID)   VALUES ( 309, 4, 'Fusion 20 premiers pays - Itinérance Internationale - Pour bénéficier de la fusion de minutes, vous devez ajouter d''autres abonnés au compte qui pourront accéder au lot de minutes.', 1, null, 'FR', 3, sysdate, sysdate, user, null);
INSERT INTO ADAPTED_MESSAGE(APPLICATION_MESSAGE_ID,  ADAPTED_MESSAGE_SEQ, MESSAGE_TEXT, APPLICATION_ID, AUDIENCE_TYPE_ID, LANGUAGE_CD, MESSAGE_TYPE_ID, LOAD_DT, UPDATE_DT, USER_LAST_MODIFY, BRAND_ID)   VALUES ( 309, 5, 'Top 20 Countries Pool - International Roaming: To benefit from pooling, you should add additional pool-enabled subscribers to this account.', 2, null, 'EN', 3, sysdate, sysdate, user, null);
INSERT INTO ADAPTED_MESSAGE(APPLICATION_MESSAGE_ID,  ADAPTED_MESSAGE_SEQ, MESSAGE_TEXT, APPLICATION_ID, AUDIENCE_TYPE_ID, LANGUAGE_CD, MESSAGE_TYPE_ID, LOAD_DT, UPDATE_DT, USER_LAST_MODIFY, BRAND_ID)   VALUES ( 309, 6, 'Fusion 20 premiers pays - Itinérance Internationale - Pour bénéficier de la fusion de minutes, vous devez ajouter d''autres abonnés au compte qui pourront accéder au lot de minutes.', 2, null, 'FR', 3, sysdate, sysdate, user, null);
INSERT INTO ADAPTED_MESSAGE(APPLICATION_MESSAGE_ID,  ADAPTED_MESSAGE_SEQ, MESSAGE_TEXT, APPLICATION_ID, AUDIENCE_TYPE_ID, LANGUAGE_CD, MESSAGE_TYPE_ID, LOAD_DT, UPDATE_DT, USER_LAST_MODIFY, BRAND_ID)   VALUES ( 309, 7, 'Top 20 Countries Pool - International Roaming: To benefit from pooling, you should add additional pool-enabled subscribers to this account.', 3, null, 'EN', 3, sysdate, sysdate, user, null);
INSERT INTO ADAPTED_MESSAGE(APPLICATION_MESSAGE_ID,  ADAPTED_MESSAGE_SEQ, MESSAGE_TEXT, APPLICATION_ID, AUDIENCE_TYPE_ID, LANGUAGE_CD, MESSAGE_TYPE_ID, LOAD_DT, UPDATE_DT, USER_LAST_MODIFY, BRAND_ID)   VALUES ( 309, 8, 'Fusion 20 premiers pays - Itinérance Internationale - Pour bénéficier de la fusion de minutes, vous devez ajouter d''autres abonnés au compte qui pourront accéder au lot de minutes.', 3, null, 'FR', 3, sysdate, sysdate, user, null);
INSERT INTO application_error VALUES ( 0,'MP-ADD-IRT-17', 309, 'Additional International Roaming Toll subs should be added', sysdate, sysdate, user);


INSERT INTO application_message VALUES (310, 'Additional IRT subs should be added to new account', sysdate, sysdate, user);
INSERT INTO ADAPTED_MESSAGE(APPLICATION_MESSAGE_ID,  ADAPTED_MESSAGE_SEQ, MESSAGE_TEXT, APPLICATION_ID, AUDIENCE_TYPE_ID, LANGUAGE_CD, MESSAGE_TYPE_ID, LOAD_DT, UPDATE_DT, USER_LAST_MODIFY, BRAND_ID)   VALUES ( 310, 1, 'Top 20 Countries Pool - International Roaming: To benefit from pooling, you should add additional pool-enabled subscribers to the target pool.', 0, null, 'EN', 5, sysdate, sysdate, user, null);
INSERT INTO ADAPTED_MESSAGE(APPLICATION_MESSAGE_ID,  ADAPTED_MESSAGE_SEQ, MESSAGE_TEXT, APPLICATION_ID, AUDIENCE_TYPE_ID, LANGUAGE_CD, MESSAGE_TYPE_ID, LOAD_DT, UPDATE_DT, USER_LAST_MODIFY, BRAND_ID)   VALUES ( 310, 2, 'Fusion 20 premiers pays - Itinérance Internationale - Pour bénéficier de la fusion de minutes, vous devez ajouter d''autres abonnés qui pourront accéder au lot de minutes.', 0, null, 'FR', 5, sysdate, sysdate, user, null);
INSERT INTO ADAPTED_MESSAGE(APPLICATION_MESSAGE_ID,  ADAPTED_MESSAGE_SEQ, MESSAGE_TEXT, APPLICATION_ID, AUDIENCE_TYPE_ID, LANGUAGE_CD, MESSAGE_TYPE_ID, LOAD_DT, UPDATE_DT, USER_LAST_MODIFY, BRAND_ID)   VALUES ( 310, 3, 'Top 20 Countries Pool - International Roaming: To benefit from pooling, you should add additional pool-enabled subscribers to the target pool.', 1, null, 'EN', 3, sysdate, sysdate, user, null);
INSERT INTO ADAPTED_MESSAGE(APPLICATION_MESSAGE_ID,  ADAPTED_MESSAGE_SEQ, MESSAGE_TEXT, APPLICATION_ID, AUDIENCE_TYPE_ID, LANGUAGE_CD, MESSAGE_TYPE_ID, LOAD_DT, UPDATE_DT, USER_LAST_MODIFY, BRAND_ID)   VALUES ( 310, 4, 'Fusion 20 premiers pays - Itinérance Internationale - Pour bénéficier de la fusion de minutes, vous devez ajouter d''autres abonnés qui pourront accéder au lot de minutes.', 1, null, 'FR', 3, sysdate, sysdate, user, null);
INSERT INTO application_error VALUES ( 0,'MP-ADDTOWN-IRT-17', 310, 'Additional IRT subs should be added to new account', sysdate, sysdate, user);


INSERT INTO application_message VALUES (311, 'Now you can pool with others (International Roaming Toll)', sysdate, sysdate, user);
INSERT INTO ADAPTED_MESSAGE(APPLICATION_MESSAGE_ID,  ADAPTED_MESSAGE_SEQ, MESSAGE_TEXT, APPLICATION_ID, AUDIENCE_TYPE_ID, LANGUAGE_CD, MESSAGE_TYPE_ID, LOAD_DT, UPDATE_DT, USER_LAST_MODIFY, BRAND_ID)   VALUES ( 311, 1, 'Top 20 Countries Pool - International Roaming: This subscriber will now pool minutes with other pool-enabled subscribers.', 0, null, 'EN', 1, sysdate, sysdate, user, null);
INSERT INTO ADAPTED_MESSAGE(APPLICATION_MESSAGE_ID,  ADAPTED_MESSAGE_SEQ, MESSAGE_TEXT, APPLICATION_ID, AUDIENCE_TYPE_ID, LANGUAGE_CD, MESSAGE_TYPE_ID, LOAD_DT, UPDATE_DT, USER_LAST_MODIFY, BRAND_ID)   VALUES ( 311, 2, 'Fusion 20 premiers pays - Itinérance Internationale - La fusion de minutes a été activée. Cet abonné peut maintenant accéder au lot de minutes.', 0, null, 'FR', 1, sysdate, sysdate, user, null);
INSERT INTO ADAPTED_MESSAGE(APPLICATION_MESSAGE_ID,  ADAPTED_MESSAGE_SEQ, MESSAGE_TEXT, APPLICATION_ID, AUDIENCE_TYPE_ID, LANGUAGE_CD, MESSAGE_TYPE_ID, LOAD_DT, UPDATE_DT, USER_LAST_MODIFY, BRAND_ID)   VALUES ( 311, 3, 'Top 20 Countries Pool - International Roaming: You will now pool minutes with other pool-enabled subscribers in this pool.', 9, null, 'EN', 1, sysdate, sysdate, user, null);
INSERT INTO ADAPTED_MESSAGE(APPLICATION_MESSAGE_ID,  ADAPTED_MESSAGE_SEQ, MESSAGE_TEXT, APPLICATION_ID, AUDIENCE_TYPE_ID, LANGUAGE_CD, MESSAGE_TYPE_ID, LOAD_DT, UPDATE_DT, USER_LAST_MODIFY, BRAND_ID)   VALUES ( 311, 4, 'Fusion 20 premiers pays - Itinérance Internationale - La fusion de minutes a été activée. Vous pouvez maintenant accéder au lot de minutes.', 9, null, 'FR', 1, sysdate, sysdate, user, null);
INSERT INTO ADAPTED_MESSAGE(APPLICATION_MESSAGE_ID,  ADAPTED_MESSAGE_SEQ, MESSAGE_TEXT, APPLICATION_ID, AUDIENCE_TYPE_ID, LANGUAGE_CD, MESSAGE_TYPE_ID, LOAD_DT, UPDATE_DT, USER_LAST_MODIFY, BRAND_ID)   VALUES ( 311, 5, 'Top 20 Countries Pool - International Roaming: This subscriber will now pool minutes with other pool-enabled subscribers.', 3, null, 'EN', 1, sysdate, sysdate, user, null);
INSERT INTO ADAPTED_MESSAGE(APPLICATION_MESSAGE_ID,  ADAPTED_MESSAGE_SEQ, MESSAGE_TEXT, APPLICATION_ID, AUDIENCE_TYPE_ID, LANGUAGE_CD, MESSAGE_TYPE_ID, LOAD_DT, UPDATE_DT, USER_LAST_MODIFY, BRAND_ID)   VALUES ( 311, 6, 'Fusion 20 premiers pays - Itinérance Internationale - La fusion de minutes a été activée. Cet abonné peut maintenant accéder au lot de minutes.', 3, null, 'FR', 1, sysdate, sysdate, user, null);
INSERT INTO ADAPTED_MESSAGE(APPLICATION_MESSAGE_ID,  ADAPTED_MESSAGE_SEQ, MESSAGE_TEXT, APPLICATION_ID, AUDIENCE_TYPE_ID, LANGUAGE_CD, MESSAGE_TYPE_ID, LOAD_DT, UPDATE_DT, USER_LAST_MODIFY, BRAND_ID)   VALUES ( 311, 7, 'Top 20 Countries Pool - International Roaming: You will now pool minutes with other pool-enabled subscribers in this pool.', 3, 3, 'EN', 1, sysdate, sysdate, user, null);
INSERT INTO ADAPTED_MESSAGE(APPLICATION_MESSAGE_ID,  ADAPTED_MESSAGE_SEQ, MESSAGE_TEXT, APPLICATION_ID, AUDIENCE_TYPE_ID, LANGUAGE_CD, MESSAGE_TYPE_ID, LOAD_DT, UPDATE_DT, USER_LAST_MODIFY, BRAND_ID)   VALUES ( 311, 8, 'Fusion 20 premiers pays - Itinérance Internationale - La fusion de minutes a été activée. Vous pouvez maintenant accéder au lot de minutes.', 3, 3, 'FR', 1, sysdate, sysdate, user, null);
INSERT INTO application_error VALUES ( 0,'MP-PWO-IRT-17', 311, 'Now you can pool with others (International Roaming Toll)', sysdate, sysdate, user);


INSERT INTO application_message VALUES (312, 'Disable IRT pooling on this sub', sysdate, sysdate, user);
INSERT INTO ADAPTED_MESSAGE(APPLICATION_MESSAGE_ID,  ADAPTED_MESSAGE_SEQ, MESSAGE_TEXT, APPLICATION_ID, AUDIENCE_TYPE_ID, LANGUAGE_CD, MESSAGE_TYPE_ID, LOAD_DT, UPDATE_DT, USER_LAST_MODIFY, BRAND_ID)   VALUES ( 312, 1, 'Top 20 Countries Pool - International Roaming: Minute pooling will be disabled. This subscriber will no longer pool minutes with other pool-enabled subscribers in this pool.', 0, null, 'EN', 1, sysdate, sysdate, user, null);
INSERT INTO ADAPTED_MESSAGE(APPLICATION_MESSAGE_ID,  ADAPTED_MESSAGE_SEQ, MESSAGE_TEXT, APPLICATION_ID, AUDIENCE_TYPE_ID, LANGUAGE_CD, MESSAGE_TYPE_ID, LOAD_DT, UPDATE_DT, USER_LAST_MODIFY, BRAND_ID)   VALUES ( 312, 2, 'Fusion 20 premiers pays - Itinérance Internationale - La fusion de minutes sera désactivée. Cet abonné ne pourra plus accéder au lot de minutes.', 0, null, 'FR', 1, sysdate, sysdate, user, null);
INSERT INTO ADAPTED_MESSAGE(APPLICATION_MESSAGE_ID,  ADAPTED_MESSAGE_SEQ, MESSAGE_TEXT, APPLICATION_ID, AUDIENCE_TYPE_ID, LANGUAGE_CD, MESSAGE_TYPE_ID, LOAD_DT, UPDATE_DT, USER_LAST_MODIFY, BRAND_ID)   VALUES ( 312, 3, 'Top 20 Countries Pool - International Roaming: Minute pooling will be disabled. This subscriber will no longer pool minutes with other pool-enabled subscribers in this pool.', 3, null, 'EN', 1, sysdate, sysdate, user, null);
INSERT INTO ADAPTED_MESSAGE(APPLICATION_MESSAGE_ID,  ADAPTED_MESSAGE_SEQ, MESSAGE_TEXT, APPLICATION_ID, AUDIENCE_TYPE_ID, LANGUAGE_CD, MESSAGE_TYPE_ID, LOAD_DT, UPDATE_DT, USER_LAST_MODIFY, BRAND_ID)   VALUES ( 312, 4, 'Fusion 20 premiers pays - Itinérance Internationale - La fusion de minutes sera désactivée. Cet abonné ne pourra plus accéder au lot de minutes.', 3, null, 'FR', 1, sysdate, sysdate, user, null);
INSERT INTO ADAPTED_MESSAGE(APPLICATION_MESSAGE_ID,  ADAPTED_MESSAGE_SEQ, MESSAGE_TEXT, APPLICATION_ID, AUDIENCE_TYPE_ID, LANGUAGE_CD, MESSAGE_TYPE_ID, LOAD_DT, UPDATE_DT, USER_LAST_MODIFY, BRAND_ID)   VALUES ( 312, 5, 'Top 20 Countries Pool - International Roaming: Minute pooling will be disabled. You will no longer pool minutes with other pool-enabled subscribers in this pool.', 3, 3, 'EN', 1, sysdate, sysdate, user, null);
INSERT INTO ADAPTED_MESSAGE(APPLICATION_MESSAGE_ID,  ADAPTED_MESSAGE_SEQ, MESSAGE_TEXT, APPLICATION_ID, AUDIENCE_TYPE_ID, LANGUAGE_CD, MESSAGE_TYPE_ID, LOAD_DT, UPDATE_DT, USER_LAST_MODIFY, BRAND_ID)   VALUES ( 312, 6, 'Fusion 20 premiers pays - Itinérance Internationale - La fusion de minutes sera désactivée. Vous ne pourrez plus accéder au lot de minutes.', 3, 3, 'FR', 1, sysdate, sysdate, user, null);
INSERT INTO application_error VALUES ( 0,'MP-DIS-IRT-17', 312, 'Disable IRT pooling on this sub', sysdate, sysdate, user);


INSERT INTO application_message VALUES (313, 'One IRT pooling sub left on account', sysdate, sysdate, user);
INSERT INTO ADAPTED_MESSAGE(APPLICATION_MESSAGE_ID,  ADAPTED_MESSAGE_SEQ, MESSAGE_TEXT, APPLICATION_ID, AUDIENCE_TYPE_ID, LANGUAGE_CD, MESSAGE_TYPE_ID, LOAD_DT, UPDATE_DT, USER_LAST_MODIFY, BRAND_ID)   VALUES ( 313, 1, 'Top 20 Countries Pool - International Roaming: This change will leave only one pool-enabled subscriber in this pool with no other subscribers to pool with.', 0, null, 'EN', 3, sysdate, sysdate, user, null);
INSERT INTO ADAPTED_MESSAGE(APPLICATION_MESSAGE_ID,  ADAPTED_MESSAGE_SEQ, MESSAGE_TEXT, APPLICATION_ID, AUDIENCE_TYPE_ID, LANGUAGE_CD, MESSAGE_TYPE_ID, LOAD_DT, UPDATE_DT, USER_LAST_MODIFY, BRAND_ID)   VALUES ( 313, 2, 'Fusion 20 premiers pays - Itinérance Internationale - En raison de ce changement, il ne reste qu''un seul abonné qui peut accéder au lot de minutes dans ce compte.', 0, null, 'FR', 3, sysdate, sysdate, user, null);
INSERT INTO application_error VALUES ( 0,'MP-LAST-IRT-17', 313, 'One IRT pooling sub left on account', sysdate, sysdate, user);


INSERT INTO application_message VALUES (314, 'IRT pooling enabled for this sub', sysdate, sysdate, user);
INSERT INTO ADAPTED_MESSAGE(APPLICATION_MESSAGE_ID,  ADAPTED_MESSAGE_SEQ, MESSAGE_TEXT, APPLICATION_ID, AUDIENCE_TYPE_ID, LANGUAGE_CD, MESSAGE_TYPE_ID, LOAD_DT, UPDATE_DT, USER_LAST_MODIFY, BRAND_ID)   VALUES ( 314, 1, 'Western Europe Pool - International Roaming: Minute pooling has been enabled for this subscriber.', 5, null, 'EN', 1, sysdate, sysdate, user, null);
INSERT INTO ADAPTED_MESSAGE(APPLICATION_MESSAGE_ID,  ADAPTED_MESSAGE_SEQ, MESSAGE_TEXT, APPLICATION_ID, AUDIENCE_TYPE_ID, LANGUAGE_CD, MESSAGE_TYPE_ID, LOAD_DT, UPDATE_DT, USER_LAST_MODIFY, BRAND_ID)   VALUES ( 314, 2, 'Fusion Europe de l''Ouest - Itinérance Internationale - La fusion de minutes a été activée pour cet abonné.', 5, null, 'FR', 1, sysdate, sysdate, user, null);
INSERT INTO ADAPTED_MESSAGE(APPLICATION_MESSAGE_ID,  ADAPTED_MESSAGE_SEQ, MESSAGE_TEXT, APPLICATION_ID, AUDIENCE_TYPE_ID, LANGUAGE_CD, MESSAGE_TYPE_ID, LOAD_DT, UPDATE_DT, USER_LAST_MODIFY, BRAND_ID)   VALUES ( 314, 3, 'Western Europe Pool - International Roaming: Minute pooling has been enabled for this subscriber.', 2, null, 'EN', 1, sysdate, sysdate, user, null);
INSERT INTO ADAPTED_MESSAGE(APPLICATION_MESSAGE_ID,  ADAPTED_MESSAGE_SEQ, MESSAGE_TEXT, APPLICATION_ID, AUDIENCE_TYPE_ID, LANGUAGE_CD, MESSAGE_TYPE_ID, LOAD_DT, UPDATE_DT, USER_LAST_MODIFY, BRAND_ID)   VALUES ( 314, 4, 'Fusion Europe de l''Ouest - Itinérance Internationale - La fusion de minutes a été activée pour cet abonné.', 2, null, 'FR', 1, sysdate, sysdate, user, null);
INSERT INTO ADAPTED_MESSAGE(APPLICATION_MESSAGE_ID,  ADAPTED_MESSAGE_SEQ, MESSAGE_TEXT, APPLICATION_ID, AUDIENCE_TYPE_ID, LANGUAGE_CD, MESSAGE_TYPE_ID, LOAD_DT, UPDATE_DT, USER_LAST_MODIFY, BRAND_ID)   VALUES ( 314, 5, 'Western Europe Pool - International Roaming: Minute pooling has been enabled for this subscriber.', 18, null, 'EN', 1, sysdate, sysdate, user, null);
INSERT INTO ADAPTED_MESSAGE(APPLICATION_MESSAGE_ID,  ADAPTED_MESSAGE_SEQ, MESSAGE_TEXT, APPLICATION_ID, AUDIENCE_TYPE_ID, LANGUAGE_CD, MESSAGE_TYPE_ID, LOAD_DT, UPDATE_DT, USER_LAST_MODIFY, BRAND_ID)   VALUES ( 314, 6, 'Fusion Europe de l''Ouest - Itinérance Internationale - La fusion de minutes a été activée pour cet abonné.', 18, null, 'FR', 1, sysdate, sysdate, user, null);
INSERT INTO ADAPTED_MESSAGE(APPLICATION_MESSAGE_ID,  ADAPTED_MESSAGE_SEQ, MESSAGE_TEXT, APPLICATION_ID, AUDIENCE_TYPE_ID, LANGUAGE_CD, MESSAGE_TYPE_ID, LOAD_DT, UPDATE_DT, USER_LAST_MODIFY, BRAND_ID)   VALUES ( 314, 7, 'Western Europe Pool - International Roaming: Minute pooling has been enabled for this subscriber.', 1, null, 'EN', 1, sysdate, sysdate, user, null);
INSERT INTO ADAPTED_MESSAGE(APPLICATION_MESSAGE_ID,  ADAPTED_MESSAGE_SEQ, MESSAGE_TEXT, APPLICATION_ID, AUDIENCE_TYPE_ID, LANGUAGE_CD, MESSAGE_TYPE_ID, LOAD_DT, UPDATE_DT, USER_LAST_MODIFY, BRAND_ID)   VALUES ( 314, 8, 'Fusion Europe de l''Ouest - Itinérance Internationale - La fusion de minutes a été activée pour cet abonné.', 1, null, 'FR', 1, sysdate, sysdate, user, null);
INSERT INTO ADAPTED_MESSAGE(APPLICATION_MESSAGE_ID,  ADAPTED_MESSAGE_SEQ, MESSAGE_TEXT, APPLICATION_ID, AUDIENCE_TYPE_ID, LANGUAGE_CD, MESSAGE_TYPE_ID, LOAD_DT, UPDATE_DT, USER_LAST_MODIFY, BRAND_ID)   VALUES ( 314, 9, 'Western Europe Pool - International Roaming: Minute pooling has been enabled for this subscriber.', 3, null, 'EN', 1, sysdate, sysdate, user, null);
INSERT INTO ADAPTED_MESSAGE(APPLICATION_MESSAGE_ID,  ADAPTED_MESSAGE_SEQ, MESSAGE_TEXT, APPLICATION_ID, AUDIENCE_TYPE_ID, LANGUAGE_CD, MESSAGE_TYPE_ID, LOAD_DT, UPDATE_DT, USER_LAST_MODIFY, BRAND_ID)   VALUES ( 314, 10, 'Fusion Europe de l''Ouest - Itinérance Internationale - La fusion de minutes a été activée pour cet abonné.', 3, null, 'FR', 1, sysdate, sysdate, user, null);
INSERT INTO ADAPTED_MESSAGE(APPLICATION_MESSAGE_ID,  ADAPTED_MESSAGE_SEQ, MESSAGE_TEXT, APPLICATION_ID, AUDIENCE_TYPE_ID, LANGUAGE_CD, MESSAGE_TYPE_ID, LOAD_DT, UPDATE_DT, USER_LAST_MODIFY, BRAND_ID)   VALUES ( 314, 11, 'Western Europe Pool - International Roaming: Minute pooling has been enabled for your number.', 3, 3, 'EN', 1, sysdate, sysdate, user, null);
INSERT INTO ADAPTED_MESSAGE(APPLICATION_MESSAGE_ID,  ADAPTED_MESSAGE_SEQ, MESSAGE_TEXT, APPLICATION_ID, AUDIENCE_TYPE_ID, LANGUAGE_CD, MESSAGE_TYPE_ID, LOAD_DT, UPDATE_DT, USER_LAST_MODIFY, BRAND_ID)   VALUES ( 314, 12, 'Fusion Europe de l''Ouest - Itinérance Internationale - La fusion de minutes a été activée pour votre numéro de téléphone.', 3, 3, 'FR', 1, sysdate, sysdate, user, null);
INSERT INTO application_error VALUES ( 0,'MP-EN-IRT-18', 314, 'IRT pooling enabled for this sub', sysdate, sysdate, user);


INSERT INTO application_message VALUES (315, 'Additional International Roaming Toll subs should be added', sysdate, sysdate, user);
INSERT INTO ADAPTED_MESSAGE(APPLICATION_MESSAGE_ID,  ADAPTED_MESSAGE_SEQ, MESSAGE_TEXT, APPLICATION_ID, AUDIENCE_TYPE_ID, LANGUAGE_CD, MESSAGE_TYPE_ID, LOAD_DT, UPDATE_DT, USER_LAST_MODIFY, BRAND_ID)   VALUES ( 315, 1, 'Western Europe Pool - International Roaming: To benefit from pooling, you should add additional pool-enabled subscribers to this account.', 0, null, 'EN', 1, sysdate, sysdate, user, null);
INSERT INTO ADAPTED_MESSAGE(APPLICATION_MESSAGE_ID,  ADAPTED_MESSAGE_SEQ, MESSAGE_TEXT, APPLICATION_ID, AUDIENCE_TYPE_ID, LANGUAGE_CD, MESSAGE_TYPE_ID, LOAD_DT, UPDATE_DT, USER_LAST_MODIFY, BRAND_ID)   VALUES ( 315, 2, 'Fusion Europe de l''Ouest - Itinérance Internationale - Pour bénéficier de la fusion de minutes, vous devez ajouter d''autres abonnés au compte qui pourront accéder au lot de minutes.', 0, null, 'FR', 1, sysdate, sysdate, user, null);
INSERT INTO ADAPTED_MESSAGE(APPLICATION_MESSAGE_ID,  ADAPTED_MESSAGE_SEQ, MESSAGE_TEXT, APPLICATION_ID, AUDIENCE_TYPE_ID, LANGUAGE_CD, MESSAGE_TYPE_ID, LOAD_DT, UPDATE_DT, USER_LAST_MODIFY, BRAND_ID)   VALUES ( 315, 3, 'Western Europe Pool - International Roaming: To benefit from pooling, you should add additional pool-enabled subscribers to this account.', 1, null, 'EN', 3, sysdate, sysdate, user, null);
INSERT INTO ADAPTED_MESSAGE(APPLICATION_MESSAGE_ID,  ADAPTED_MESSAGE_SEQ, MESSAGE_TEXT, APPLICATION_ID, AUDIENCE_TYPE_ID, LANGUAGE_CD, MESSAGE_TYPE_ID, LOAD_DT, UPDATE_DT, USER_LAST_MODIFY, BRAND_ID)   VALUES ( 315, 4, 'Fusion Europe de l''Ouest - Itinérance Internationale - Pour bénéficier de la fusion de minutes, vous devez ajouter d''autres abonnés au compte qui pourront accéder au lot de minutes.', 1, null, 'FR', 3, sysdate, sysdate, user, null);
INSERT INTO ADAPTED_MESSAGE(APPLICATION_MESSAGE_ID,  ADAPTED_MESSAGE_SEQ, MESSAGE_TEXT, APPLICATION_ID, AUDIENCE_TYPE_ID, LANGUAGE_CD, MESSAGE_TYPE_ID, LOAD_DT, UPDATE_DT, USER_LAST_MODIFY, BRAND_ID)   VALUES ( 315, 5, 'Western Europe Pool - International Roaming: To benefit from pooling, you should add additional pool-enabled subscribers to this account.', 2, null, 'EN', 3, sysdate, sysdate, user, null);
INSERT INTO ADAPTED_MESSAGE(APPLICATION_MESSAGE_ID,  ADAPTED_MESSAGE_SEQ, MESSAGE_TEXT, APPLICATION_ID, AUDIENCE_TYPE_ID, LANGUAGE_CD, MESSAGE_TYPE_ID, LOAD_DT, UPDATE_DT, USER_LAST_MODIFY, BRAND_ID)   VALUES ( 315, 6, 'Fusion Europe de l''Ouest - Itinérance Internationale - Pour bénéficier de la fusion de minutes, vous devez ajouter d''autres abonnés au compte qui pourront accéder au lot de minutes.', 2, null, 'FR', 3, sysdate, sysdate, user, null);
INSERT INTO ADAPTED_MESSAGE(APPLICATION_MESSAGE_ID,  ADAPTED_MESSAGE_SEQ, MESSAGE_TEXT, APPLICATION_ID, AUDIENCE_TYPE_ID, LANGUAGE_CD, MESSAGE_TYPE_ID, LOAD_DT, UPDATE_DT, USER_LAST_MODIFY, BRAND_ID)   VALUES ( 315, 7, 'Western Europe Pool - International Roaming: To benefit from pooling, you should add additional pool-enabled subscribers to this account.', 3, null, 'EN', 3, sysdate, sysdate, user, null);
INSERT INTO ADAPTED_MESSAGE(APPLICATION_MESSAGE_ID,  ADAPTED_MESSAGE_SEQ, MESSAGE_TEXT, APPLICATION_ID, AUDIENCE_TYPE_ID, LANGUAGE_CD, MESSAGE_TYPE_ID, LOAD_DT, UPDATE_DT, USER_LAST_MODIFY, BRAND_ID)   VALUES ( 315, 8, 'Fusion Europe de l''Ouest - Itinérance Internationale - Pour bénéficier de la fusion de minutes, vous devez ajouter d''autres abonnés au compte qui pourront accéder au lot de minutes.', 3, null, 'FR', 3, sysdate, sysdate, user, null);
INSERT INTO application_error VALUES ( 0,'MP-ADD-IRT-18', 315, 'Additional International Roaming Toll subs should be added', sysdate, sysdate, user);


INSERT INTO application_message VALUES (316, 'Additional IRT subs should be added to new account', sysdate, sysdate, user);
INSERT INTO ADAPTED_MESSAGE(APPLICATION_MESSAGE_ID,  ADAPTED_MESSAGE_SEQ, MESSAGE_TEXT, APPLICATION_ID, AUDIENCE_TYPE_ID, LANGUAGE_CD, MESSAGE_TYPE_ID, LOAD_DT, UPDATE_DT, USER_LAST_MODIFY, BRAND_ID)   VALUES ( 316, 1, 'Western Europe Pool - International Roaming: To benefit from pooling, you should add additional pool-enabled subscribers to the target pool.', 0, null, 'EN', 5, sysdate, sysdate, user, null);
INSERT INTO ADAPTED_MESSAGE(APPLICATION_MESSAGE_ID,  ADAPTED_MESSAGE_SEQ, MESSAGE_TEXT, APPLICATION_ID, AUDIENCE_TYPE_ID, LANGUAGE_CD, MESSAGE_TYPE_ID, LOAD_DT, UPDATE_DT, USER_LAST_MODIFY, BRAND_ID)   VALUES ( 316, 2, 'Fusion Europe de l''Ouest - Itinérance Internationale - Pour bénéficier de la fusion de minutes, vous devez ajouter d''autres abonnés qui pourront accéder au lot de minutes.', 0, null, 'FR', 5, sysdate, sysdate, user, null);
INSERT INTO ADAPTED_MESSAGE(APPLICATION_MESSAGE_ID,  ADAPTED_MESSAGE_SEQ, MESSAGE_TEXT, APPLICATION_ID, AUDIENCE_TYPE_ID, LANGUAGE_CD, MESSAGE_TYPE_ID, LOAD_DT, UPDATE_DT, USER_LAST_MODIFY, BRAND_ID)   VALUES ( 316, 3, 'Western Europe Pool - International Roaming: To benefit from pooling, you should add additional pool-enabled subscribers to the target pool.', 1, null, 'EN', 3, sysdate, sysdate, user, null);
INSERT INTO ADAPTED_MESSAGE(APPLICATION_MESSAGE_ID,  ADAPTED_MESSAGE_SEQ, MESSAGE_TEXT, APPLICATION_ID, AUDIENCE_TYPE_ID, LANGUAGE_CD, MESSAGE_TYPE_ID, LOAD_DT, UPDATE_DT, USER_LAST_MODIFY, BRAND_ID)   VALUES ( 316, 4, 'Fusion Europe de l''Ouest - Itinérance Internationale - Pour bénéficier de la fusion de minutes, vous devez ajouter d''autres abonnés qui pourront accéder au lot de minutes.', 1, null, 'FR', 3, sysdate, sysdate, user, null);
INSERT INTO application_error VALUES ( 0,'MP-ADDTOWN-IRT-18', 316, 'Additional IRT subs should be added to new account', sysdate, sysdate, user);


INSERT INTO application_message VALUES (317, 'Now you can pool with others (International Roaming Toll)', sysdate, sysdate, user);
INSERT INTO ADAPTED_MESSAGE(APPLICATION_MESSAGE_ID,  ADAPTED_MESSAGE_SEQ, MESSAGE_TEXT, APPLICATION_ID, AUDIENCE_TYPE_ID, LANGUAGE_CD, MESSAGE_TYPE_ID, LOAD_DT, UPDATE_DT, USER_LAST_MODIFY, BRAND_ID)   VALUES ( 317, 1, 'Western Europe Pool - International Roaming: This subscriber will now pool minutes with other pool-enabled subscribers.', 0, null, 'EN', 1, sysdate, sysdate, user, null);
INSERT INTO ADAPTED_MESSAGE(APPLICATION_MESSAGE_ID,  ADAPTED_MESSAGE_SEQ, MESSAGE_TEXT, APPLICATION_ID, AUDIENCE_TYPE_ID, LANGUAGE_CD, MESSAGE_TYPE_ID, LOAD_DT, UPDATE_DT, USER_LAST_MODIFY, BRAND_ID)   VALUES ( 317, 2, 'Fusion Europe de l''Ouest - Itinérance Internationale - La fusion de minutes a été activée. Cet abonné peut maintenant accéder au lot de minutes.', 0, null, 'FR', 1, sysdate, sysdate, user, null);
INSERT INTO ADAPTED_MESSAGE(APPLICATION_MESSAGE_ID,  ADAPTED_MESSAGE_SEQ, MESSAGE_TEXT, APPLICATION_ID, AUDIENCE_TYPE_ID, LANGUAGE_CD, MESSAGE_TYPE_ID, LOAD_DT, UPDATE_DT, USER_LAST_MODIFY, BRAND_ID)   VALUES ( 317, 3, 'Western Europe Pool - International Roaming: You will now pool minutes with other pool-enabled subscribers in this pool.', 9, null, 'EN', 1, sysdate, sysdate, user, null);
INSERT INTO ADAPTED_MESSAGE(APPLICATION_MESSAGE_ID,  ADAPTED_MESSAGE_SEQ, MESSAGE_TEXT, APPLICATION_ID, AUDIENCE_TYPE_ID, LANGUAGE_CD, MESSAGE_TYPE_ID, LOAD_DT, UPDATE_DT, USER_LAST_MODIFY, BRAND_ID)   VALUES ( 317, 4, 'Fusion Europe de l''Ouest - Itinérance Internationale - La fusion de minutes a été activée. Vous pouvez maintenant accéder au lot de minutes.', 9, null, 'FR', 1, sysdate, sysdate, user, null);
INSERT INTO ADAPTED_MESSAGE(APPLICATION_MESSAGE_ID,  ADAPTED_MESSAGE_SEQ, MESSAGE_TEXT, APPLICATION_ID, AUDIENCE_TYPE_ID, LANGUAGE_CD, MESSAGE_TYPE_ID, LOAD_DT, UPDATE_DT, USER_LAST_MODIFY, BRAND_ID)   VALUES ( 317, 5, 'Western Europe Pool - International Roaming: This subscriber will now pool minutes with other pool-enabled subscribers.', 3, null, 'EN', 1, sysdate, sysdate, user, null);
INSERT INTO ADAPTED_MESSAGE(APPLICATION_MESSAGE_ID,  ADAPTED_MESSAGE_SEQ, MESSAGE_TEXT, APPLICATION_ID, AUDIENCE_TYPE_ID, LANGUAGE_CD, MESSAGE_TYPE_ID, LOAD_DT, UPDATE_DT, USER_LAST_MODIFY, BRAND_ID)   VALUES ( 317, 6, 'Fusion Europe de l''Ouest - Itinérance Internationale - La fusion de minutes a été activée. Cet abonné peut maintenant accéder au lot de minutes.', 3, null, 'FR', 1, sysdate, sysdate, user, null);
INSERT INTO ADAPTED_MESSAGE(APPLICATION_MESSAGE_ID,  ADAPTED_MESSAGE_SEQ, MESSAGE_TEXT, APPLICATION_ID, AUDIENCE_TYPE_ID, LANGUAGE_CD, MESSAGE_TYPE_ID, LOAD_DT, UPDATE_DT, USER_LAST_MODIFY, BRAND_ID)   VALUES ( 317, 7, 'Western Europe Pool - International Roaming: You will now pool minutes with other pool-enabled subscribers in this pool.', 3, 3, 'EN', 1, sysdate, sysdate, user, null);
INSERT INTO ADAPTED_MESSAGE(APPLICATION_MESSAGE_ID,  ADAPTED_MESSAGE_SEQ, MESSAGE_TEXT, APPLICATION_ID, AUDIENCE_TYPE_ID, LANGUAGE_CD, MESSAGE_TYPE_ID, LOAD_DT, UPDATE_DT, USER_LAST_MODIFY, BRAND_ID)   VALUES ( 317, 8, 'Fusion Europe de l''Ouest - Itinérance Internationale - La fusion de minutes a été activée. Vous pouvez maintenant accéder au lot de minutes.', 3, 3, 'FR', 1, sysdate, sysdate, user, null);
INSERT INTO application_error VALUES ( 0,'MP-PWO-IRT-18', 317, 'Now you can pool with others (International Roaming Toll)', sysdate, sysdate, user);


INSERT INTO application_message VALUES (318, 'Disable IRT pooling on this sub', sysdate, sysdate, user);
INSERT INTO ADAPTED_MESSAGE(APPLICATION_MESSAGE_ID,  ADAPTED_MESSAGE_SEQ, MESSAGE_TEXT, APPLICATION_ID, AUDIENCE_TYPE_ID, LANGUAGE_CD, MESSAGE_TYPE_ID, LOAD_DT, UPDATE_DT, USER_LAST_MODIFY, BRAND_ID)   VALUES ( 318, 1, 'Western Europe Pool - International Roaming: Minute pooling will be disabled. This subscriber will no longer pool minutes with other pool-enabled subscribers in this pool.', 0, null, 'EN', 1, sysdate, sysdate, user, null);
INSERT INTO ADAPTED_MESSAGE(APPLICATION_MESSAGE_ID,  ADAPTED_MESSAGE_SEQ, MESSAGE_TEXT, APPLICATION_ID, AUDIENCE_TYPE_ID, LANGUAGE_CD, MESSAGE_TYPE_ID, LOAD_DT, UPDATE_DT, USER_LAST_MODIFY, BRAND_ID)   VALUES ( 318, 2, 'Fusion Europe de l''Ouest - Itinérance Internationale - La fusion de minutes sera désactivée. Cet abonné ne pourra plus accéder au lot de minutes.', 0, null, 'FR', 1, sysdate, sysdate, user, null);
INSERT INTO ADAPTED_MESSAGE(APPLICATION_MESSAGE_ID,  ADAPTED_MESSAGE_SEQ, MESSAGE_TEXT, APPLICATION_ID, AUDIENCE_TYPE_ID, LANGUAGE_CD, MESSAGE_TYPE_ID, LOAD_DT, UPDATE_DT, USER_LAST_MODIFY, BRAND_ID)   VALUES ( 318, 3, 'Western Europe Pool - International Roaming: Minute pooling will be disabled. This subscriber will no longer pool minutes with other pool-enabled subscribers in this pool.', 3, null, 'EN', 1, sysdate, sysdate, user, null);
INSERT INTO ADAPTED_MESSAGE(APPLICATION_MESSAGE_ID,  ADAPTED_MESSAGE_SEQ, MESSAGE_TEXT, APPLICATION_ID, AUDIENCE_TYPE_ID, LANGUAGE_CD, MESSAGE_TYPE_ID, LOAD_DT, UPDATE_DT, USER_LAST_MODIFY, BRAND_ID)   VALUES ( 318, 4, 'Fusion Europe de l''Ouest - Itinérance Internationale - La fusion de minutes sera désactivée. Cet abonné ne pourra plus accéder au lot de minutes.', 3, null, 'FR', 1, sysdate, sysdate, user, null);
INSERT INTO ADAPTED_MESSAGE(APPLICATION_MESSAGE_ID,  ADAPTED_MESSAGE_SEQ, MESSAGE_TEXT, APPLICATION_ID, AUDIENCE_TYPE_ID, LANGUAGE_CD, MESSAGE_TYPE_ID, LOAD_DT, UPDATE_DT, USER_LAST_MODIFY, BRAND_ID)   VALUES ( 318, 5, 'Western Europe Pool - International Roaming: Minute pooling will be disabled. You will no longer pool minutes with other pool-enabled subscribers in this pool.', 3, 3, 'EN', 1, sysdate, sysdate, user, null);
INSERT INTO ADAPTED_MESSAGE(APPLICATION_MESSAGE_ID,  ADAPTED_MESSAGE_SEQ, MESSAGE_TEXT, APPLICATION_ID, AUDIENCE_TYPE_ID, LANGUAGE_CD, MESSAGE_TYPE_ID, LOAD_DT, UPDATE_DT, USER_LAST_MODIFY, BRAND_ID)   VALUES ( 318, 6, 'Fusion Europe de l''Ouest - Itinérance Internationale - La fusion de minutes sera désactivée. Vous ne pourrez plus accéder au lot de minutes.', 3, 3, 'FR', 1, sysdate, sysdate, user, null);
INSERT INTO application_error VALUES ( 0,'MP-DIS-IRT-18', 318, 'Disable IRT pooling on this sub', sysdate, sysdate, user);


INSERT INTO application_message VALUES (319, 'One IRT pooling sub left on account', sysdate, sysdate, user);
INSERT INTO ADAPTED_MESSAGE(APPLICATION_MESSAGE_ID,  ADAPTED_MESSAGE_SEQ, MESSAGE_TEXT, APPLICATION_ID, AUDIENCE_TYPE_ID, LANGUAGE_CD, MESSAGE_TYPE_ID, LOAD_DT, UPDATE_DT, USER_LAST_MODIFY, BRAND_ID)   VALUES ( 319, 1, 'Western Europe Pool - International Roaming: This change will leave only one pool-enabled subscriber in this pool with no other subscribers to pool with.', 0, null, 'EN', 3, sysdate, sysdate, user, null);
INSERT INTO ADAPTED_MESSAGE(APPLICATION_MESSAGE_ID,  ADAPTED_MESSAGE_SEQ, MESSAGE_TEXT, APPLICATION_ID, AUDIENCE_TYPE_ID, LANGUAGE_CD, MESSAGE_TYPE_ID, LOAD_DT, UPDATE_DT, USER_LAST_MODIFY, BRAND_ID)   VALUES ( 319, 2, 'Fusion Europe de l''Ouest - Itinérance Internationale - En raison de ce changement, il ne reste qu''un seul abonné qui peut accéder au lot de minutes dans ce compte.', 0, null, 'FR', 3, sysdate, sysdate, user, null);
INSERT INTO application_error VALUES ( 0,'MP-LAST-IRT-18', 319, 'One IRT pooling sub left on account', sysdate, sysdate, user);


INSERT INTO application_message VALUES (320, 'IRT pooling enabled for this sub', sysdate, sysdate, user);
INSERT INTO ADAPTED_MESSAGE(APPLICATION_MESSAGE_ID,  ADAPTED_MESSAGE_SEQ, MESSAGE_TEXT, APPLICATION_ID, AUDIENCE_TYPE_ID, LANGUAGE_CD, MESSAGE_TYPE_ID, LOAD_DT, UPDATE_DT, USER_LAST_MODIFY, BRAND_ID)   VALUES ( 320, 1, 'International Pool - International Roaming: Minute pooling has been enabled for this subscriber.', 5, null, 'EN', 1, sysdate, sysdate, user, null);
INSERT INTO ADAPTED_MESSAGE(APPLICATION_MESSAGE_ID,  ADAPTED_MESSAGE_SEQ, MESSAGE_TEXT, APPLICATION_ID, AUDIENCE_TYPE_ID, LANGUAGE_CD, MESSAGE_TYPE_ID, LOAD_DT, UPDATE_DT, USER_LAST_MODIFY, BRAND_ID)   VALUES ( 320, 2, 'Fusion internationale - Itinérance Internationale - La fusion de minutes a été activée pour cet abonné.', 5, null, 'FR', 1, sysdate, sysdate, user, null);
INSERT INTO ADAPTED_MESSAGE(APPLICATION_MESSAGE_ID,  ADAPTED_MESSAGE_SEQ, MESSAGE_TEXT, APPLICATION_ID, AUDIENCE_TYPE_ID, LANGUAGE_CD, MESSAGE_TYPE_ID, LOAD_DT, UPDATE_DT, USER_LAST_MODIFY, BRAND_ID)   VALUES ( 320, 3, 'International Pool - International Roaming: Minute pooling has been enabled for this subscriber.', 2, null, 'EN', 1, sysdate, sysdate, user, null);
INSERT INTO ADAPTED_MESSAGE(APPLICATION_MESSAGE_ID,  ADAPTED_MESSAGE_SEQ, MESSAGE_TEXT, APPLICATION_ID, AUDIENCE_TYPE_ID, LANGUAGE_CD, MESSAGE_TYPE_ID, LOAD_DT, UPDATE_DT, USER_LAST_MODIFY, BRAND_ID)   VALUES ( 320, 4, 'Fusion internationale - Itinérance Internationale - La fusion de minutes a été activée pour cet abonné.', 2, null, 'FR', 1, sysdate, sysdate, user, null);
INSERT INTO ADAPTED_MESSAGE(APPLICATION_MESSAGE_ID,  ADAPTED_MESSAGE_SEQ, MESSAGE_TEXT, APPLICATION_ID, AUDIENCE_TYPE_ID, LANGUAGE_CD, MESSAGE_TYPE_ID, LOAD_DT, UPDATE_DT, USER_LAST_MODIFY, BRAND_ID)   VALUES ( 320, 5, 'International Pool - International Roaming: Minute pooling has been enabled for this subscriber.', 18, null, 'EN', 1, sysdate, sysdate, user, null);
INSERT INTO ADAPTED_MESSAGE(APPLICATION_MESSAGE_ID,  ADAPTED_MESSAGE_SEQ, MESSAGE_TEXT, APPLICATION_ID, AUDIENCE_TYPE_ID, LANGUAGE_CD, MESSAGE_TYPE_ID, LOAD_DT, UPDATE_DT, USER_LAST_MODIFY, BRAND_ID)   VALUES ( 320, 6, 'Fusion internationale - Itinérance Internationale - La fusion de minutes a été activée pour cet abonné.', 18, null, 'FR', 1, sysdate, sysdate, user, null);
INSERT INTO ADAPTED_MESSAGE(APPLICATION_MESSAGE_ID,  ADAPTED_MESSAGE_SEQ, MESSAGE_TEXT, APPLICATION_ID, AUDIENCE_TYPE_ID, LANGUAGE_CD, MESSAGE_TYPE_ID, LOAD_DT, UPDATE_DT, USER_LAST_MODIFY, BRAND_ID)   VALUES ( 320, 7, 'International Pool - International Roaming: Minute pooling has been enabled for this subscriber.', 1, null, 'EN', 1, sysdate, sysdate, user, null);
INSERT INTO ADAPTED_MESSAGE(APPLICATION_MESSAGE_ID,  ADAPTED_MESSAGE_SEQ, MESSAGE_TEXT, APPLICATION_ID, AUDIENCE_TYPE_ID, LANGUAGE_CD, MESSAGE_TYPE_ID, LOAD_DT, UPDATE_DT, USER_LAST_MODIFY, BRAND_ID)   VALUES ( 320, 8, 'Fusion internationale - Itinérance Internationale - La fusion de minutes a été activée pour cet abonné.', 1, null, 'FR', 1, sysdate, sysdate, user, null);
INSERT INTO ADAPTED_MESSAGE(APPLICATION_MESSAGE_ID,  ADAPTED_MESSAGE_SEQ, MESSAGE_TEXT, APPLICATION_ID, AUDIENCE_TYPE_ID, LANGUAGE_CD, MESSAGE_TYPE_ID, LOAD_DT, UPDATE_DT, USER_LAST_MODIFY, BRAND_ID)   VALUES ( 320, 9, 'International Pool - International Roaming: Minute pooling has been enabled for this subscriber.', 3, null, 'EN', 1, sysdate, sysdate, user, null);
INSERT INTO ADAPTED_MESSAGE(APPLICATION_MESSAGE_ID,  ADAPTED_MESSAGE_SEQ, MESSAGE_TEXT, APPLICATION_ID, AUDIENCE_TYPE_ID, LANGUAGE_CD, MESSAGE_TYPE_ID, LOAD_DT, UPDATE_DT, USER_LAST_MODIFY, BRAND_ID)   VALUES ( 320, 10, 'Fusion internationale - Itinérance Internationale - La fusion de minutes a été activée pour cet abonné.', 3, null, 'FR', 1, sysdate, sysdate, user, null);
INSERT INTO ADAPTED_MESSAGE(APPLICATION_MESSAGE_ID,  ADAPTED_MESSAGE_SEQ, MESSAGE_TEXT, APPLICATION_ID, AUDIENCE_TYPE_ID, LANGUAGE_CD, MESSAGE_TYPE_ID, LOAD_DT, UPDATE_DT, USER_LAST_MODIFY, BRAND_ID)   VALUES ( 320, 11, 'International Pool - International Roaming: Minute pooling has been enabled for your number.', 3, 3, 'EN', 1, sysdate, sysdate, user, null);
INSERT INTO ADAPTED_MESSAGE(APPLICATION_MESSAGE_ID,  ADAPTED_MESSAGE_SEQ, MESSAGE_TEXT, APPLICATION_ID, AUDIENCE_TYPE_ID, LANGUAGE_CD, MESSAGE_TYPE_ID, LOAD_DT, UPDATE_DT, USER_LAST_MODIFY, BRAND_ID)   VALUES ( 320, 12, 'Fusion internationale - Itinérance Internationale - La fusion de minutes a été activée pour votre numéro de téléphone.', 3, 3, 'FR', 1, sysdate, sysdate, user, null);
INSERT INTO application_error VALUES ( 0,'MP-EN-IRT-19', 320, 'IRT pooling enabled for this sub', sysdate, sysdate, user);


INSERT INTO application_message VALUES (321, 'Additional International Roaming Toll subs should be added', sysdate, sysdate, user);
INSERT INTO ADAPTED_MESSAGE(APPLICATION_MESSAGE_ID,  ADAPTED_MESSAGE_SEQ, MESSAGE_TEXT, APPLICATION_ID, AUDIENCE_TYPE_ID, LANGUAGE_CD, MESSAGE_TYPE_ID, LOAD_DT, UPDATE_DT, USER_LAST_MODIFY, BRAND_ID)   VALUES ( 321, 1, 'International Pool - International Roaming: To benefit from pooling, you should add additional pool-enabled subscribers to this account.', 0, null, 'EN', 1, sysdate, sysdate, user, null);
INSERT INTO ADAPTED_MESSAGE(APPLICATION_MESSAGE_ID,  ADAPTED_MESSAGE_SEQ, MESSAGE_TEXT, APPLICATION_ID, AUDIENCE_TYPE_ID, LANGUAGE_CD, MESSAGE_TYPE_ID, LOAD_DT, UPDATE_DT, USER_LAST_MODIFY, BRAND_ID)   VALUES ( 321, 2, 'Fusion internationale - Itinérance Internationale - Pour bénéficier de la fusion de minutes, vous devez ajouter d''autres abonnés au compte qui pourront accéder au lot de minutes.', 0, null, 'FR', 1, sysdate, sysdate, user, null);
INSERT INTO ADAPTED_MESSAGE(APPLICATION_MESSAGE_ID,  ADAPTED_MESSAGE_SEQ, MESSAGE_TEXT, APPLICATION_ID, AUDIENCE_TYPE_ID, LANGUAGE_CD, MESSAGE_TYPE_ID, LOAD_DT, UPDATE_DT, USER_LAST_MODIFY, BRAND_ID)   VALUES ( 321, 3, 'International Pool - International Roaming: To benefit from pooling, you should add additional pool-enabled subscribers to this account.', 1, null, 'EN', 3, sysdate, sysdate, user, null);
INSERT INTO ADAPTED_MESSAGE(APPLICATION_MESSAGE_ID,  ADAPTED_MESSAGE_SEQ, MESSAGE_TEXT, APPLICATION_ID, AUDIENCE_TYPE_ID, LANGUAGE_CD, MESSAGE_TYPE_ID, LOAD_DT, UPDATE_DT, USER_LAST_MODIFY, BRAND_ID)   VALUES ( 321, 4, 'Fusion internationale - Itinérance Internationale - Pour bénéficier de la fusion de minutes, vous devez ajouter d''autres abonnés au compte qui pourront accéder au lot de minutes.', 1, null, 'FR', 3, sysdate, sysdate, user, null);
INSERT INTO ADAPTED_MESSAGE(APPLICATION_MESSAGE_ID,  ADAPTED_MESSAGE_SEQ, MESSAGE_TEXT, APPLICATION_ID, AUDIENCE_TYPE_ID, LANGUAGE_CD, MESSAGE_TYPE_ID, LOAD_DT, UPDATE_DT, USER_LAST_MODIFY, BRAND_ID)   VALUES ( 321, 5, 'International Pool - International Roaming: To benefit from pooling, you should add additional pool-enabled subscribers to this account.', 2, null, 'EN', 3, sysdate, sysdate, user, null);
INSERT INTO ADAPTED_MESSAGE(APPLICATION_MESSAGE_ID,  ADAPTED_MESSAGE_SEQ, MESSAGE_TEXT, APPLICATION_ID, AUDIENCE_TYPE_ID, LANGUAGE_CD, MESSAGE_TYPE_ID, LOAD_DT, UPDATE_DT, USER_LAST_MODIFY, BRAND_ID)   VALUES ( 321, 6, 'Fusion internationale - Itinérance Internationale - Pour bénéficier de la fusion de minutes, vous devez ajouter d''autres abonnés au compte qui pourront accéder au lot de minutes.', 2, null, 'FR', 3, sysdate, sysdate, user, null);
INSERT INTO ADAPTED_MESSAGE(APPLICATION_MESSAGE_ID,  ADAPTED_MESSAGE_SEQ, MESSAGE_TEXT, APPLICATION_ID, AUDIENCE_TYPE_ID, LANGUAGE_CD, MESSAGE_TYPE_ID, LOAD_DT, UPDATE_DT, USER_LAST_MODIFY, BRAND_ID)   VALUES ( 321, 7, 'International Pool - International Roaming: To benefit from pooling, you should add additional pool-enabled subscribers to this account.', 3, null, 'EN', 3, sysdate, sysdate, user, null);
INSERT INTO ADAPTED_MESSAGE(APPLICATION_MESSAGE_ID,  ADAPTED_MESSAGE_SEQ, MESSAGE_TEXT, APPLICATION_ID, AUDIENCE_TYPE_ID, LANGUAGE_CD, MESSAGE_TYPE_ID, LOAD_DT, UPDATE_DT, USER_LAST_MODIFY, BRAND_ID)   VALUES ( 321, 8, 'Fusion internationale - Itinérance Internationale - Pour bénéficier de la fusion de minutes, vous devez ajouter d''autres abonnés au compte qui pourront accéder au lot de minutes.', 3, null, 'FR', 3, sysdate, sysdate, user, null);
INSERT INTO application_error VALUES ( 0,'MP-ADD-IRT-19', 321, 'Additional International Roaming Toll subs should be added', sysdate, sysdate, user);


INSERT INTO application_message VALUES (322, 'Additional IRT subs should be added to new account', sysdate, sysdate, user);
INSERT INTO ADAPTED_MESSAGE(APPLICATION_MESSAGE_ID,  ADAPTED_MESSAGE_SEQ, MESSAGE_TEXT, APPLICATION_ID, AUDIENCE_TYPE_ID, LANGUAGE_CD, MESSAGE_TYPE_ID, LOAD_DT, UPDATE_DT, USER_LAST_MODIFY, BRAND_ID)   VALUES ( 322, 1, 'International Pool - International Roaming: To benefit from pooling, you should add additional pool-enabled subscribers to the target pool.', 0, null, 'EN', 5, sysdate, sysdate, user, null);
INSERT INTO ADAPTED_MESSAGE(APPLICATION_MESSAGE_ID,  ADAPTED_MESSAGE_SEQ, MESSAGE_TEXT, APPLICATION_ID, AUDIENCE_TYPE_ID, LANGUAGE_CD, MESSAGE_TYPE_ID, LOAD_DT, UPDATE_DT, USER_LAST_MODIFY, BRAND_ID)   VALUES ( 322, 2, 'Fusion internationale - Itinérance Internationale - Pour bénéficier de la fusion de minutes, vous devez ajouter d''autres abonnés qui pourront accéder au lot de minutes.', 0, null, 'FR', 5, sysdate, sysdate, user, null);
INSERT INTO ADAPTED_MESSAGE(APPLICATION_MESSAGE_ID,  ADAPTED_MESSAGE_SEQ, MESSAGE_TEXT, APPLICATION_ID, AUDIENCE_TYPE_ID, LANGUAGE_CD, MESSAGE_TYPE_ID, LOAD_DT, UPDATE_DT, USER_LAST_MODIFY, BRAND_ID)   VALUES ( 322, 3, 'International Pool - International Roaming: To benefit from pooling, you should add additional pool-enabled subscribers to the target pool.', 1, null, 'EN', 3, sysdate, sysdate, user, null);
INSERT INTO ADAPTED_MESSAGE(APPLICATION_MESSAGE_ID,  ADAPTED_MESSAGE_SEQ, MESSAGE_TEXT, APPLICATION_ID, AUDIENCE_TYPE_ID, LANGUAGE_CD, MESSAGE_TYPE_ID, LOAD_DT, UPDATE_DT, USER_LAST_MODIFY, BRAND_ID)   VALUES ( 322, 4, 'Fusion internationale - Itinérance Internationale - Pour bénéficier de la fusion de minutes, vous devez ajouter d''autres abonnés qui pourront accéder au lot de minutes.', 1, null, 'FR', 3, sysdate, sysdate, user, null);
INSERT INTO application_error VALUES ( 0,'MP-ADDTOWN-IRT-19', 322, 'Additional IRT subs should be added to new account', sysdate, sysdate, user);


INSERT INTO application_message VALUES (323, 'Now you can pool with others (International Roaming Toll)', sysdate, sysdate, user);
INSERT INTO ADAPTED_MESSAGE(APPLICATION_MESSAGE_ID,  ADAPTED_MESSAGE_SEQ, MESSAGE_TEXT, APPLICATION_ID, AUDIENCE_TYPE_ID, LANGUAGE_CD, MESSAGE_TYPE_ID, LOAD_DT, UPDATE_DT, USER_LAST_MODIFY, BRAND_ID)   VALUES ( 323, 1, 'International Pool - International Roaming: This subscriber will now pool minutes with other pool-enabled subscribers.', 0, null, 'EN', 1, sysdate, sysdate, user, null);
INSERT INTO ADAPTED_MESSAGE(APPLICATION_MESSAGE_ID,  ADAPTED_MESSAGE_SEQ, MESSAGE_TEXT, APPLICATION_ID, AUDIENCE_TYPE_ID, LANGUAGE_CD, MESSAGE_TYPE_ID, LOAD_DT, UPDATE_DT, USER_LAST_MODIFY, BRAND_ID)   VALUES ( 323, 2, 'Fusion internationale - Itinérance Internationale - La fusion de minutes a été activée. Cet abonné peut maintenant accéder au lot de minutes.', 0, null, 'FR', 1, sysdate, sysdate, user, null);
INSERT INTO ADAPTED_MESSAGE(APPLICATION_MESSAGE_ID,  ADAPTED_MESSAGE_SEQ, MESSAGE_TEXT, APPLICATION_ID, AUDIENCE_TYPE_ID, LANGUAGE_CD, MESSAGE_TYPE_ID, LOAD_DT, UPDATE_DT, USER_LAST_MODIFY, BRAND_ID)   VALUES ( 323, 3, 'International Pool - International Roaming: You will now pool minutes with other pool-enabled subscribers in this pool.', 9, null, 'EN', 1, sysdate, sysdate, user, null);
INSERT INTO ADAPTED_MESSAGE(APPLICATION_MESSAGE_ID,  ADAPTED_MESSAGE_SEQ, MESSAGE_TEXT, APPLICATION_ID, AUDIENCE_TYPE_ID, LANGUAGE_CD, MESSAGE_TYPE_ID, LOAD_DT, UPDATE_DT, USER_LAST_MODIFY, BRAND_ID)   VALUES ( 323, 4, 'Fusion internationale - Itinérance Internationale - La fusion de minutes a été activée. Vous pouvez maintenant accéder au lot de minutes.', 9, null, 'FR', 1, sysdate, sysdate, user, null);
INSERT INTO ADAPTED_MESSAGE(APPLICATION_MESSAGE_ID,  ADAPTED_MESSAGE_SEQ, MESSAGE_TEXT, APPLICATION_ID, AUDIENCE_TYPE_ID, LANGUAGE_CD, MESSAGE_TYPE_ID, LOAD_DT, UPDATE_DT, USER_LAST_MODIFY, BRAND_ID)   VALUES ( 323, 5, 'International Pool - International Roaming: This subscriber will now pool minutes with other pool-enabled subscribers.', 3, null, 'EN', 1, sysdate, sysdate, user, null);
INSERT INTO ADAPTED_MESSAGE(APPLICATION_MESSAGE_ID,  ADAPTED_MESSAGE_SEQ, MESSAGE_TEXT, APPLICATION_ID, AUDIENCE_TYPE_ID, LANGUAGE_CD, MESSAGE_TYPE_ID, LOAD_DT, UPDATE_DT, USER_LAST_MODIFY, BRAND_ID)   VALUES ( 323, 6, 'Fusion internationale - Itinérance Internationale - La fusion de minutes a été activée. Cet abonné peut maintenant accéder au lot de minutes.', 3, null, 'FR', 1, sysdate, sysdate, user, null);
INSERT INTO ADAPTED_MESSAGE(APPLICATION_MESSAGE_ID,  ADAPTED_MESSAGE_SEQ, MESSAGE_TEXT, APPLICATION_ID, AUDIENCE_TYPE_ID, LANGUAGE_CD, MESSAGE_TYPE_ID, LOAD_DT, UPDATE_DT, USER_LAST_MODIFY, BRAND_ID)   VALUES ( 323, 7, 'International Pool - International Roaming: You will now pool minutes with other pool-enabled subscribers in this pool.', 3, 3, 'EN', 1, sysdate, sysdate, user, null);
INSERT INTO ADAPTED_MESSAGE(APPLICATION_MESSAGE_ID,  ADAPTED_MESSAGE_SEQ, MESSAGE_TEXT, APPLICATION_ID, AUDIENCE_TYPE_ID, LANGUAGE_CD, MESSAGE_TYPE_ID, LOAD_DT, UPDATE_DT, USER_LAST_MODIFY, BRAND_ID)   VALUES ( 323, 8, 'Fusion internationale - Itinérance Internationale - La fusion de minutes a été activée. Vous pouvez maintenant accéder au lot de minutes.', 3, 3, 'FR', 1, sysdate, sysdate, user, null);
INSERT INTO application_error VALUES ( 0,'MP-PWO-IRT-19', 323, 'Now you can pool with others (International Roaming Toll)', sysdate, sysdate, user);


INSERT INTO application_message VALUES (324, 'Disable IRT pooling on this sub', sysdate, sysdate, user);
INSERT INTO ADAPTED_MESSAGE(APPLICATION_MESSAGE_ID,  ADAPTED_MESSAGE_SEQ, MESSAGE_TEXT, APPLICATION_ID, AUDIENCE_TYPE_ID, LANGUAGE_CD, MESSAGE_TYPE_ID, LOAD_DT, UPDATE_DT, USER_LAST_MODIFY, BRAND_ID)   VALUES ( 324, 1, 'International Pool - International Roaming: Minute pooling will be disabled. This subscriber will no longer pool minutes with other pool-enabled subscribers in this pool.', 0, null, 'EN', 1, sysdate, sysdate, user, null);
INSERT INTO ADAPTED_MESSAGE(APPLICATION_MESSAGE_ID,  ADAPTED_MESSAGE_SEQ, MESSAGE_TEXT, APPLICATION_ID, AUDIENCE_TYPE_ID, LANGUAGE_CD, MESSAGE_TYPE_ID, LOAD_DT, UPDATE_DT, USER_LAST_MODIFY, BRAND_ID)   VALUES ( 324, 2, 'Fusion internationale - Itinérance Internationale - La fusion de minutes sera désactivée. Cet abonné ne pourra plus accéder au lot de minutes.', 0, null, 'FR', 1, sysdate, sysdate, user, null);
INSERT INTO ADAPTED_MESSAGE(APPLICATION_MESSAGE_ID,  ADAPTED_MESSAGE_SEQ, MESSAGE_TEXT, APPLICATION_ID, AUDIENCE_TYPE_ID, LANGUAGE_CD, MESSAGE_TYPE_ID, LOAD_DT, UPDATE_DT, USER_LAST_MODIFY, BRAND_ID)   VALUES ( 324, 3, 'International Pool - International Roaming: Minute pooling will be disabled. This subscriber will no longer pool minutes with other pool-enabled subscribers in this pool.', 3, null, 'EN', 1, sysdate, sysdate, user, null);
INSERT INTO ADAPTED_MESSAGE(APPLICATION_MESSAGE_ID,  ADAPTED_MESSAGE_SEQ, MESSAGE_TEXT, APPLICATION_ID, AUDIENCE_TYPE_ID, LANGUAGE_CD, MESSAGE_TYPE_ID, LOAD_DT, UPDATE_DT, USER_LAST_MODIFY, BRAND_ID)   VALUES ( 324, 4, 'Fusion internationale - Itinérance Internationale - La fusion de minutes sera désactivée. Cet abonné ne pourra plus accéder au lot de minutes.', 3, null, 'FR', 1, sysdate, sysdate, user, null);
INSERT INTO ADAPTED_MESSAGE(APPLICATION_MESSAGE_ID,  ADAPTED_MESSAGE_SEQ, MESSAGE_TEXT, APPLICATION_ID, AUDIENCE_TYPE_ID, LANGUAGE_CD, MESSAGE_TYPE_ID, LOAD_DT, UPDATE_DT, USER_LAST_MODIFY, BRAND_ID)   VALUES ( 324, 5, 'International Pool - International Roaming: Minute pooling will be disabled. You will no longer pool minutes with other pool-enabled subscribers in this pool.', 3, 3, 'EN', 1, sysdate, sysdate, user, null);
INSERT INTO ADAPTED_MESSAGE(APPLICATION_MESSAGE_ID,  ADAPTED_MESSAGE_SEQ, MESSAGE_TEXT, APPLICATION_ID, AUDIENCE_TYPE_ID, LANGUAGE_CD, MESSAGE_TYPE_ID, LOAD_DT, UPDATE_DT, USER_LAST_MODIFY, BRAND_ID)   VALUES ( 324, 6, 'Fusion internationale - Itinérance Internationale - La fusion de minutes sera désactivée. Vous ne pourrez plus accéder au lot de minutes.', 3, 3, 'FR', 1, sysdate, sysdate, user, null);
INSERT INTO application_error VALUES ( 0,'MP-DIS-IRT-19', 324, 'Disable IRT pooling on this sub', sysdate, sysdate, user);


INSERT INTO application_message VALUES (325, 'One IRT pooling sub left on account', sysdate, sysdate, user);
INSERT INTO ADAPTED_MESSAGE(APPLICATION_MESSAGE_ID,  ADAPTED_MESSAGE_SEQ, MESSAGE_TEXT, APPLICATION_ID, AUDIENCE_TYPE_ID, LANGUAGE_CD, MESSAGE_TYPE_ID, LOAD_DT, UPDATE_DT, USER_LAST_MODIFY, BRAND_ID)   VALUES ( 325, 1, 'International Pool - International Roaming: This change will leave only one pool-enabled subscriber in this pool with no other subscribers to pool with.', 0, null, 'EN', 3, sysdate, sysdate, user, null);
INSERT INTO ADAPTED_MESSAGE(APPLICATION_MESSAGE_ID,  ADAPTED_MESSAGE_SEQ, MESSAGE_TEXT, APPLICATION_ID, AUDIENCE_TYPE_ID, LANGUAGE_CD, MESSAGE_TYPE_ID, LOAD_DT, UPDATE_DT, USER_LAST_MODIFY, BRAND_ID)   VALUES ( 325, 2, 'Fusion internationale - Itinérance Internationale - En raison de ce changement, il ne reste qu''un seul abonné qui peut accéder au lot de minutes dans ce compte.', 0, null, 'FR', 3, sysdate, sysdate, user, null);
INSERT INTO application_error VALUES ( 0,'MP-LAST-IRT-19', 325, 'One IRT pooling sub left on account', sysdate, sysdate, user);


COMMIT;
